[     296ms] [INFO] %cDownload the React DevTools for a better development experience: https://react.dev/link/react-devtools font-weight:bold @ webpack-internal:///(app-pages-browser)/./node_modules/.pnpm/next@15.2.6_react-dom@19.0.0_react@19.0.0__react@19.0.0/node_modules/next/dist/compiled/react-dom/cjs/react-dom-client.development.js:24914
[     323ms] [ERROR] [PostHog.js] PostHog was initialized without a token. This likely indicates a misconfiguration. Please check the first argument passed to posthog.init() @ webpack-internal:///(app-pages-browser)/./node_modules/.pnpm/next@15.2.6_react-dom@19.0.0_react@19.0.0__react@19.0.0/node_modules/next/dist/client/components/globals/intercept-console-error.js:49
[   10418ms] [LOG] [Fast Refresh] rebuilding @ webpack-internal:///(app-pages-browser)/./node_modules/.pnpm/next@15.2.6_react-dom@19.0.0_react@19.0.0__react@19.0.0/node_modules/next/dist/client/components/react-dev-overlay/app/hot-reloader-client.js:241
[   10481ms] [LOG] [Fast Refresh] rebuilding @ webpack-internal:///(app-pages-browser)/./node_modules/.pnpm/next@15.2.6_react-dom@19.0.0_react@19.0.0__react@19.0.0/node_modules/next/dist/client/components/react-dev-overlay/app/hot-reloader-client.js:241
[   10520ms] [LOG] [Fast Refresh] done in 38ms @ webpack-internal:///(app-pages-browser)/./node_modules/.pnpm/next@15.2.6_react-dom@19.0.0_react@19.0.0__react@19.0.0/node_modules/next/dist/client/components/react-dev-overlay/app/hot-reloader-client.js:73
[   10588ms] [LOG] [Fast Refresh] done in 107ms @ webpack-internal:///(app-pages-browser)/./node_modules/.pnpm/next@15.2.6_react-dom@19.0.0_react@19.0.0__react@19.0.0/node_modules/next/dist/client/components/react-dev-overlay/app/hot-reloader-client.js:73
[   10624ms] [LOG] [Fast Refresh] rebuilding @ webpack-internal:///(app-pages-browser)/./node_modules/.pnpm/next@15.2.6_react-dom@19.0.0_react@19.0.0__react@19.0.0/node_modules/next/dist/client/components/react-dev-overlay/app/hot-reloader-client.js:241
[   10698ms] [LOG] [Fast Refresh] done in 73ms @ webpack-internal:///(app-pages-browser)/./node_modules/.pnpm/next@15.2.6_react-dom@19.0.0_react@19.0.0__react@19.0.0/node_modules/next/dist/client/components/react-dev-overlay/app/hot-reloader-client.js:73
[   10726ms] [LOG] [Fast Refresh] rebuilding @ webpack-internal:///(app-pages-browser)/./node_modules/.pnpm/next@15.2.6_react-dom@19.0.0_react@19.0.0__react@19.0.0/node_modules/next/dist/client/components/react-dev-overlay/app/hot-reloader-client.js:241
[   10822ms] [LOG] [Fast Refresh] done in 96ms @ webpack-internal:///(app-pages-browser)/./node_modules/.pnpm/next@15.2.6_react-dom@19.0.0_react@19.0.0__react@19.0.0/node_modules/next/dist/client/components/react-dev-overlay/app/hot-reloader-client.js:73
[   10875ms] [LOG] [Fast Refresh] rebuilding @ webpack-internal:///(app-pages-browser)/./node_modules/.pnpm/next@15.2.6_react-dom@19.0.0_react@19.0.0__react@19.0.0/node_modules/next/dist/client/components/react-dev-overlay/app/hot-reloader-client.js:241
[   10957ms] [LOG] [Fast Refresh] done in 82ms @ webpack-internal:///(app-pages-browser)/./node_modules/.pnpm/next@15.2.6_react-dom@19.0.0_react@19.0.0__react@19.0.0/node_modules/next/dist/client/components/react-dev-overlay/app/hot-reloader-client.js:73
[   10979ms] [LOG] [Fast Refresh] rebuilding @ webpack-internal:///(app-pages-browser)/./node_modules/.pnpm/next@15.2.6_react-dom@19.0.0_react@19.0.0__react@19.0.0/node_modules/next/dist/client/components/react-dev-overlay/app/hot-reloader-client.js:241
[   11064ms] [LOG] [Fast Refresh] done in 84ms @ webpack-internal:///(app-pages-browser)/./node_modules/.pnpm/next@15.2.6_react-dom@19.0.0_react@19.0.0__react@19.0.0/node_modules/next/dist/client/components/react-dev-overlay/app/hot-reloader-client.js:73
[   11083ms] [LOG] [Fast Refresh] rebuilding @ webpack-internal:///(app-pages-browser)/./node_modules/.pnpm/next@15.2.6_react-dom@19.0.0_react@19.0.0__react@19.0.0/node_modules/next/dist/client/components/react-dev-overlay/app/hot-reloader-client.js:241
[   11171ms] [LOG] [Fast Refresh] done in 88ms @ webpack-internal:///(app-pages-browser)/./node_modules/.pnpm/next@15.2.6_react-dom@19.0.0_react@19.0.0__react@19.0.0/node_modules/next/dist/client/components/react-dev-overlay/app/hot-reloader-client.js:73
[   11184ms] [LOG] [Fast Refresh] rebuilding @ webpack-internal:///(app-pages-browser)/./node_modules/.pnpm/next@15.2.6_react-dom@19.0.0_react@19.0.0__react@19.0.0/node_modules/next/dist/client/components/react-dev-overlay/app/hot-reloader-client.js:241
[   11293ms] [LOG] [Fast Refresh] done in 110ms @ webpack-internal:///(app-pages-browser)/./node_modules/.pnpm/next@15.2.6_react-dom@19.0.0_react@19.0.0__react@19.0.0/node_modules/next/dist/client/components/react-dev-overlay/app/hot-reloader-client.js:73
[   11334ms] [LOG] [Fast Refresh] rebuilding @ webpack-internal:///(app-pages-browser)/./node_modules/.pnpm/next@15.2.6_react-dom@19.0.0_react@19.0.0__react@19.0.0/node_modules/next/dist/client/components/react-dev-overlay/app/hot-reloader-client.js:241
[   11393ms] [LOG] [Fast Refresh] rebuilding @ webpack-internal:///(app-pages-browser)/./node_modules/.pnpm/next@15.2.6_react-dom@19.0.0_react@19.0.0__react@19.0.0/node_modules/next/dist/client/components/react-dev-overlay/app/hot-reloader-client.js:241
[   11430ms] [LOG] [Fast Refresh] done in 38ms @ webpack-internal:///(app-pages-browser)/./node_modules/.pnpm/next@15.2.6_react-dom@19.0.0_react@19.0.0__react@19.0.0/node_modules/next/dist/client/components/react-dev-overlay/app/hot-reloader-client.js:73
[   11478ms] [LOG] [Fast Refresh] done in 86ms @ webpack-internal:///(app-pages-browser)/./node_modules/.pnpm/next@15.2.6_react-dom@19.0.0_react@19.0.0__react@19.0.0/node_modules/next/dist/client/components/react-dev-overlay/app/hot-reloader-client.js:73
[   11492ms] [LOG] [Fast Refresh] rebuilding @ webpack-internal:///(app-pages-browser)/./node_modules/.pnpm/next@15.2.6_react-dom@19.0.0_react@19.0.0__react@19.0.0/node_modules/next/dist/client/components/react-dev-overlay/app/hot-reloader-client.js:241
[   11581ms] [LOG] [Fast Refresh] done in 89ms @ webpack-internal:///(app-pages-browser)/./node_modules/.pnpm/next@15.2.6_react-dom@19.0.0_react@19.0.0__react@19.0.0/node_modules/next/dist/client/components/react-dev-overlay/app/hot-reloader-client.js:73
[   11637ms] [LOG] [Fast Refresh] rebuilding @ webpack-internal:///(app-pages-browser)/./node_modules/.pnpm/next@15.2.6_react-dom@19.0.0_react@19.0.0__react@19.0.0/node_modules/next/dist/client/components/react-dev-overlay/app/hot-reloader-client.js:241
[   11697ms] [LOG] [Fast Refresh] rebuilding @ webpack-internal:///(app-pages-browser)/./node_modules/.pnpm/next@15.2.6_react-dom@19.0.0_react@19.0.0__react@19.0.0/node_modules/next/dist/client/components/react-dev-overlay/app/hot-reloader-client.js:241
[   11722ms] [LOG] [Fast Refresh] done in 26ms @ webpack-internal:///(app-pages-browser)/./node_modules/.pnpm/next@15.2.6_react-dom@19.0.0_react@19.0.0__react@19.0.0/node_modules/next/dist/client/components/react-dev-overlay/app/hot-reloader-client.js:73
[   11806ms] [LOG] [Fast Refresh] done in 110ms @ webpack-internal:///(app-pages-browser)/./node_modules/.pnpm/next@15.2.6_react-dom@19.0.0_react@19.0.0__react@19.0.0/node_modules/next/dist/client/components/react-dev-overlay/app/hot-reloader-client.js:73
[   11841ms] [LOG] [Fast Refresh] rebuilding @ webpack-internal:///(app-pages-browser)/./node_modules/.pnpm/next@15.2.6_react-dom@19.0.0_react@19.0.0__react@19.0.0/node_modules/next/dist/client/components/react-dev-overlay/app/hot-reloader-client.js:241
[   11901ms] [LOG] [Fast Refresh] rebuilding @ webpack-internal:///(app-pages-browser)/./node_modules/.pnpm/next@15.2.6_react-dom@19.0.0_react@19.0.0__react@19.0.0/node_modules/next/dist/client/components/react-dev-overlay/app/hot-reloader-client.js:241
[   11933ms] [LOG] [Fast Refresh] done in 33ms @ webpack-internal:///(app-pages-browser)/./node_modules/.pnpm/next@15.2.6_react-dom@19.0.0_react@19.0.0__react@19.0.0/node_modules/next/dist/client/components/react-dev-overlay/app/hot-reloader-client.js:73
[   12004ms] [LOG] [Fast Refresh] done in 104ms @ webpack-internal:///(app-pages-browser)/./node_modules/.pnpm/next@15.2.6_react-dom@19.0.0_react@19.0.0__react@19.0.0/node_modules/next/dist/client/components/react-dev-overlay/app/hot-reloader-client.js:73
[   12043ms] [LOG] [Fast Refresh] rebuilding @ webpack-internal:///(app-pages-browser)/./node_modules/.pnpm/next@15.2.6_react-dom@19.0.0_react@19.0.0__react@19.0.0/node_modules/next/dist/client/components/react-dev-overlay/app/hot-reloader-client.js:241
[   12102ms] [LOG] [Fast Refresh] rebuilding @ webpack-internal:///(app-pages-browser)/./node_modules/.pnpm/next@15.2.6_react-dom@19.0.0_react@19.0.0__react@19.0.0/node_modules/next/dist/client/components/react-dev-overlay/app/hot-reloader-client.js:241
[   12124ms] [LOG] [Fast Refresh] done in 22ms @ webpack-internal:///(app-pages-browser)/./node_modules/.pnpm/next@15.2.6_react-dom@19.0.0_react@19.0.0__react@19.0.0/node_modules/next/dist/client/components/react-dev-overlay/app/hot-reloader-client.js:73
[   12208ms] [LOG] [Fast Refresh] done in 106ms @ webpack-internal:///(app-pages-browser)/./node_modules/.pnpm/next@15.2.6_react-dom@19.0.0_react@19.0.0__react@19.0.0/node_modules/next/dist/client/components/react-dev-overlay/app/hot-reloader-client.js:73
[   12246ms] [LOG] [Fast Refresh] rebuilding @ webpack-internal:///(app-pages-browser)/./node_modules/.pnpm/next@15.2.6_react-dom@19.0.0_react@19.0.0__react@19.0.0/node_modules/next/dist/client/components/react-dev-overlay/app/hot-reloader-client.js:241
[   12349ms] [LOG] [Fast Refresh] done in 104ms @ webpack-internal:///(app-pages-browser)/./node_modules/.pnpm/next@15.2.6_react-dom@19.0.0_react@19.0.0__react@19.0.0/node_modules/next/dist/client/components/react-dev-overlay/app/hot-reloader-client.js:73
[   12398ms] [LOG] [Fast Refresh] rebuilding @ webpack-internal:///(app-pages-browser)/./node_modules/.pnpm/next@15.2.6_react-dom@19.0.0_react@19.0.0__react@19.0.0/node_modules/next/dist/client/components/react-dev-overlay/app/hot-reloader-client.js:241
[   12458ms] [LOG] [Fast Refresh] rebuilding @ webpack-internal:///(app-pages-browser)/./node_modules/.pnpm/next@15.2.6_react-dom@19.0.0_react@19.0.0__react@19.0.0/node_modules/next/dist/client/components/react-dev-overlay/app/hot-reloader-client.js:241
[   12496ms] [LOG] [Fast Refresh] done in 39ms @ webpack-internal:///(app-pages-browser)/./node_modules/.pnpm/next@15.2.6_react-dom@19.0.0_react@19.0.0__react@19.0.0/node_modules/next/dist/client/components/react-dev-overlay/app/hot-reloader-client.js:73
[   12546ms] [LOG] [Fast Refresh] done in 88ms @ webpack-internal:///(app-pages-browser)/./node_modules/.pnpm/next@15.2.6_react-dom@19.0.0_react@19.0.0__react@19.0.0/node_modules/next/dist/client/components/react-dev-overlay/app/hot-reloader-client.js:73
[   12554ms] [LOG] [Fast Refresh] rebuilding @ webpack-internal:///(app-pages-browser)/./node_modules/.pnpm/next@15.2.6_react-dom@19.0.0_react@19.0.0__react@19.0.0/node_modules/next/dist/client/components/react-dev-overlay/app/hot-reloader-client.js:241
[   12632ms] [LOG] [Fast Refresh] done in 78ms @ webpack-internal:///(app-pages-browser)/./node_modules/.pnpm/next@15.2.6_react-dom@19.0.0_react@19.0.0__react@19.0.0/node_modules/next/dist/client/components/react-dev-overlay/app/hot-reloader-client.js:73
[   12653ms] [LOG] [Fast Refresh] rebuilding @ webpack-internal:///(app-pages-browser)/./node_modules/.pnpm/next@15.2.6_react-dom@19.0.0_react@19.0.0__react@19.0.0/node_modules/next/dist/client/components/react-dev-overlay/app/hot-reloader-client.js:241
[   12734ms] [LOG] [Fast Refresh] done in 82ms @ webpack-internal:///(app-pages-browser)/./node_modules/.pnpm/next@15.2.6_react-dom@19.0.0_react@19.0.0__react@19.0.0/node_modules/next/dist/client/components/react-dev-overlay/app/hot-reloader-client.js:73
[   12762ms] [LOG] [Fast Refresh] rebuilding @ webpack-internal:///(app-pages-browser)/./node_modules/.pnpm/next@15.2.6_react-dom@19.0.0_react@19.0.0__react@19.0.0/node_modules/next/dist/client/components/react-dev-overlay/app/hot-reloader-client.js:241
[   12832ms] [LOG] [Fast Refresh] done in 70ms @ webpack-internal:///(app-pages-browser)/./node_modules/.pnpm/next@15.2.6_react-dom@19.0.0_react@19.0.0__react@19.0.0/node_modules/next/dist/client/components/react-dev-overlay/app/hot-reloader-client.js:73
[   12860ms] [LOG] [Fast Refresh] rebuilding @ webpack-internal:///(app-pages-browser)/./node_modules/.pnpm/next@15.2.6_react-dom@19.0.0_react@19.0.0__react@19.0.0/node_modules/next/dist/client/components/react-dev-overlay/app/hot-reloader-client.js:241
[   12937ms] [LOG] [Fast Refresh] done in 77ms @ webpack-internal:///(app-pages-browser)/./node_modules/.pnpm/next@15.2.6_react-dom@19.0.0_react@19.0.0__react@19.0.0/node_modules/next/dist/client/components/react-dev-overlay/app/hot-reloader-client.js:73
[   12959ms] [LOG] [Fast Refresh] rebuilding @ webpack-internal:///(app-pages-browser)/./node_modules/.pnpm/next@15.2.6_react-dom@19.0.0_react@19.0.0__react@19.0.0/node_modules/next/dist/client/components/react-dev-overlay/app/hot-reloader-client.js:241
[   13036ms] [LOG] [Fast Refresh] done in 76ms @ webpack-internal:///(app-pages-browser)/./node_modules/.pnpm/next@15.2.6_react-dom@19.0.0_react@19.0.0__react@19.0.0/node_modules/next/dist/client/components/react-dev-overlay/app/hot-reloader-client.js:73
[   13062ms] [LOG] [Fast Refresh] rebuilding @ webpack-internal:///(app-pages-browser)/./node_modules/.pnpm/next@15.2.6_react-dom@19.0.0_react@19.0.0__react@19.0.0/node_modules/next/dist/client/components/react-dev-overlay/app/hot-reloader-client.js:241
[   13137ms] [LOG] [Fast Refresh] done in 75ms @ webpack-internal:///(app-pages-browser)/./node_modules/.pnpm/next@15.2.6_react-dom@19.0.0_react@19.0.0__react@19.0.0/node_modules/next/dist/client/components/react-dev-overlay/app/hot-reloader-client.js:73
[   13169ms] [LOG] [Fast Refresh] rebuilding @ webpack-internal:///(app-pages-browser)/./node_modules/.pnpm/next@15.2.6_react-dom@19.0.0_react@19.0.0__react@19.0.0/node_modules/next/dist/client/components/react-dev-overlay/app/hot-reloader-client.js:241
[   13240ms] [LOG] [Fast Refresh] done in 70ms @ webpack-internal:///(app-pages-browser)/./node_modules/.pnpm/next@15.2.6_react-dom@19.0.0_react@19.0.0__react@19.0.0/node_modules/next/dist/client/components/react-dev-overlay/app/hot-reloader-client.js:73
[   13262ms] [LOG] [Fast Refresh] rebuilding @ webpack-internal:///(app-pages-browser)/./node_modules/.pnpm/next@15.2.6_react-dom@19.0.0_react@19.0.0__react@19.0.0/node_modules/next/dist/client/components/react-dev-overlay/app/hot-reloader-client.js:241
[   13345ms] [LOG] [Fast Refresh] done in 84ms @ webpack-internal:///(app-pages-browser)/./node_modules/.pnpm/next@15.2.6_react-dom@19.0.0_react@19.0.0__react@19.0.0/node_modules/next/dist/client/components/react-dev-overlay/app/hot-reloader-client.js:73
[   13366ms] [LOG] [Fast Refresh] rebuilding @ webpack-internal:///(app-pages-browser)/./node_modules/.pnpm/next@15.2.6_react-dom@19.0.0_react@19.0.0__react@19.0.0/node_modules/next/dist/client/components/react-dev-overlay/app/hot-reloader-client.js:241
[   13425ms] [LOG] [Fast Refresh] rebuilding @ webpack-internal:///(app-pages-browser)/./node_modules/.pnpm/next@15.2.6_react-dom@19.0.0_react@19.0.0__react@19.0.0/node_modules/next/dist/client/components/react-dev-overlay/app/hot-reloader-client.js:241
[   13444ms] [LOG] [Fast Refresh] done in 20ms @ webpack-internal:///(app-pages-browser)/./node_modules/.pnpm/next@15.2.6_react-dom@19.0.0_react@19.0.0__react@19.0.0/node_modules/next/dist/client/components/react-dev-overlay/app/hot-reloader-client.js:73
[   13494ms] [LOG] [Fast Refresh] done in 70ms @ webpack-internal:///(app-pages-browser)/./node_modules/.pnpm/next@15.2.6_react-dom@19.0.0_react@19.0.0__react@19.0.0/node_modules/next/dist/client/components/react-dev-overlay/app/hot-reloader-client.js:73
[   13521ms] [LOG] [Fast Refresh] rebuilding @ webpack-internal:///(app-pages-browser)/./node_modules/.pnpm/next@15.2.6_react-dom@19.0.0_react@19.0.0__react@19.0.0/node_modules/next/dist/client/components/react-dev-overlay/app/hot-reloader-client.js:241
[   13595ms] [LOG] [Fast Refresh] done in 75ms @ webpack-internal:///(app-pages-browser)/./node_modules/.pnpm/next@15.2.6_react-dom@19.0.0_react@19.0.0__react@19.0.0/node_modules/next/dist/client/components/react-dev-overlay/app/hot-reloader-client.js:73
[   13641ms] [LOG] [Fast Refresh] rebuilding @ webpack-internal:///(app-pages-browser)/./node_modules/.pnpm/next@15.2.6_react-dom@19.0.0_react@19.0.0__react@19.0.0/node_modules/next/dist/client/components/react-dev-overlay/app/hot-reloader-client.js:241
[   13725ms] [LOG] [Fast Refresh] done in 83ms @ webpack-internal:///(app-pages-browser)/./node_modules/.pnpm/next@15.2.6_react-dom@19.0.0_react@19.0.0__react@19.0.0/node_modules/next/dist/client/components/react-dev-overlay/app/hot-reloader-client.js:73
[   13772ms] [LOG] [Fast Refresh] rebuilding @ webpack-internal:///(app-pages-browser)/./node_modules/.pnpm/next@15.2.6_react-dom@19.0.0_react@19.0.0__react@19.0.0/node_modules/next/dist/client/components/react-dev-overlay/app/hot-reloader-client.js:241
[   13845ms] [LOG] [Fast Refresh] done in 73ms @ webpack-internal:///(app-pages-browser)/./node_modules/.pnpm/next@15.2.6_react-dom@19.0.0_react@19.0.0__react@19.0.0/node_modules/next/dist/client/components/react-dev-overlay/app/hot-reloader-client.js:73
[   13875ms] [LOG] [Fast Refresh] rebuilding @ webpack-internal:///(app-pages-browser)/./node_modules/.pnpm/next@15.2.6_react-dom@19.0.0_react@19.0.0__react@19.0.0/node_modules/next/dist/client/components/react-dev-overlay/app/hot-reloader-client.js:241
[   13953ms] [LOG] [Fast Refresh] done in 78ms @ webpack-internal:///(app-pages-browser)/./node_modules/.pnpm/next@15.2.6_react-dom@19.0.0_react@19.0.0__react@19.0.0/node_modules/next/dist/client/components/react-dev-overlay/app/hot-reloader-client.js:73
[   13984ms] [LOG] [Fast Refresh] rebuilding @ webpack-internal:///(app-pages-browser)/./node_modules/.pnpm/next@15.2.6_react-dom@19.0.0_react@19.0.0__react@19.0.0/node_modules/next/dist/client/components/react-dev-overlay/app/hot-reloader-client.js:241
[   14055ms] [LOG] [Fast Refresh] done in 71ms @ webpack-internal:///(app-pages-browser)/./node_modules/.pnpm/next@15.2.6_react-dom@19.0.0_react@19.0.0__react@19.0.0/node_modules/next/dist/client/components/react-dev-overlay/app/hot-reloader-client.js:73
[   14083ms] [LOG] [Fast Refresh] rebuilding @ webpack-internal:///(app-pages-browser)/./node_modules/.pnpm/next@15.2.6_react-dom@19.0.0_react@19.0.0__react@19.0.0/node_modules/next/dist/client/components/react-dev-overlay/app/hot-reloader-client.js:241
[   14156ms] [LOG] [Fast Refresh] done in 73ms @ webpack-internal:///(app-pages-browser)/./node_modules/.pnpm/next@15.2.6_react-dom@19.0.0_react@19.0.0__react@19.0.0/node_modules/next/dist/client/components/react-dev-overlay/app/hot-reloader-client.js:73
[   14178ms] [LOG] [Fast Refresh] rebuilding @ webpack-internal:///(app-pages-browser)/./node_modules/.pnpm/next@15.2.6_react-dom@19.0.0_react@19.0.0__react@19.0.0/node_modules/next/dist/client/components/react-dev-overlay/app/hot-reloader-client.js:241
[   14236ms] [LOG] [Fast Refresh] rebuilding @ webpack-internal:///(app-pages-browser)/./node_modules/.pnpm/next@15.2.6_react-dom@19.0.0_react@19.0.0__react@19.0.0/node_modules/next/dist/client/components/react-dev-overlay/app/hot-reloader-client.js:241
[   14259ms] [LOG] [Fast Refresh] done in 23ms @ webpack-internal:///(app-pages-browser)/./node_modules/.pnpm/next@15.2.6_react-dom@19.0.0_react@19.0.0__react@19.0.0/node_modules/next/dist/client/components/react-dev-overlay/app/hot-reloader-client.js:73
[   14321ms] [LOG] [Fast Refresh] done in 86ms @ webpack-internal:///(app-pages-browser)/./node_modules/.pnpm/next@15.2.6_react-dom@19.0.0_react@19.0.0__react@19.0.0/node_modules/next/dist/client/components/react-dev-overlay/app/hot-reloader-client.js:73
[   14333ms] [LOG] [Fast Refresh] rebuilding @ webpack-internal:///(app-pages-browser)/./node_modules/.pnpm/next@15.2.6_react-dom@19.0.0_react@19.0.0__react@19.0.0/node_modules/next/dist/client/components/react-dev-overlay/app/hot-reloader-client.js:241
[   14414ms] [LOG] [Fast Refresh] done in 81ms @ webpack-internal:///(app-pages-browser)/./node_modules/.pnpm/next@15.2.6_react-dom@19.0.0_react@19.0.0__react@19.0.0/node_modules/next/dist/client/components/react-dev-overlay/app/hot-reloader-client.js:73
[   14436ms] [LOG] [Fast Refresh] rebuilding @ webpack-internal:///(app-pages-browser)/./node_modules/.pnpm/next@15.2.6_react-dom@19.0.0_react@19.0.0__react@19.0.0/node_modules/next/dist/client/components/react-dev-overlay/app/hot-reloader-client.js:241
[   14516ms] [LOG] [Fast Refresh] done in 79ms @ webpack-internal:///(app-pages-browser)/./node_modules/.pnpm/next@15.2.6_react-dom@19.0.0_react@19.0.0__react@19.0.0/node_modules/next/dist/client/components/react-dev-overlay/app/hot-reloader-client.js:73
[   14533ms] [LOG] [Fast Refresh] rebuilding @ webpack-internal:///(app-pages-browser)/./node_modules/.pnpm/next@15.2.6_react-dom@19.0.0_react@19.0.0__react@19.0.0/node_modules/next/dist/client/components/react-dev-overlay/app/hot-reloader-client.js:241
[   14643ms] [LOG] [Fast Refresh] done in 109ms @ webpack-internal:///(app-pages-browser)/./node_modules/.pnpm/next@15.2.6_react-dom@19.0.0_react@19.0.0__react@19.0.0/node_modules/next/dist/client/components/react-dev-overlay/app/hot-reloader-client.js:73
[   14684ms] [LOG] [Fast Refresh] rebuilding @ webpack-internal:///(app-pages-browser)/./node_modules/.pnpm/next@15.2.6_react-dom@19.0.0_react@19.0.0__react@19.0.0/node_modules/next/dist/client/components/react-dev-overlay/app/hot-reloader-client.js:241
[   14761ms] [LOG] [Fast Refresh] done in 76ms @ webpack-internal:///(app-pages-browser)/./node_modules/.pnpm/next@15.2.6_react-dom@19.0.0_react@19.0.0__react@19.0.0/node_modules/next/dist/client/components/react-dev-overlay/app/hot-reloader-client.js:73
[   14786ms] [LOG] [Fast Refresh] rebuilding @ webpack-internal:///(app-pages-browser)/./node_modules/.pnpm/next@15.2.6_react-dom@19.0.0_react@19.0.0__react@19.0.0/node_modules/next/dist/client/components/react-dev-overlay/app/hot-reloader-client.js:241
[   14865ms] [LOG] [Fast Refresh] done in 79ms @ webpack-internal:///(app-pages-browser)/./node_modules/.pnpm/next@15.2.6_react-dom@19.0.0_react@19.0.0__react@19.0.0/node_modules/next/dist/client/components/react-dev-overlay/app/hot-reloader-client.js:73
[   14893ms] [LOG] [Fast Refresh] rebuilding @ webpack-internal:///(app-pages-browser)/./node_modules/.pnpm/next@15.2.6_react-dom@19.0.0_react@19.0.0__react@19.0.0/node_modules/next/dist/client/components/react-dev-overlay/app/hot-reloader-client.js:241
[   14971ms] [LOG] [Fast Refresh] done in 77ms @ webpack-internal:///(app-pages-browser)/./node_modules/.pnpm/next@15.2.6_react-dom@19.0.0_react@19.0.0__react@19.0.0/node_modules/next/dist/client/components/react-dev-overlay/app/hot-reloader-client.js:73
[   14995ms] [LOG] [Fast Refresh] rebuilding @ webpack-internal:///(app-pages-browser)/./node_modules/.pnpm/next@15.2.6_react-dom@19.0.0_react@19.0.0__react@19.0.0/node_modules/next/dist/client/components/react-dev-overlay/app/hot-reloader-client.js:241
[   15069ms] [LOG] [Fast Refresh] done in 75ms @ webpack-internal:///(app-pages-browser)/./node_modules/.pnpm/next@15.2.6_react-dom@19.0.0_react@19.0.0__react@19.0.0/node_modules/next/dist/client/components/react-dev-overlay/app/hot-reloader-client.js:73
[   15095ms] [LOG] [Fast Refresh] rebuilding @ webpack-internal:///(app-pages-browser)/./node_modules/.pnpm/next@15.2.6_react-dom@19.0.0_react@19.0.0__react@19.0.0/node_modules/next/dist/client/components/react-dev-overlay/app/hot-reloader-client.js:241
[   15168ms] [LOG] [Fast Refresh] done in 74ms @ webpack-internal:///(app-pages-browser)/./node_modules/.pnpm/next@15.2.6_react-dom@19.0.0_react@19.0.0__react@19.0.0/node_modules/next/dist/client/components/react-dev-overlay/app/hot-reloader-client.js:73
[   15194ms] [LOG] [Fast Refresh] rebuilding @ webpack-internal:///(app-pages-browser)/./node_modules/.pnpm/next@15.2.6_react-dom@19.0.0_react@19.0.0__react@19.0.0/node_modules/next/dist/client/components/react-dev-overlay/app/hot-reloader-client.js:241
[   15271ms] [LOG] [Fast Refresh] done in 77ms @ webpack-internal:///(app-pages-browser)/./node_modules/.pnpm/next@15.2.6_react-dom@19.0.0_react@19.0.0__react@19.0.0/node_modules/next/dist/client/components/react-dev-overlay/app/hot-reloader-client.js:73
[   15295ms] [LOG] [Fast Refresh] rebuilding @ webpack-internal:///(app-pages-browser)/./node_modules/.pnpm/next@15.2.6_react-dom@19.0.0_react@19.0.0__react@19.0.0/node_modules/next/dist/client/components/react-dev-overlay/app/hot-reloader-client.js:241
[   15356ms] [LOG] [Fast Refresh] rebuilding @ webpack-internal:///(app-pages-browser)/./node_modules/.pnpm/next@15.2.6_react-dom@19.0.0_react@19.0.0__react@19.0.0/node_modules/next/dist/client/components/react-dev-overlay/app/hot-reloader-client.js:241
[   15380ms] [LOG] [Fast Refresh] done in 25ms @ webpack-internal:///(app-pages-browser)/./node_modules/.pnpm/next@15.2.6_react-dom@19.0.0_react@19.0.0__react@19.0.0/node_modules/next/dist/client/components/react-dev-overlay/app/hot-reloader-client.js:73
[   15435ms] [LOG] [Fast Refresh] done in 79ms @ webpack-internal:///(app-pages-browser)/./node_modules/.pnpm/next@15.2.6_react-dom@19.0.0_react@19.0.0__react@19.0.0/node_modules/next/dist/client/components/react-dev-overlay/app/hot-reloader-client.js:73
[   15452ms] [LOG] [Fast Refresh] rebuilding @ webpack-internal:///(app-pages-browser)/./node_modules/.pnpm/next@15.2.6_react-dom@19.0.0_react@19.0.0__react@19.0.0/node_modules/next/dist/client/components/react-dev-overlay/app/hot-reloader-client.js:241
[   15555ms] [LOG] [Fast Refresh] done in 103ms @ webpack-internal:///(app-pages-browser)/./node_modules/.pnpm/next@15.2.6_react-dom@19.0.0_react@19.0.0__react@19.0.0/node_modules/next/dist/client/components/react-dev-overlay/app/hot-reloader-client.js:73
[   15599ms] [LOG] [Fast Refresh] rebuilding @ webpack-internal:///(app-pages-browser)/./node_modules/.pnpm/next@15.2.6_react-dom@19.0.0_react@19.0.0__react@19.0.0/node_modules/next/dist/client/components/react-dev-overlay/app/hot-reloader-client.js:241
[   15655ms] [LOG] [Fast Refresh] rebuilding @ webpack-internal:///(app-pages-browser)/./node_modules/.pnpm/next@15.2.6_react-dom@19.0.0_react@19.0.0__react@19.0.0/node_modules/next/dist/client/components/react-dev-overlay/app/hot-reloader-client.js:241
[   15674ms] [LOG] [Fast Refresh] done in 20ms @ webpack-internal:///(app-pages-browser)/./node_modules/.pnpm/next@15.2.6_react-dom@19.0.0_react@19.0.0__react@19.0.0/node_modules/next/dist/client/components/react-dev-overlay/app/hot-reloader-client.js:73
[   15760ms] [LOG] [Fast Refresh] done in 105ms @ webpack-internal:///(app-pages-browser)/./node_modules/.pnpm/next@15.2.6_react-dom@19.0.0_react@19.0.0__react@19.0.0/node_modules/next/dist/client/components/react-dev-overlay/app/hot-reloader-client.js:73
[   15802ms] [LOG] [Fast Refresh] rebuilding @ webpack-internal:///(app-pages-browser)/./node_modules/.pnpm/next@15.2.6_react-dom@19.0.0_react@19.0.0__react@19.0.0/node_modules/next/dist/client/components/react-dev-overlay/app/hot-reloader-client.js:241
[   15858ms] [LOG] [Fast Refresh] rebuilding @ webpack-internal:///(app-pages-browser)/./node_modules/.pnpm/next@15.2.6_react-dom@19.0.0_react@19.0.0__react@19.0.0/node_modules/next/dist/client/components/react-dev-overlay/app/hot-reloader-client.js:241
[   15883ms] [LOG] [Fast Refresh] done in 25ms @ webpack-internal:///(app-pages-browser)/./node_modules/.pnpm/next@15.2.6_react-dom@19.0.0_react@19.0.0__react@19.0.0/node_modules/next/dist/client/components/react-dev-overlay/app/hot-reloader-client.js:73
[   15931ms] [LOG] [Fast Refresh] done in 73ms @ webpack-internal:///(app-pages-browser)/./node_modules/.pnpm/next@15.2.6_react-dom@19.0.0_react@19.0.0__react@19.0.0/node_modules/next/dist/client/components/react-dev-overlay/app/hot-reloader-client.js:73
[   15954ms] [LOG] [Fast Refresh] rebuilding @ webpack-internal:///(app-pages-browser)/./node_modules/.pnpm/next@15.2.6_react-dom@19.0.0_react@19.0.0__react@19.0.0/node_modules/next/dist/client/components/react-dev-overlay/app/hot-reloader-client.js:241
[   16036ms] [LOG] [Fast Refresh] done in 81ms @ webpack-internal:///(app-pages-browser)/./node_modules/.pnpm/next@15.2.6_react-dom@19.0.0_react@19.0.0__react@19.0.0/node_modules/next/dist/client/components/react-dev-overlay/app/hot-reloader-client.js:73
[   16061ms] [LOG] [Fast Refresh] rebuilding @ webpack-internal:///(app-pages-browser)/./node_modules/.pnpm/next@15.2.6_react-dom@19.0.0_react@19.0.0__react@19.0.0/node_modules/next/dist/client/components/react-dev-overlay/app/hot-reloader-client.js:241
[   16136ms] [LOG] [Fast Refresh] done in 75ms @ webpack-internal:///(app-pages-browser)/./node_modules/.pnpm/next@15.2.6_react-dom@19.0.0_react@19.0.0__react@19.0.0/node_modules/next/dist/client/components/react-dev-overlay/app/hot-reloader-client.js:73
[   16160ms] [LOG] [Fast Refresh] rebuilding @ webpack-internal:///(app-pages-browser)/./node_modules/.pnpm/next@15.2.6_react-dom@19.0.0_react@19.0.0__react@19.0.0/node_modules/next/dist/client/components/react-dev-overlay/app/hot-reloader-client.js:241
[   16233ms] [LOG] [Fast Refresh] done in 72ms @ webpack-internal:///(app-pages-browser)/./node_modules/.pnpm/next@15.2.6_react-dom@19.0.0_react@19.0.0__react@19.0.0/node_modules/next/dist/client/components/react-dev-overlay/app/hot-reloader-client.js:73
[   16260ms] [LOG] [Fast Refresh] rebuilding @ webpack-internal:///(app-pages-browser)/./node_modules/.pnpm/next@15.2.6_react-dom@19.0.0_react@19.0.0__react@19.0.0/node_modules/next/dist/client/components/react-dev-overlay/app/hot-reloader-client.js:241
[   16333ms] [LOG] [Fast Refresh] done in 72ms @ webpack-internal:///(app-pages-browser)/./node_modules/.pnpm/next@15.2.6_react-dom@19.0.0_react@19.0.0__react@19.0.0/node_modules/next/dist/client/components/react-dev-overlay/app/hot-reloader-client.js:73
[   16360ms] [LOG] [Fast Refresh] rebuilding @ webpack-internal:///(app-pages-browser)/./node_modules/.pnpm/next@15.2.6_react-dom@19.0.0_react@19.0.0__react@19.0.0/node_modules/next/dist/client/components/react-dev-overlay/app/hot-reloader-client.js:241
[   16448ms] [LOG] [Fast Refresh] done in 88ms @ webpack-internal:///(app-pages-browser)/./node_modules/.pnpm/next@15.2.6_react-dom@19.0.0_react@19.0.0__react@19.0.0/node_modules/next/dist/client/components/react-dev-overlay/app/hot-reloader-client.js:73
[   16465ms] [LOG] [Fast Refresh] rebuilding @ webpack-internal:///(app-pages-browser)/./node_modules/.pnpm/next@15.2.6_react-dom@19.0.0_react@19.0.0__react@19.0.0/node_modules/next/dist/client/components/react-dev-overlay/app/hot-reloader-client.js:241
[   16545ms] [LOG] [Fast Refresh] done in 80ms @ webpack-internal:///(app-pages-browser)/./node_modules/.pnpm/next@15.2.6_react-dom@19.0.0_react@19.0.0__react@19.0.0/node_modules/next/dist/client/components/react-dev-overlay/app/hot-reloader-client.js:73
[   16571ms] [LOG] [Fast Refresh] rebuilding @ webpack-internal:///(app-pages-browser)/./node_modules/.pnpm/next@15.2.6_react-dom@19.0.0_react@19.0.0__react@19.0.0/node_modules/next/dist/client/components/react-dev-overlay/app/hot-reloader-client.js:241
[   16643ms] [LOG] [Fast Refresh] done in 73ms @ webpack-internal:///(app-pages-browser)/./node_modules/.pnpm/next@15.2.6_react-dom@19.0.0_react@19.0.0__react@19.0.0/node_modules/next/dist/client/components/react-dev-overlay/app/hot-reloader-client.js:73
[   16669ms] [LOG] [Fast Refresh] rebuilding @ webpack-internal:///(app-pages-browser)/./node_modules/.pnpm/next@15.2.6_react-dom@19.0.0_react@19.0.0__react@19.0.0/node_modules/next/dist/client/components/react-dev-overlay/app/hot-reloader-client.js:241
[   16758ms] [LOG] [Fast Refresh] done in 89ms @ webpack-internal:///(app-pages-browser)/./node_modules/.pnpm/next@15.2.6_react-dom@19.0.0_react@19.0.0__react@19.0.0/node_modules/next/dist/client/components/react-dev-overlay/app/hot-reloader-client.js:73
[   16769ms] [LOG] [Fast Refresh] rebuilding @ webpack-internal:///(app-pages-browser)/./node_modules/.pnpm/next@15.2.6_react-dom@19.0.0_react@19.0.0__react@19.0.0/node_modules/next/dist/client/components/react-dev-overlay/app/hot-reloader-client.js:241
[   16850ms] [LOG] [Fast Refresh] done in 82ms @ webpack-internal:///(app-pages-browser)/./node_modules/.pnpm/next@15.2.6_react-dom@19.0.0_react@19.0.0__react@19.0.0/node_modules/next/dist/client/components/react-dev-overlay/app/hot-reloader-client.js:73
[   16867ms] [LOG] [Fast Refresh] rebuilding @ webpack-internal:///(app-pages-browser)/./node_modules/.pnpm/next@15.2.6_react-dom@19.0.0_react@19.0.0__react@19.0.0/node_modules/next/dist/client/components/react-dev-overlay/app/hot-reloader-client.js:241
[   16956ms] [LOG] [Fast Refresh] done in 89ms @ webpack-internal:///(app-pages-browser)/./node_modules/.pnpm/next@15.2.6_react-dom@19.0.0_react@19.0.0__react@19.0.0/node_modules/next/dist/client/components/react-dev-overlay/app/hot-reloader-client.js:73
[   16967ms] [LOG] [Fast Refresh] rebuilding @ webpack-internal:///(app-pages-browser)/./node_modules/.pnpm/next@15.2.6_react-dom@19.0.0_react@19.0.0__react@19.0.0/node_modules/next/dist/client/components/react-dev-overlay/app/hot-reloader-client.js:241
[   17049ms] [LOG] [Fast Refresh] done in 83ms @ webpack-internal:///(app-pages-browser)/./node_modules/.pnpm/next@15.2.6_react-dom@19.0.0_react@19.0.0__react@19.0.0/node_modules/next/dist/client/components/react-dev-overlay/app/hot-reloader-client.js:73
[   17069ms] [LOG] [Fast Refresh] rebuilding @ webpack-internal:///(app-pages-browser)/./node_modules/.pnpm/next@15.2.6_react-dom@19.0.0_react@19.0.0__react@19.0.0/node_modules/next/dist/client/components/react-dev-overlay/app/hot-reloader-client.js:241
[   17159ms] [LOG] [Fast Refresh] done in 90ms @ webpack-internal:///(app-pages-browser)/./node_modules/.pnpm/next@15.2.6_react-dom@19.0.0_react@19.0.0__react@19.0.0/node_modules/next/dist/client/components/react-dev-overlay/app/hot-reloader-client.js:73
[   17169ms] [LOG] [Fast Refresh] rebuilding @ webpack-internal:///(app-pages-browser)/./node_modules/.pnpm/next@15.2.6_react-dom@19.0.0_react@19.0.0__react@19.0.0/node_modules/next/dist/client/components/react-dev-overlay/app/hot-reloader-client.js:241
[   17287ms] [LOG] [Fast Refresh] done in 117ms @ webpack-internal:///(app-pages-browser)/./node_modules/.pnpm/next@15.2.6_react-dom@19.0.0_react@19.0.0__react@19.0.0/node_modules/next/dist/client/components/react-dev-overlay/app/hot-reloader-client.js:73
[   17319ms] [LOG] [Fast Refresh] rebuilding @ webpack-internal:///(app-pages-browser)/./node_modules/.pnpm/next@15.2.6_react-dom@19.0.0_react@19.0.0__react@19.0.0/node_modules/next/dist/client/components/react-dev-overlay/app/hot-reloader-client.js:241
[   17404ms] [LOG] [Fast Refresh] done in 85ms @ webpack-internal:///(app-pages-browser)/./node_modules/.pnpm/next@15.2.6_react-dom@19.0.0_react@19.0.0__react@19.0.0/node_modules/next/dist/client/components/react-dev-overlay/app/hot-reloader-client.js:73
[   17424ms] [LOG] [Fast Refresh] rebuilding @ webpack-internal:///(app-pages-browser)/./node_modules/.pnpm/next@15.2.6_react-dom@19.0.0_react@19.0.0__react@19.0.0/node_modules/next/dist/client/components/react-dev-overlay/app/hot-reloader-client.js:241
[   17535ms] [LOG] [Fast Refresh] done in 111ms @ webpack-internal:///(app-pages-browser)/./node_modules/.pnpm/next@15.2.6_react-dom@19.0.0_react@19.0.0__react@19.0.0/node_modules/next/dist/client/components/react-dev-overlay/app/hot-reloader-client.js:73
[   17573ms] [LOG] [Fast Refresh] rebuilding @ webpack-internal:///(app-pages-browser)/./node_modules/.pnpm/next@15.2.6_react-dom@19.0.0_react@19.0.0__react@19.0.0/node_modules/next/dist/client/components/react-dev-overlay/app/hot-reloader-client.js:241
[   17655ms] [LOG] [Fast Refresh] done in 83ms @ webpack-internal:///(app-pages-browser)/./node_modules/.pnpm/next@15.2.6_react-dom@19.0.0_react@19.0.0__react@19.0.0/node_modules/next/dist/client/components/react-dev-overlay/app/hot-reloader-client.js:73
[   17674ms] [LOG] [Fast Refresh] rebuilding @ webpack-internal:///(app-pages-browser)/./node_modules/.pnpm/next@15.2.6_react-dom@19.0.0_react@19.0.0__react@19.0.0/node_modules/next/dist/client/components/react-dev-overlay/app/hot-reloader-client.js:241
[   17743ms] [LOG] [Fast Refresh] rebuilding @ webpack-internal:///(app-pages-browser)/./node_modules/.pnpm/next@15.2.6_react-dom@19.0.0_react@19.0.0__react@19.0.0/node_modules/next/dist/client/components/react-dev-overlay/app/hot-reloader-client.js:241
[   17753ms] [LOG] [Fast Refresh] done in 11ms @ webpack-internal:///(app-pages-browser)/./node_modules/.pnpm/next@15.2.6_react-dom@19.0.0_react@19.0.0__react@19.0.0/node_modules/next/dist/client/components/react-dev-overlay/app/hot-reloader-client.js:73
[   17823ms] [LOG] [Fast Refresh] done in 81ms @ webpack-internal:///(app-pages-browser)/./node_modules/.pnpm/next@15.2.6_react-dom@19.0.0_react@19.0.0__react@19.0.0/node_modules/next/dist/client/components/react-dev-overlay/app/hot-reloader-client.js:73
[   17883ms] [LOG] [Fast Refresh] rebuilding @ webpack-internal:///(app-pages-browser)/./node_modules/.pnpm/next@15.2.6_react-dom@19.0.0_react@19.0.0__react@19.0.0/node_modules/next/dist/client/components/react-dev-overlay/app/hot-reloader-client.js:241
[   17949ms] [LOG] [Fast Refresh] done in 67ms @ webpack-internal:///(app-pages-browser)/./node_modules/.pnpm/next@15.2.6_react-dom@19.0.0_react@19.0.0__react@19.0.0/node_modules/next/dist/client/components/react-dev-overlay/app/hot-reloader-client.js:73
[   17978ms] [LOG] [Fast Refresh] rebuilding @ webpack-internal:///(app-pages-browser)/./node_modules/.pnpm/next@15.2.6_react-dom@19.0.0_react@19.0.0__react@19.0.0/node_modules/next/dist/client/components/react-dev-overlay/app/hot-reloader-client.js:241
[   18032ms] [LOG] [Fast Refresh] rebuilding @ webpack-internal:///(app-pages-browser)/./node_modules/.pnpm/next@15.2.6_react-dom@19.0.0_react@19.0.0__react@19.0.0/node_modules/next/dist/client/components/react-dev-overlay/app/hot-reloader-client.js:241
[   18049ms] [LOG] [Fast Refresh] done in 17ms @ webpack-internal:///(app-pages-browser)/./node_modules/.pnpm/next@15.2.6_react-dom@19.0.0_react@19.0.0__react@19.0.0/node_modules/next/dist/client/components/react-dev-overlay/app/hot-reloader-client.js:73
[   18107ms] [LOG] [Fast Refresh] done in 75ms @ webpack-internal:///(app-pages-browser)/./node_modules/.pnpm/next@15.2.6_react-dom@19.0.0_react@19.0.0__react@19.0.0/node_modules/next/dist/client/components/react-dev-overlay/app/hot-reloader-client.js:73
[   18129ms] [LOG] [Fast Refresh] rebuilding @ webpack-internal:///(app-pages-browser)/./node_modules/.pnpm/next@15.2.6_react-dom@19.0.0_react@19.0.0__react@19.0.0/node_modules/next/dist/client/components/react-dev-overlay/app/hot-reloader-client.js:241
[   18208ms] [LOG] [Fast Refresh] done in 80ms @ webpack-internal:///(app-pages-browser)/./node_modules/.pnpm/next@15.2.6_react-dom@19.0.0_react@19.0.0__react@19.0.0/node_modules/next/dist/client/components/react-dev-overlay/app/hot-reloader-client.js:73
[   18230ms] [LOG] [Fast Refresh] rebuilding @ webpack-internal:///(app-pages-browser)/./node_modules/.pnpm/next@15.2.6_react-dom@19.0.0_react@19.0.0__react@19.0.0/node_modules/next/dist/client/components/react-dev-overlay/app/hot-reloader-client.js:241
[   18297ms] [LOG] [Fast Refresh] done in 67ms @ webpack-internal:///(app-pages-browser)/./node_modules/.pnpm/next@15.2.6_react-dom@19.0.0_react@19.0.0__react@19.0.0/node_modules/next/dist/client/components/react-dev-overlay/app/hot-reloader-client.js:73
[   18332ms] [LOG] [Fast Refresh] rebuilding @ webpack-internal:///(app-pages-browser)/./node_modules/.pnpm/next@15.2.6_react-dom@19.0.0_react@19.0.0__react@19.0.0/node_modules/next/dist/client/components/react-dev-overlay/app/hot-reloader-client.js:241
[   18384ms] [LOG] [Fast Refresh] rebuilding @ webpack-internal:///(app-pages-browser)/./node_modules/.pnpm/next@15.2.6_react-dom@19.0.0_react@19.0.0__react@19.0.0/node_modules/next/dist/client/components/react-dev-overlay/app/hot-reloader-client.js:241
[   18400ms] [LOG] [Fast Refresh] done in 16ms @ webpack-internal:///(app-pages-browser)/./node_modules/.pnpm/next@15.2.6_react-dom@19.0.0_react@19.0.0__react@19.0.0/node_modules/next/dist/client/components/react-dev-overlay/app/hot-reloader-client.js:73
[   18459ms] [LOG] [Fast Refresh] done in 75ms @ webpack-internal:///(app-pages-browser)/./node_modules/.pnpm/next@15.2.6_react-dom@19.0.0_react@19.0.0__react@19.0.0/node_modules/next/dist/client/components/react-dev-overlay/app/hot-reloader-client.js:73
[   18482ms] [LOG] [Fast Refresh] rebuilding @ webpack-internal:///(app-pages-browser)/./node_modules/.pnpm/next@15.2.6_react-dom@19.0.0_react@19.0.0__react@19.0.0/node_modules/next/dist/client/components/react-dev-overlay/app/hot-reloader-client.js:241
[   18536ms] [LOG] [Fast Refresh] rebuilding @ webpack-internal:///(app-pages-browser)/./node_modules/.pnpm/next@15.2.6_react-dom@19.0.0_react@19.0.0__react@19.0.0/node_modules/next/dist/client/components/react-dev-overlay/app/hot-reloader-client.js:241
[   18555ms] [LOG] [Fast Refresh] done in 18ms @ webpack-internal:///(app-pages-browser)/./node_modules/.pnpm/next@15.2.6_react-dom@19.0.0_react@19.0.0__react@19.0.0/node_modules/next/dist/client/components/react-dev-overlay/app/hot-reloader-client.js:73
[   18608ms] [LOG] [Fast Refresh] done in 71ms @ webpack-internal:///(app-pages-browser)/./node_modules/.pnpm/next@15.2.6_react-dom@19.0.0_react@19.0.0__react@19.0.0/node_modules/next/dist/client/components/react-dev-overlay/app/hot-reloader-client.js:73
[   18636ms] [LOG] [Fast Refresh] rebuilding @ webpack-internal:///(app-pages-browser)/./node_modules/.pnpm/next@15.2.6_react-dom@19.0.0_react@19.0.0__react@19.0.0/node_modules/next/dist/client/components/react-dev-overlay/app/hot-reloader-client.js:241
[   18688ms] [LOG] [Fast Refresh] rebuilding @ webpack-internal:///(app-pages-browser)/./node_modules/.pnpm/next@15.2.6_react-dom@19.0.0_react@19.0.0__react@19.0.0/node_modules/next/dist/client/components/react-dev-overlay/app/hot-reloader-client.js:241
[   18706ms] [LOG] [Fast Refresh] done in 17ms @ webpack-internal:///(app-pages-browser)/./node_modules/.pnpm/next@15.2.6_react-dom@19.0.0_react@19.0.0__react@19.0.0/node_modules/next/dist/client/components/react-dev-overlay/app/hot-reloader-client.js:73
[   18760ms] [LOG] [Fast Refresh] done in 71ms @ webpack-internal:///(app-pages-browser)/./node_modules/.pnpm/next@15.2.6_react-dom@19.0.0_react@19.0.0__react@19.0.0/node_modules/next/dist/client/components/react-dev-overlay/app/hot-reloader-client.js:73
[   18786ms] [LOG] [Fast Refresh] rebuilding @ webpack-internal:///(app-pages-browser)/./node_modules/.pnpm/next@15.2.6_react-dom@19.0.0_react@19.0.0__react@19.0.0/node_modules/next/dist/client/components/react-dev-overlay/app/hot-reloader-client.js:241
[   18852ms] [LOG] [Fast Refresh] done in 65ms @ webpack-internal:///(app-pages-browser)/./node_modules/.pnpm/next@15.2.6_react-dom@19.0.0_react@19.0.0__react@19.0.0/node_modules/next/dist/client/components/react-dev-overlay/app/hot-reloader-client.js:73
[   18888ms] [LOG] [Fast Refresh] rebuilding @ webpack-internal:///(app-pages-browser)/./node_modules/.pnpm/next@15.2.6_react-dom@19.0.0_react@19.0.0__react@19.0.0/node_modules/next/dist/client/components/react-dev-overlay/app/hot-reloader-client.js:241
[   18939ms] [LOG] [Fast Refresh] rebuilding @ webpack-internal:///(app-pages-browser)/./node_modules/.pnpm/next@15.2.6_react-dom@19.0.0_react@19.0.0__react@19.0.0/node_modules/next/dist/client/components/react-dev-overlay/app/hot-reloader-client.js:241
[   18959ms] [LOG] [Fast Refresh] done in 21ms @ webpack-internal:///(app-pages-browser)/./node_modules/.pnpm/next@15.2.6_react-dom@19.0.0_react@19.0.0__react@19.0.0/node_modules/next/dist/client/components/react-dev-overlay/app/hot-reloader-client.js:73
[   19012ms] [LOG] [Fast Refresh] done in 73ms @ webpack-internal:///(app-pages-browser)/./node_modules/.pnpm/next@15.2.6_react-dom@19.0.0_react@19.0.0__react@19.0.0/node_modules/next/dist/client/components/react-dev-overlay/app/hot-reloader-client.js:73
[   19039ms] [LOG] [Fast Refresh] rebuilding @ webpack-internal:///(app-pages-browser)/./node_modules/.pnpm/next@15.2.6_react-dom@19.0.0_react@19.0.0__react@19.0.0/node_modules/next/dist/client/components/react-dev-overlay/app/hot-reloader-client.js:241
[   19091ms] [LOG] [Fast Refresh] rebuilding @ webpack-internal:///(app-pages-browser)/./node_modules/.pnpm/next@15.2.6_react-dom@19.0.0_react@19.0.0__react@19.0.0/node_modules/next/dist/client/components/react-dev-overlay/app/hot-reloader-client.js:241
[   19106ms] [LOG] [Fast Refresh] done in 15ms @ webpack-internal:///(app-pages-browser)/./node_modules/.pnpm/next@15.2.6_react-dom@19.0.0_react@19.0.0__react@19.0.0/node_modules/next/dist/client/components/react-dev-overlay/app/hot-reloader-client.js:73
[   19164ms] [LOG] [Fast Refresh] done in 73ms @ webpack-internal:///(app-pages-browser)/./node_modules/.pnpm/next@15.2.6_react-dom@19.0.0_react@19.0.0__react@19.0.0/node_modules/next/dist/client/components/react-dev-overlay/app/hot-reloader-client.js:73
[   19191ms] [LOG] [Fast Refresh] rebuilding @ webpack-internal:///(app-pages-browser)/./node_modules/.pnpm/next@15.2.6_react-dom@19.0.0_react@19.0.0__react@19.0.0/node_modules/next/dist/client/components/react-dev-overlay/app/hot-reloader-client.js:241
[   19257ms] [LOG] [Fast Refresh] done in 66ms @ webpack-internal:///(app-pages-browser)/./node_modules/.pnpm/next@15.2.6_react-dom@19.0.0_react@19.0.0__react@19.0.0/node_modules/next/dist/client/components/react-dev-overlay/app/hot-reloader-client.js:73
[   19291ms] [LOG] [Fast Refresh] rebuilding @ webpack-internal:///(app-pages-browser)/./node_modules/.pnpm/next@15.2.6_react-dom@19.0.0_react@19.0.0__react@19.0.0/node_modules/next/dist/client/components/react-dev-overlay/app/hot-reloader-client.js:241
[   19343ms] [LOG] [Fast Refresh] rebuilding @ webpack-internal:///(app-pages-browser)/./node_modules/.pnpm/next@15.2.6_react-dom@19.0.0_react@19.0.0__react@19.0.0/node_modules/next/dist/client/components/react-dev-overlay/app/hot-reloader-client.js:241
[   19358ms] [LOG] [Fast Refresh] done in 15ms @ webpack-internal:///(app-pages-browser)/./node_modules/.pnpm/next@15.2.6_react-dom@19.0.0_react@19.0.0__react@19.0.0/node_modules/next/dist/client/components/react-dev-overlay/app/hot-reloader-client.js:73
[   19415ms] [LOG] [Fast Refresh] done in 71ms @ webpack-internal:///(app-pages-browser)/./node_modules/.pnpm/next@15.2.6_react-dom@19.0.0_react@19.0.0__react@19.0.0/node_modules/next/dist/client/components/react-dev-overlay/app/hot-reloader-client.js:73
[   19445ms] [LOG] [Fast Refresh] rebuilding @ webpack-internal:///(app-pages-browser)/./node_modules/.pnpm/next@15.2.6_react-dom@19.0.0_react@19.0.0__react@19.0.0/node_modules/next/dist/client/components/react-dev-overlay/app/hot-reloader-client.js:241
[   19508ms] [LOG] [Fast Refresh] done in 64ms @ webpack-internal:///(app-pages-browser)/./node_modules/.pnpm/next@15.2.6_react-dom@19.0.0_react@19.0.0__react@19.0.0/node_modules/next/dist/client/components/react-dev-overlay/app/hot-reloader-client.js:73
[   19546ms] [LOG] [Fast Refresh] rebuilding @ webpack-internal:///(app-pages-browser)/./node_modules/.pnpm/next@15.2.6_react-dom@19.0.0_react@19.0.0__react@19.0.0/node_modules/next/dist/client/components/react-dev-overlay/app/hot-reloader-client.js:241
[   19628ms] [LOG] [Fast Refresh] done in 83ms @ webpack-internal:///(app-pages-browser)/./node_modules/.pnpm/next@15.2.6_react-dom@19.0.0_react@19.0.0__react@19.0.0/node_modules/next/dist/client/components/react-dev-overlay/app/hot-reloader-client.js:73
[   19649ms] [LOG] [Fast Refresh] rebuilding @ webpack-internal:///(app-pages-browser)/./node_modules/.pnpm/next@15.2.6_react-dom@19.0.0_react@19.0.0__react@19.0.0/node_modules/next/dist/client/components/react-dev-overlay/app/hot-reloader-client.js:241
[   19716ms] [LOG] [Fast Refresh] done in 66ms @ webpack-internal:///(app-pages-browser)/./node_modules/.pnpm/next@15.2.6_react-dom@19.0.0_react@19.0.0__react@19.0.0/node_modules/next/dist/client/components/react-dev-overlay/app/hot-reloader-client.js:73
[   19750ms] [LOG] [Fast Refresh] rebuilding @ webpack-internal:///(app-pages-browser)/./node_modules/.pnpm/next@15.2.6_react-dom@19.0.0_react@19.0.0__react@19.0.0/node_modules/next/dist/client/components/react-dev-overlay/app/hot-reloader-client.js:241
[   19816ms] [LOG] [Fast Refresh] done in 65ms @ webpack-internal:///(app-pages-browser)/./node_modules/.pnpm/next@15.2.6_react-dom@19.0.0_react@19.0.0__react@19.0.0/node_modules/next/dist/client/components/react-dev-overlay/app/hot-reloader-client.js:73
[   19852ms] [LOG] [Fast Refresh] rebuilding @ webpack-internal:///(app-pages-browser)/./node_modules/.pnpm/next@15.2.6_react-dom@19.0.0_react@19.0.0__react@19.0.0/node_modules/next/dist/client/components/react-dev-overlay/app/hot-reloader-client.js:241
[   19903ms] [LOG] [Fast Refresh] rebuilding @ webpack-internal:///(app-pages-browser)/./node_modules/.pnpm/next@15.2.6_react-dom@19.0.0_react@19.0.0__react@19.0.0/node_modules/next/dist/client/components/react-dev-overlay/app/hot-reloader-client.js:241
[   19920ms] [LOG] [Fast Refresh] done in 18ms @ webpack-internal:///(app-pages-browser)/./node_modules/.pnpm/next@15.2.6_react-dom@19.0.0_react@19.0.0__react@19.0.0/node_modules/next/dist/client/components/react-dev-overlay/app/hot-reloader-client.js:73
[   19975ms] [LOG] [Fast Refresh] done in 72ms @ webpack-internal:///(app-pages-browser)/./node_modules/.pnpm/next@15.2.6_react-dom@19.0.0_react@19.0.0__react@19.0.0/node_modules/next/dist/client/components/react-dev-overlay/app/hot-reloader-client.js:73
[   20003ms] [LOG] [Fast Refresh] rebuilding @ webpack-internal:///(app-pages-browser)/./node_modules/.pnpm/next@15.2.6_react-dom@19.0.0_react@19.0.0__react@19.0.0/node_modules/next/dist/client/components/react-dev-overlay/app/hot-reloader-client.js:241
[   20054ms] [LOG] [Fast Refresh] rebuilding @ webpack-internal:///(app-pages-browser)/./node_modules/.pnpm/next@15.2.6_react-dom@19.0.0_react@19.0.0__react@19.0.0/node_modules/next/dist/client/components/react-dev-overlay/app/hot-reloader-client.js:241
[   20070ms] [LOG] [Fast Refresh] done in 15ms @ webpack-internal:///(app-pages-browser)/./node_modules/.pnpm/next@15.2.6_react-dom@19.0.0_react@19.0.0__react@19.0.0/node_modules/next/dist/client/components/react-dev-overlay/app/hot-reloader-client.js:73
[   20125ms] [LOG] [Fast Refresh] done in 70ms @ webpack-internal:///(app-pages-browser)/./node_modules/.pnpm/next@15.2.6_react-dom@19.0.0_react@19.0.0__react@19.0.0/node_modules/next/dist/client/components/react-dev-overlay/app/hot-reloader-client.js:73
[   20153ms] [LOG] [Fast Refresh] rebuilding @ webpack-internal:///(app-pages-browser)/./node_modules/.pnpm/next@15.2.6_react-dom@19.0.0_react@19.0.0__react@19.0.0/node_modules/next/dist/client/components/react-dev-overlay/app/hot-reloader-client.js:241
[   20203ms] [LOG] [Fast Refresh] rebuilding @ webpack-internal:///(app-pages-browser)/./node_modules/.pnpm/next@15.2.6_react-dom@19.0.0_react@19.0.0__react@19.0.0/node_modules/next/dist/client/components/react-dev-overlay/app/hot-reloader-client.js:241
[   20220ms] [LOG] [Fast Refresh] done in 17ms @ webpack-internal:///(app-pages-browser)/./node_modules/.pnpm/next@15.2.6_react-dom@19.0.0_react@19.0.0__react@19.0.0/node_modules/next/dist/client/components/react-dev-overlay/app/hot-reloader-client.js:73
[   20275ms] [LOG] [Fast Refresh] done in 72ms @ webpack-internal:///(app-pages-browser)/./node_modules/.pnpm/next@15.2.6_react-dom@19.0.0_react@19.0.0__react@19.0.0/node_modules/next/dist/client/components/react-dev-overlay/app/hot-reloader-client.js:73
[   20306ms] [LOG] [Fast Refresh] rebuilding @ webpack-internal:///(app-pages-browser)/./node_modules/.pnpm/next@15.2.6_react-dom@19.0.0_react@19.0.0__react@19.0.0/node_modules/next/dist/client/components/react-dev-overlay/app/hot-reloader-client.js:241
[   20356ms] [LOG] [Fast Refresh] rebuilding @ webpack-internal:///(app-pages-browser)/./node_modules/.pnpm/next@15.2.6_react-dom@19.0.0_react@19.0.0__react@19.0.0/node_modules/next/dist/client/components/react-dev-overlay/app/hot-reloader-client.js:241
[   20374ms] [LOG] [Fast Refresh] done in 18ms @ webpack-internal:///(app-pages-browser)/./node_modules/.pnpm/next@15.2.6_react-dom@19.0.0_react@19.0.0__react@19.0.0/node_modules/next/dist/client/components/react-dev-overlay/app/hot-reloader-client.js:73
[   20427ms] [LOG] [Fast Refresh] done in 70ms @ webpack-internal:///(app-pages-browser)/./node_modules/.pnpm/next@15.2.6_react-dom@19.0.0_react@19.0.0__react@19.0.0/node_modules/next/dist/client/components/react-dev-overlay/app/hot-reloader-client.js:73
[   20457ms] [LOG] [Fast Refresh] rebuilding @ webpack-internal:///(app-pages-browser)/./node_modules/.pnpm/next@15.2.6_react-dom@19.0.0_react@19.0.0__react@19.0.0/node_modules/next/dist/client/components/react-dev-overlay/app/hot-reloader-client.js:241
[   20510ms] [LOG] [Fast Refresh] rebuilding @ webpack-internal:///(app-pages-browser)/./node_modules/.pnpm/next@15.2.6_react-dom@19.0.0_react@19.0.0__react@19.0.0/node_modules/next/dist/client/components/react-dev-overlay/app/hot-reloader-client.js:241
[   20530ms] [LOG] [Fast Refresh] done in 20ms @ webpack-internal:///(app-pages-browser)/./node_modules/.pnpm/next@15.2.6_react-dom@19.0.0_react@19.0.0__react@19.0.0/node_modules/next/dist/client/components/react-dev-overlay/app/hot-reloader-client.js:73
[   20579ms] [LOG] [Fast Refresh] done in 70ms @ webpack-internal:///(app-pages-browser)/./node_modules/.pnpm/next@15.2.6_react-dom@19.0.0_react@19.0.0__react@19.0.0/node_modules/next/dist/client/components/react-dev-overlay/app/hot-reloader-client.js:73
[   20609ms] [LOG] [Fast Refresh] rebuilding @ webpack-internal:///(app-pages-browser)/./node_modules/.pnpm/next@15.2.6_react-dom@19.0.0_react@19.0.0__react@19.0.0/node_modules/next/dist/client/components/react-dev-overlay/app/hot-reloader-client.js:241
[   20673ms] [LOG] [Fast Refresh] rebuilding @ webpack-internal:///(app-pages-browser)/./node_modules/.pnpm/next@15.2.6_react-dom@19.0.0_react@19.0.0__react@19.0.0/node_modules/next/dist/client/components/react-dev-overlay/app/hot-reloader-client.js:241
[   20676ms] [LOG] [Fast Refresh] done in 2ms @ webpack-internal:///(app-pages-browser)/./node_modules/.pnpm/next@15.2.6_react-dom@19.0.0_react@19.0.0__react@19.0.0/node_modules/next/dist/client/components/react-dev-overlay/app/hot-reloader-client.js:73
[   20744ms] [LOG] [Fast Refresh] done in 70ms @ webpack-internal:///(app-pages-browser)/./node_modules/.pnpm/next@15.2.6_react-dom@19.0.0_react@19.0.0__react@19.0.0/node_modules/next/dist/client/components/react-dev-overlay/app/hot-reloader-client.js:73
[   20761ms] [LOG] [Fast Refresh] rebuilding @ webpack-internal:///(app-pages-browser)/./node_modules/.pnpm/next@15.2.6_react-dom@19.0.0_react@19.0.0__react@19.0.0/node_modules/next/dist/client/components/react-dev-overlay/app/hot-reloader-client.js:241
[   20823ms] [LOG] [Fast Refresh] done in 61ms @ webpack-internal:///(app-pages-browser)/./node_modules/.pnpm/next@15.2.6_react-dom@19.0.0_react@19.0.0__react@19.0.0/node_modules/next/dist/client/components/react-dev-overlay/app/hot-reloader-client.js:73
[   20865ms] [LOG] [Fast Refresh] rebuilding @ webpack-internal:///(app-pages-browser)/./node_modules/.pnpm/next@15.2.6_react-dom@19.0.0_react@19.0.0__react@19.0.0/node_modules/next/dist/client/components/react-dev-overlay/app/hot-reloader-client.js:241
[   20944ms] [LOG] [Fast Refresh] done in 80ms @ webpack-internal:///(app-pages-browser)/./node_modules/.pnpm/next@15.2.6_react-dom@19.0.0_react@19.0.0__react@19.0.0/node_modules/next/dist/client/components/react-dev-overlay/app/hot-reloader-client.js:73
[   20966ms] [LOG] [Fast Refresh] rebuilding @ webpack-internal:///(app-pages-browser)/./node_modules/.pnpm/next@15.2.6_react-dom@19.0.0_react@19.0.0__react@19.0.0/node_modules/next/dist/client/components/react-dev-overlay/app/hot-reloader-client.js:241
[   21018ms] [LOG] [Fast Refresh] rebuilding @ webpack-internal:///(app-pages-browser)/./node_modules/.pnpm/next@15.2.6_react-dom@19.0.0_react@19.0.0__react@19.0.0/node_modules/next/dist/client/components/react-dev-overlay/app/hot-reloader-client.js:241
[   21032ms] [LOG] [Fast Refresh] done in 15ms @ webpack-internal:///(app-pages-browser)/./node_modules/.pnpm/next@15.2.6_react-dom@19.0.0_react@19.0.0__react@19.0.0/node_modules/next/dist/client/components/react-dev-overlay/app/hot-reloader-client.js:73
[   21089ms] [LOG] [Fast Refresh] done in 72ms @ webpack-internal:///(app-pages-browser)/./node_modules/.pnpm/next@15.2.6_react-dom@19.0.0_react@19.0.0__react@19.0.0/node_modules/next/dist/client/components/react-dev-overlay/app/hot-reloader-client.js:73
[   21120ms] [LOG] [Fast Refresh] rebuilding @ webpack-internal:///(app-pages-browser)/./node_modules/.pnpm/next@15.2.6_react-dom@19.0.0_react@19.0.0__react@19.0.0/node_modules/next/dist/client/components/react-dev-overlay/app/hot-reloader-client.js:241
[   21190ms] [LOG] [Fast Refresh] done in 70ms @ webpack-internal:///(app-pages-browser)/./node_modules/.pnpm/next@15.2.6_react-dom@19.0.0_react@19.0.0__react@19.0.0/node_modules/next/dist/client/components/react-dev-overlay/app/hot-reloader-client.js:73
[   21219ms] [LOG] [Fast Refresh] rebuilding @ webpack-internal:///(app-pages-browser)/./node_modules/.pnpm/next@15.2.6_react-dom@19.0.0_react@19.0.0__react@19.0.0/node_modules/next/dist/client/components/react-dev-overlay/app/hot-reloader-client.js:241
[   21270ms] [LOG] [Fast Refresh] rebuilding @ webpack-internal:///(app-pages-browser)/./node_modules/.pnpm/next@15.2.6_react-dom@19.0.0_react@19.0.0__react@19.0.0/node_modules/next/dist/client/components/react-dev-overlay/app/hot-reloader-client.js:241
[   21288ms] [LOG] [Fast Refresh] done in 19ms @ webpack-internal:///(app-pages-browser)/./node_modules/.pnpm/next@15.2.6_react-dom@19.0.0_react@19.0.0__react@19.0.0/node_modules/next/dist/client/components/react-dev-overlay/app/hot-reloader-client.js:73
[   21347ms] [LOG] [Fast Refresh] done in 78ms @ webpack-internal:///(app-pages-browser)/./node_modules/.pnpm/next@15.2.6_react-dom@19.0.0_react@19.0.0__react@19.0.0/node_modules/next/dist/client/components/react-dev-overlay/app/hot-reloader-client.js:73
[   21370ms] [LOG] [Fast Refresh] rebuilding @ webpack-internal:///(app-pages-browser)/./node_modules/.pnpm/next@15.2.6_react-dom@19.0.0_react@19.0.0__react@19.0.0/node_modules/next/dist/client/components/react-dev-overlay/app/hot-reloader-client.js:241
[   21420ms] [LOG] [Fast Refresh] rebuilding @ webpack-internal:///(app-pages-browser)/./node_modules/.pnpm/next@15.2.6_react-dom@19.0.0_react@19.0.0__react@19.0.0/node_modules/next/dist/client/components/react-dev-overlay/app/hot-reloader-client.js:241
[   21435ms] [LOG] [Fast Refresh] done in 15ms @ webpack-internal:///(app-pages-browser)/./node_modules/.pnpm/next@15.2.6_react-dom@19.0.0_react@19.0.0__react@19.0.0/node_modules/next/dist/client/components/react-dev-overlay/app/hot-reloader-client.js:73
[   21494ms] [LOG] [Fast Refresh] done in 73ms @ webpack-internal:///(app-pages-browser)/./node_modules/.pnpm/next@15.2.6_react-dom@19.0.0_react@19.0.0__react@19.0.0/node_modules/next/dist/client/components/react-dev-overlay/app/hot-reloader-client.js:73
[   21521ms] [LOG] [Fast Refresh] rebuilding @ webpack-internal:///(app-pages-browser)/./node_modules/.pnpm/next@15.2.6_react-dom@19.0.0_react@19.0.0__react@19.0.0/node_modules/next/dist/client/components/react-dev-overlay/app/hot-reloader-client.js:241
[   21572ms] [LOG] [Fast Refresh] rebuilding @ webpack-internal:///(app-pages-browser)/./node_modules/.pnpm/next@15.2.6_react-dom@19.0.0_react@19.0.0__react@19.0.0/node_modules/next/dist/client/components/react-dev-overlay/app/hot-reloader-client.js:241
[   21585ms] [LOG] [Fast Refresh] done in 14ms @ webpack-internal:///(app-pages-browser)/./node_modules/.pnpm/next@15.2.6_react-dom@19.0.0_react@19.0.0__react@19.0.0/node_modules/next/dist/client/components/react-dev-overlay/app/hot-reloader-client.js:73
[   21643ms] [LOG] [Fast Refresh] done in 72ms @ webpack-internal:///(app-pages-browser)/./node_modules/.pnpm/next@15.2.6_react-dom@19.0.0_react@19.0.0__react@19.0.0/node_modules/next/dist/client/components/react-dev-overlay/app/hot-reloader-client.js:73
[   21673ms] [LOG] [Fast Refresh] rebuilding @ webpack-internal:///(app-pages-browser)/./node_modules/.pnpm/next@15.2.6_react-dom@19.0.0_react@19.0.0__react@19.0.0/node_modules/next/dist/client/components/react-dev-overlay/app/hot-reloader-client.js:241
[   21724ms] [LOG] [Fast Refresh] rebuilding @ webpack-internal:///(app-pages-browser)/./node_modules/.pnpm/next@15.2.6_react-dom@19.0.0_react@19.0.0__react@19.0.0/node_modules/next/dist/client/components/react-dev-overlay/app/hot-reloader-client.js:241
[   21739ms] [LOG] [Fast Refresh] done in 14ms @ webpack-internal:///(app-pages-browser)/./node_modules/.pnpm/next@15.2.6_react-dom@19.0.0_react@19.0.0__react@19.0.0/node_modules/next/dist/client/components/react-dev-overlay/app/hot-reloader-client.js:73
[   21794ms] [LOG] [Fast Refresh] done in 70ms @ webpack-internal:///(app-pages-browser)/./node_modules/.pnpm/next@15.2.6_react-dom@19.0.0_react@19.0.0__react@19.0.0/node_modules/next/dist/client/components/react-dev-overlay/app/hot-reloader-client.js:73
[   21824ms] [LOG] [Fast Refresh] rebuilding @ webpack-internal:///(app-pages-browser)/./node_modules/.pnpm/next@15.2.6_react-dom@19.0.0_react@19.0.0__react@19.0.0/node_modules/next/dist/client/components/react-dev-overlay/app/hot-reloader-client.js:241
[   21892ms] [LOG] [Fast Refresh] done in 68ms @ webpack-internal:///(app-pages-browser)/./node_modules/.pnpm/next@15.2.6_react-dom@19.0.0_react@19.0.0__react@19.0.0/node_modules/next/dist/client/components/react-dev-overlay/app/hot-reloader-client.js:73
[   21926ms] [LOG] [Fast Refresh] rebuilding @ webpack-internal:///(app-pages-browser)/./node_modules/.pnpm/next@15.2.6_react-dom@19.0.0_react@19.0.0__react@19.0.0/node_modules/next/dist/client/components/react-dev-overlay/app/hot-reloader-client.js:241
[   21977ms] [LOG] [Fast Refresh] rebuilding @ webpack-internal:///(app-pages-browser)/./node_modules/.pnpm/next@15.2.6_react-dom@19.0.0_react@19.0.0__react@19.0.0/node_modules/next/dist/client/components/react-dev-overlay/app/hot-reloader-client.js:241
[   21993ms] [LOG] [Fast Refresh] done in 16ms @ webpack-internal:///(app-pages-browser)/./node_modules/.pnpm/next@15.2.6_react-dom@19.0.0_react@19.0.0__react@19.0.0/node_modules/next/dist/client/components/react-dev-overlay/app/hot-reloader-client.js:73
[   22056ms] [LOG] [Fast Refresh] done in 79ms @ webpack-internal:///(app-pages-browser)/./node_modules/.pnpm/next@15.2.6_react-dom@19.0.0_react@19.0.0__react@19.0.0/node_modules/next/dist/client/components/react-dev-overlay/app/hot-reloader-client.js:73
[   22077ms] [LOG] [Fast Refresh] rebuilding @ webpack-internal:///(app-pages-browser)/./node_modules/.pnpm/next@15.2.6_react-dom@19.0.0_react@19.0.0__react@19.0.0/node_modules/next/dist/client/components/react-dev-overlay/app/hot-reloader-client.js:241
[   22141ms] [LOG] [Fast Refresh] done in 65ms @ webpack-internal:///(app-pages-browser)/./node_modules/.pnpm/next@15.2.6_react-dom@19.0.0_react@19.0.0__react@19.0.0/node_modules/next/dist/client/components/react-dev-overlay/app/hot-reloader-client.js:73
[   22178ms] [LOG] [Fast Refresh] rebuilding @ webpack-internal:///(app-pages-browser)/./node_modules/.pnpm/next@15.2.6_react-dom@19.0.0_react@19.0.0__react@19.0.0/node_modules/next/dist/client/components/react-dev-overlay/app/hot-reloader-client.js:241
[   22229ms] [LOG] [Fast Refresh] rebuilding @ webpack-internal:///(app-pages-browser)/./node_modules/.pnpm/next@15.2.6_react-dom@19.0.0_react@19.0.0__react@19.0.0/node_modules/next/dist/client/components/react-dev-overlay/app/hot-reloader-client.js:241
[   22247ms] [LOG] [Fast Refresh] done in 18ms @ webpack-internal:///(app-pages-browser)/./node_modules/.pnpm/next@15.2.6_react-dom@19.0.0_react@19.0.0__react@19.0.0/node_modules/next/dist/client/components/react-dev-overlay/app/hot-reloader-client.js:73
[   22301ms] [LOG] [Fast Refresh] done in 72ms @ webpack-internal:///(app-pages-browser)/./node_modules/.pnpm/next@15.2.6_react-dom@19.0.0_react@19.0.0__react@19.0.0/node_modules/next/dist/client/components/react-dev-overlay/app/hot-reloader-client.js:73
[   22330ms] [LOG] [Fast Refresh] rebuilding @ webpack-internal:///(app-pages-browser)/./node_modules/.pnpm/next@15.2.6_react-dom@19.0.0_react@19.0.0__react@19.0.0/node_modules/next/dist/client/components/react-dev-overlay/app/hot-reloader-client.js:241
[   22414ms] [LOG] [Fast Refresh] done in 85ms @ webpack-internal:///(app-pages-browser)/./node_modules/.pnpm/next@15.2.6_react-dom@19.0.0_react@19.0.0__react@19.0.0/node_modules/next/dist/client/components/react-dev-overlay/app/hot-reloader-client.js:73
[   22432ms] [LOG] [Fast Refresh] rebuilding @ webpack-internal:///(app-pages-browser)/./node_modules/.pnpm/next@15.2.6_react-dom@19.0.0_react@19.0.0__react@19.0.0/node_modules/next/dist/client/components/react-dev-overlay/app/hot-reloader-client.js:241
[   22502ms] [LOG] [Fast Refresh] done in 69ms @ webpack-internal:///(app-pages-browser)/./node_modules/.pnpm/next@15.2.6_react-dom@19.0.0_react@19.0.0__react@19.0.0/node_modules/next/dist/client/components/react-dev-overlay/app/hot-reloader-client.js:73
[   22531ms] [LOG] [Fast Refresh] rebuilding @ webpack-internal:///(app-pages-browser)/./node_modules/.pnpm/next@15.2.6_react-dom@19.0.0_react@19.0.0__react@19.0.0/node_modules/next/dist/client/components/react-dev-overlay/app/hot-reloader-client.js:241
[   22584ms] [LOG] [Fast Refresh] rebuilding @ webpack-internal:///(app-pages-browser)/./node_modules/.pnpm/next@15.2.6_react-dom@19.0.0_react@19.0.0__react@19.0.0/node_modules/next/dist/client/components/react-dev-overlay/app/hot-reloader-client.js:241
[   22599ms] [LOG] [Fast Refresh] done in 15ms @ webpack-internal:///(app-pages-browser)/./node_modules/.pnpm/next@15.2.6_react-dom@19.0.0_react@19.0.0__react@19.0.0/node_modules/next/dist/client/components/react-dev-overlay/app/hot-reloader-client.js:73
[   22657ms] [LOG] [Fast Refresh] done in 73ms @ webpack-internal:///(app-pages-browser)/./node_modules/.pnpm/next@15.2.6_react-dom@19.0.0_react@19.0.0__react@19.0.0/node_modules/next/dist/client/components/react-dev-overlay/app/hot-reloader-client.js:73
[   22682ms] [LOG] [Fast Refresh] rebuilding @ webpack-internal:///(app-pages-browser)/./node_modules/.pnpm/next@15.2.6_react-dom@19.0.0_react@19.0.0__react@19.0.0/node_modules/next/dist/client/components/react-dev-overlay/app/hot-reloader-client.js:241
[   22736ms] [LOG] [Fast Refresh] rebuilding @ webpack-internal:///(app-pages-browser)/./node_modules/.pnpm/next@15.2.6_react-dom@19.0.0_react@19.0.0__react@19.0.0/node_modules/next/dist/client/components/react-dev-overlay/app/hot-reloader-client.js:241
[   22752ms] [LOG] [Fast Refresh] done in 17ms @ webpack-internal:///(app-pages-browser)/./node_modules/.pnpm/next@15.2.6_react-dom@19.0.0_react@19.0.0__react@19.0.0/node_modules/next/dist/client/components/react-dev-overlay/app/hot-reloader-client.js:73
[   22810ms] [LOG] [Fast Refresh] done in 74ms @ webpack-internal:///(app-pages-browser)/./node_modules/.pnpm/next@15.2.6_react-dom@19.0.0_react@19.0.0__react@19.0.0/node_modules/next/dist/client/components/react-dev-overlay/app/hot-reloader-client.js:73
[   22833ms] [LOG] [Fast Refresh] rebuilding @ webpack-internal:///(app-pages-browser)/./node_modules/.pnpm/next@15.2.6_react-dom@19.0.0_react@19.0.0__react@19.0.0/node_modules/next/dist/client/components/react-dev-overlay/app/hot-reloader-client.js:241
[   22888ms] [LOG] [Fast Refresh] rebuilding @ webpack-internal:///(app-pages-browser)/./node_modules/.pnpm/next@15.2.6_react-dom@19.0.0_react@19.0.0__react@19.0.0/node_modules/next/dist/client/components/react-dev-overlay/app/hot-reloader-client.js:241
[   22898ms] [LOG] [Fast Refresh] done in 10ms @ webpack-internal:///(app-pages-browser)/./node_modules/.pnpm/next@15.2.6_react-dom@19.0.0_react@19.0.0__react@19.0.0/node_modules/next/dist/client/components/react-dev-overlay/app/hot-reloader-client.js:73
[   22964ms] [LOG] [Fast Refresh] done in 76ms @ webpack-internal:///(app-pages-browser)/./node_modules/.pnpm/next@15.2.6_react-dom@19.0.0_react@19.0.0__react@19.0.0/node_modules/next/dist/client/components/react-dev-overlay/app/hot-reloader-client.js:73
[   22986ms] [LOG] [Fast Refresh] rebuilding @ webpack-internal:///(app-pages-browser)/./node_modules/.pnpm/next@15.2.6_react-dom@19.0.0_react@19.0.0__react@19.0.0/node_modules/next/dist/client/components/react-dev-overlay/app/hot-reloader-client.js:241
[   23038ms] [LOG] [Fast Refresh] rebuilding @ webpack-internal:///(app-pages-browser)/./node_modules/.pnpm/next@15.2.6_react-dom@19.0.0_react@19.0.0__react@19.0.0/node_modules/next/dist/client/components/react-dev-overlay/app/hot-reloader-client.js:241
[   23055ms] [LOG] [Fast Refresh] done in 18ms @ webpack-internal:///(app-pages-browser)/./node_modules/.pnpm/next@15.2.6_react-dom@19.0.0_react@19.0.0__react@19.0.0/node_modules/next/dist/client/components/react-dev-overlay/app/hot-reloader-client.js:73
[   23103ms] [LOG] [Fast Refresh] done in 66ms @ webpack-internal:///(app-pages-browser)/./node_modules/.pnpm/next@15.2.6_react-dom@19.0.0_react@19.0.0__react@19.0.0/node_modules/next/dist/client/components/react-dev-overlay/app/hot-reloader-client.js:73
[   23138ms] [LOG] [Fast Refresh] rebuilding @ webpack-internal:///(app-pages-browser)/./node_modules/.pnpm/next@15.2.6_react-dom@19.0.0_react@19.0.0__react@19.0.0/node_modules/next/dist/client/components/react-dev-overlay/app/hot-reloader-client.js:241
[   23190ms] [LOG] [Fast Refresh] rebuilding @ webpack-internal:///(app-pages-browser)/./node_modules/.pnpm/next@15.2.6_react-dom@19.0.0_react@19.0.0__react@19.0.0/node_modules/next/dist/client/components/react-dev-overlay/app/hot-reloader-client.js:241
[   23208ms] [LOG] [Fast Refresh] done in 18ms @ webpack-internal:///(app-pages-browser)/./node_modules/.pnpm/next@15.2.6_react-dom@19.0.0_react@19.0.0__react@19.0.0/node_modules/next/dist/client/components/react-dev-overlay/app/hot-reloader-client.js:73
[   23259ms] [LOG] [Fast Refresh] done in 70ms @ webpack-internal:///(app-pages-browser)/./node_modules/.pnpm/next@15.2.6_react-dom@19.0.0_react@19.0.0__react@19.0.0/node_modules/next/dist/client/components/react-dev-overlay/app/hot-reloader-client.js:73
[   23292ms] [LOG] [Fast Refresh] rebuilding @ webpack-internal:///(app-pages-browser)/./node_modules/.pnpm/next@15.2.6_react-dom@19.0.0_react@19.0.0__react@19.0.0/node_modules/next/dist/client/components/react-dev-overlay/app/hot-reloader-client.js:241
[   23362ms] [LOG] [Fast Refresh] done in 69ms @ webpack-internal:///(app-pages-browser)/./node_modules/.pnpm/next@15.2.6_react-dom@19.0.0_react@19.0.0__react@19.0.0/node_modules/next/dist/client/components/react-dev-overlay/app/hot-reloader-client.js:73
[   23391ms] [LOG] [Fast Refresh] rebuilding @ webpack-internal:///(app-pages-browser)/./node_modules/.pnpm/next@15.2.6_react-dom@19.0.0_react@19.0.0__react@19.0.0/node_modules/next/dist/client/components/react-dev-overlay/app/hot-reloader-client.js:241
[   23457ms] [LOG] [Fast Refresh] done in 67ms @ webpack-internal:///(app-pages-browser)/./node_modules/.pnpm/next@15.2.6_react-dom@19.0.0_react@19.0.0__react@19.0.0/node_modules/next/dist/client/components/react-dev-overlay/app/hot-reloader-client.js:73
[   23493ms] [LOG] [Fast Refresh] rebuilding @ webpack-internal:///(app-pages-browser)/./node_modules/.pnpm/next@15.2.6_react-dom@19.0.0_react@19.0.0__react@19.0.0/node_modules/next/dist/client/components/react-dev-overlay/app/hot-reloader-client.js:241
[   23552ms] [LOG] [Fast Refresh] rebuilding @ webpack-internal:///(app-pages-browser)/./node_modules/.pnpm/next@15.2.6_react-dom@19.0.0_react@19.0.0__react@19.0.0/node_modules/next/dist/client/components/react-dev-overlay/app/hot-reloader-client.js:241
[   23559ms] [LOG] [Fast Refresh] done in 6ms @ webpack-internal:///(app-pages-browser)/./node_modules/.pnpm/next@15.2.6_react-dom@19.0.0_react@19.0.0__react@19.0.0/node_modules/next/dist/client/components/react-dev-overlay/app/hot-reloader-client.js:73
[   23611ms] [LOG] [Fast Refresh] done in 58ms @ webpack-internal:///(app-pages-browser)/./node_modules/.pnpm/next@15.2.6_react-dom@19.0.0_react@19.0.0__react@19.0.0/node_modules/next/dist/client/components/react-dev-overlay/app/hot-reloader-client.js:73
[   23645ms] [LOG] [Fast Refresh] rebuilding @ webpack-internal:///(app-pages-browser)/./node_modules/.pnpm/next@15.2.6_react-dom@19.0.0_react@19.0.0__react@19.0.0/node_modules/next/dist/client/components/react-dev-overlay/app/hot-reloader-client.js:241
[   23697ms] [LOG] [Fast Refresh] rebuilding @ webpack-internal:///(app-pages-browser)/./node_modules/.pnpm/next@15.2.6_react-dom@19.0.0_react@19.0.0__react@19.0.0/node_modules/next/dist/client/components/react-dev-overlay/app/hot-reloader-client.js:241
[   23707ms] [LOG] [Fast Refresh] done in 9ms @ webpack-internal:///(app-pages-browser)/./node_modules/.pnpm/next@15.2.6_react-dom@19.0.0_react@19.0.0__react@19.0.0/node_modules/next/dist/client/components/react-dev-overlay/app/hot-reloader-client.js:73
[   23756ms] [LOG] [Fast Refresh] done in 59ms @ webpack-internal:///(app-pages-browser)/./node_modules/.pnpm/next@15.2.6_react-dom@19.0.0_react@19.0.0__react@19.0.0/node_modules/next/dist/client/components/react-dev-overlay/app/hot-reloader-client.js:73
[   23797ms] [LOG] [Fast Refresh] rebuilding @ webpack-internal:///(app-pages-browser)/./node_modules/.pnpm/next@15.2.6_react-dom@19.0.0_react@19.0.0__react@19.0.0/node_modules/next/dist/client/components/react-dev-overlay/app/hot-reloader-client.js:241
[   23848ms] [LOG] [Fast Refresh] rebuilding @ webpack-internal:///(app-pages-browser)/./node_modules/.pnpm/next@15.2.6_react-dom@19.0.0_react@19.0.0__react@19.0.0/node_modules/next/dist/client/components/react-dev-overlay/app/hot-reloader-client.js:241
[   23856ms] [LOG] [Fast Refresh] done in 7ms @ webpack-internal:///(app-pages-browser)/./node_modules/.pnpm/next@15.2.6_react-dom@19.0.0_react@19.0.0__react@19.0.0/node_modules/next/dist/client/components/react-dev-overlay/app/hot-reloader-client.js:73
[   23901ms] [LOG] [Fast Refresh] rebuilding @ webpack-internal:///(app-pages-browser)/./node_modules/.pnpm/next@15.2.6_react-dom@19.0.0_react@19.0.0__react@19.0.0/node_modules/next/dist/client/components/react-dev-overlay/app/hot-reloader-client.js:241
[   23910ms] [LOG] [Fast Refresh] done in 10ms @ webpack-internal:///(app-pages-browser)/./node_modules/.pnpm/next@15.2.6_react-dom@19.0.0_react@19.0.0__react@19.0.0/node_modules/next/dist/client/components/react-dev-overlay/app/hot-reloader-client.js:73
[   23958ms] [LOG] [Fast Refresh] done in 58ms @ webpack-internal:///(app-pages-browser)/./node_modules/.pnpm/next@15.2.6_react-dom@19.0.0_react@19.0.0__react@19.0.0/node_modules/next/dist/client/components/react-dev-overlay/app/hot-reloader-client.js:73
[   23998ms] [LOG] [Fast Refresh] rebuilding @ webpack-internal:///(app-pages-browser)/./node_modules/.pnpm/next@15.2.6_react-dom@19.0.0_react@19.0.0__react@19.0.0/node_modules/next/dist/client/components/react-dev-overlay/app/hot-reloader-client.js:241
[   24049ms] [LOG] [Fast Refresh] rebuilding @ webpack-internal:///(app-pages-browser)/./node_modules/.pnpm/next@15.2.6_react-dom@19.0.0_react@19.0.0__react@19.0.0/node_modules/next/dist/client/components/react-dev-overlay/app/hot-reloader-client.js:241
[   24056ms] [LOG] [Fast Refresh] done in 7ms @ webpack-internal:///(app-pages-browser)/./node_modules/.pnpm/next@15.2.6_react-dom@19.0.0_react@19.0.0__react@19.0.0/node_modules/next/dist/client/components/react-dev-overlay/app/hot-reloader-client.js:73
[   24099ms] [LOG] [Fast Refresh] rebuilding @ webpack-internal:///(app-pages-browser)/./node_modules/.pnpm/next@15.2.6_react-dom@19.0.0_react@19.0.0__react@19.0.0/node_modules/next/dist/client/components/react-dev-overlay/app/hot-reloader-client.js:241
[   24106ms] [LOG] [Fast Refresh] done in 8ms @ webpack-internal:///(app-pages-browser)/./node_modules/.pnpm/next@15.2.6_react-dom@19.0.0_react@19.0.0__react@19.0.0/node_modules/next/dist/client/components/react-dev-overlay/app/hot-reloader-client.js:73
[   24150ms] [LOG] [Fast Refresh] rebuilding @ webpack-internal:///(app-pages-browser)/./node_modules/.pnpm/next@15.2.6_react-dom@19.0.0_react@19.0.0__react@19.0.0/node_modules/next/dist/client/components/react-dev-overlay/app/hot-reloader-client.js:241
[   24159ms] [LOG] [Fast Refresh] done in 8ms @ webpack-internal:///(app-pages-browser)/./node_modules/.pnpm/next@15.2.6_react-dom@19.0.0_react@19.0.0__react@19.0.0/node_modules/next/dist/client/components/react-dev-overlay/app/hot-reloader-client.js:73
[   24201ms] [LOG] [Fast Refresh] rebuilding @ webpack-internal:///(app-pages-browser)/./node_modules/.pnpm/next@15.2.6_react-dom@19.0.0_react@19.0.0__react@19.0.0/node_modules/next/dist/client/components/react-dev-overlay/app/hot-reloader-client.js:241
[   24211ms] [LOG] [Fast Refresh] done in 10ms @ webpack-internal:///(app-pages-browser)/./node_modules/.pnpm/next@15.2.6_react-dom@19.0.0_react@19.0.0__react@19.0.0/node_modules/next/dist/client/components/react-dev-overlay/app/hot-reloader-client.js:73
[   24253ms] [LOG] [Fast Refresh] rebuilding @ webpack-internal:///(app-pages-browser)/./node_modules/.pnpm/next@15.2.6_react-dom@19.0.0_react@19.0.0__react@19.0.0/node_modules/next/dist/client/components/react-dev-overlay/app/hot-reloader-client.js:241
[   24263ms] [LOG] [Fast Refresh] done in 10ms @ webpack-internal:///(app-pages-browser)/./node_modules/.pnpm/next@15.2.6_react-dom@19.0.0_react@19.0.0__react@19.0.0/node_modules/next/dist/client/components/react-dev-overlay/app/hot-reloader-client.js:73
[   24311ms] [LOG] [Fast Refresh] done in 57ms @ webpack-internal:///(app-pages-browser)/./node_modules/.pnpm/next@15.2.6_react-dom@19.0.0_react@19.0.0__react@19.0.0/node_modules/next/dist/client/components/react-dev-overlay/app/hot-reloader-client.js:73
[   24352ms] [LOG] [Fast Refresh] rebuilding @ webpack-internal:///(app-pages-browser)/./node_modules/.pnpm/next@15.2.6_react-dom@19.0.0_react@19.0.0__react@19.0.0/node_modules/next/dist/client/components/react-dev-overlay/app/hot-reloader-client.js:241
[   24401ms] [LOG] [Fast Refresh] rebuilding @ webpack-internal:///(app-pages-browser)/./node_modules/.pnpm/next@15.2.6_react-dom@19.0.0_react@19.0.0__react@19.0.0/node_modules/next/dist/client/components/react-dev-overlay/app/hot-reloader-client.js:241
[   24411ms] [LOG] [Fast Refresh] done in 9ms @ webpack-internal:///(app-pages-browser)/./node_modules/.pnpm/next@15.2.6_react-dom@19.0.0_react@19.0.0__react@19.0.0/node_modules/next/dist/client/components/react-dev-overlay/app/hot-reloader-client.js:73
[   24455ms] [LOG] [Fast Refresh] rebuilding @ webpack-internal:///(app-pages-browser)/./node_modules/.pnpm/next@15.2.6_react-dom@19.0.0_react@19.0.0__react@19.0.0/node_modules/next/dist/client/components/react-dev-overlay/app/hot-reloader-client.js:241
[   24464ms] [LOG] [Fast Refresh] done in 9ms @ webpack-internal:///(app-pages-browser)/./node_modules/.pnpm/next@15.2.6_react-dom@19.0.0_react@19.0.0__react@19.0.0/node_modules/next/dist/client/components/react-dev-overlay/app/hot-reloader-client.js:73
[   24514ms] [LOG] [Fast Refresh] done in 60ms @ webpack-internal:///(app-pages-browser)/./node_modules/.pnpm/next@15.2.6_react-dom@19.0.0_react@19.0.0__react@19.0.0/node_modules/next/dist/client/components/react-dev-overlay/app/hot-reloader-client.js:73
[   24554ms] [LOG] [Fast Refresh] rebuilding @ webpack-internal:///(app-pages-browser)/./node_modules/.pnpm/next@15.2.6_react-dom@19.0.0_react@19.0.0__react@19.0.0/node_modules/next/dist/client/components/react-dev-overlay/app/hot-reloader-client.js:241
[   24606ms] [LOG] [Fast Refresh] rebuilding @ webpack-internal:///(app-pages-browser)/./node_modules/.pnpm/next@15.2.6_react-dom@19.0.0_react@19.0.0__react@19.0.0/node_modules/next/dist/client/components/react-dev-overlay/app/hot-reloader-client.js:241
[   24616ms] [LOG] [Fast Refresh] done in 10ms @ webpack-internal:///(app-pages-browser)/./node_modules/.pnpm/next@15.2.6_react-dom@19.0.0_react@19.0.0__react@19.0.0/node_modules/next/dist/client/components/react-dev-overlay/app/hot-reloader-client.js:73
[   24657ms] [LOG] [Fast Refresh] rebuilding @ webpack-internal:///(app-pages-browser)/./node_modules/.pnpm/next@15.2.6_react-dom@19.0.0_react@19.0.0__react@19.0.0/node_modules/next/dist/client/components/react-dev-overlay/app/hot-reloader-client.js:241
[   24667ms] [LOG] [Fast Refresh] done in 10ms @ webpack-internal:///(app-pages-browser)/./node_modules/.pnpm/next@15.2.6_react-dom@19.0.0_react@19.0.0__react@19.0.0/node_modules/next/dist/client/components/react-dev-overlay/app/hot-reloader-client.js:73
[   24717ms] [LOG] [Fast Refresh] done in 59ms @ webpack-internal:///(app-pages-browser)/./node_modules/.pnpm/next@15.2.6_react-dom@19.0.0_react@19.0.0__react@19.0.0/node_modules/next/dist/client/components/react-dev-overlay/app/hot-reloader-client.js:73
[   24756ms] [LOG] [Fast Refresh] rebuilding @ webpack-internal:///(app-pages-browser)/./node_modules/.pnpm/next@15.2.6_react-dom@19.0.0_react@19.0.0__react@19.0.0/node_modules/next/dist/client/components/react-dev-overlay/app/hot-reloader-client.js:241
[   24824ms] [LOG] [Fast Refresh] done in 68ms @ webpack-internal:///(app-pages-browser)/./node_modules/.pnpm/next@15.2.6_react-dom@19.0.0_react@19.0.0__react@19.0.0/node_modules/next/dist/client/components/react-dev-overlay/app/hot-reloader-client.js:73
[   24858ms] [LOG] [Fast Refresh] rebuilding @ webpack-internal:///(app-pages-browser)/./node_modules/.pnpm/next@15.2.6_react-dom@19.0.0_react@19.0.0__react@19.0.0/node_modules/next/dist/client/components/react-dev-overlay/app/hot-reloader-client.js:241
[   24909ms] [LOG] [Fast Refresh] rebuilding @ webpack-internal:///(app-pages-browser)/./node_modules/.pnpm/next@15.2.6_react-dom@19.0.0_react@19.0.0__react@19.0.0/node_modules/next/dist/client/components/react-dev-overlay/app/hot-reloader-client.js:241
[   24923ms] [LOG] [Fast Refresh] done in 14ms @ webpack-internal:///(app-pages-browser)/./node_modules/.pnpm/next@15.2.6_react-dom@19.0.0_react@19.0.0__react@19.0.0/node_modules/next/dist/client/components/react-dev-overlay/app/hot-reloader-client.js:73
[   24973ms] [LOG] [Fast Refresh] done in 64ms @ webpack-internal:///(app-pages-browser)/./node_modules/.pnpm/next@15.2.6_react-dom@19.0.0_react@19.0.0__react@19.0.0/node_modules/next/dist/client/components/react-dev-overlay/app/hot-reloader-client.js:73
[   25010ms] [LOG] [Fast Refresh] rebuilding @ webpack-internal:///(app-pages-browser)/./node_modules/.pnpm/next@15.2.6_react-dom@19.0.0_react@19.0.0__react@19.0.0/node_modules/next/dist/client/components/react-dev-overlay/app/hot-reloader-client.js:241
[   25060ms] [LOG] [Fast Refresh] rebuilding @ webpack-internal:///(app-pages-browser)/./node_modules/.pnpm/next@15.2.6_react-dom@19.0.0_react@19.0.0__react@19.0.0/node_modules/next/dist/client/components/react-dev-overlay/app/hot-reloader-client.js:241
[   25070ms] [LOG] [Fast Refresh] done in 9ms @ webpack-internal:///(app-pages-browser)/./node_modules/.pnpm/next@15.2.6_react-dom@19.0.0_react@19.0.0__react@19.0.0/node_modules/next/dist/client/components/react-dev-overlay/app/hot-reloader-client.js:73
[   25116ms] [LOG] [Fast Refresh] done in 55ms @ webpack-internal:///(app-pages-browser)/./node_modules/.pnpm/next@15.2.6_react-dom@19.0.0_react@19.0.0__react@19.0.0/node_modules/next/dist/client/components/react-dev-overlay/app/hot-reloader-client.js:73
[   25119ms] [LOG] [Fast Refresh] rebuilding @ webpack-internal:///(app-pages-browser)/./node_modules/.pnpm/next@15.2.6_react-dom@19.0.0_react@19.0.0__react@19.0.0/node_modules/next/dist/client/components/react-dev-overlay/app/hot-reloader-client.js:241
[   25175ms] [LOG] [Fast Refresh] done in 56ms @ webpack-internal:///(app-pages-browser)/./node_modules/.pnpm/next@15.2.6_react-dom@19.0.0_react@19.0.0__react@19.0.0/node_modules/next/dist/client/components/react-dev-overlay/app/hot-reloader-client.js:73
[   25212ms] [LOG] [Fast Refresh] rebuilding @ webpack-internal:///(app-pages-browser)/./node_modules/.pnpm/next@15.2.6_react-dom@19.0.0_react@19.0.0__react@19.0.0/node_modules/next/dist/client/components/react-dev-overlay/app/hot-reloader-client.js:241
[   25261ms] [LOG] [Fast Refresh] rebuilding @ webpack-internal:///(app-pages-browser)/./node_modules/.pnpm/next@15.2.6_react-dom@19.0.0_react@19.0.0__react@19.0.0/node_modules/next/dist/client/components/react-dev-overlay/app/hot-reloader-client.js:241
[   25272ms] [LOG] [Fast Refresh] done in 11ms @ webpack-internal:///(app-pages-browser)/./node_modules/.pnpm/next@15.2.6_react-dom@19.0.0_react@19.0.0__react@19.0.0/node_modules/next/dist/client/components/react-dev-overlay/app/hot-reloader-client.js:73
[   25315ms] [LOG] [Fast Refresh] rebuilding @ webpack-internal:///(app-pages-browser)/./node_modules/.pnpm/next@15.2.6_react-dom@19.0.0_react@19.0.0__react@19.0.0/node_modules/next/dist/client/components/react-dev-overlay/app/hot-reloader-client.js:241
[   25324ms] [LOG] [Fast Refresh] done in 8ms @ webpack-internal:///(app-pages-browser)/./node_modules/.pnpm/next@15.2.6_react-dom@19.0.0_react@19.0.0__react@19.0.0/node_modules/next/dist/client/components/react-dev-overlay/app/hot-reloader-client.js:73
[   25366ms] [LOG] [Fast Refresh] rebuilding @ webpack-internal:///(app-pages-browser)/./node_modules/.pnpm/next@15.2.6_react-dom@19.0.0_react@19.0.0__react@19.0.0/node_modules/next/dist/client/components/react-dev-overlay/app/hot-reloader-client.js:241
[   25375ms] [LOG] [Fast Refresh] done in 8ms @ webpack-internal:///(app-pages-browser)/./node_modules/.pnpm/next@15.2.6_react-dom@19.0.0_react@19.0.0__react@19.0.0/node_modules/next/dist/client/components/react-dev-overlay/app/hot-reloader-client.js:73
[   25433ms] [LOG] [Fast Refresh] done in 66ms @ webpack-internal:///(app-pages-browser)/./node_modules/.pnpm/next@15.2.6_react-dom@19.0.0_react@19.0.0__react@19.0.0/node_modules/next/dist/client/components/react-dev-overlay/app/hot-reloader-client.js:73
[   25465ms] [LOG] [Fast Refresh] rebuilding @ webpack-internal:///(app-pages-browser)/./node_modules/.pnpm/next@15.2.6_react-dom@19.0.0_react@19.0.0__react@19.0.0/node_modules/next/dist/client/components/react-dev-overlay/app/hot-reloader-client.js:241
[   25516ms] [LOG] [Fast Refresh] rebuilding @ webpack-internal:///(app-pages-browser)/./node_modules/.pnpm/next@15.2.6_react-dom@19.0.0_react@19.0.0__react@19.0.0/node_modules/next/dist/client/components/react-dev-overlay/app/hot-reloader-client.js:241
[   25523ms] [LOG] [Fast Refresh] done in 7ms @ webpack-internal:///(app-pages-browser)/./node_modules/.pnpm/next@15.2.6_react-dom@19.0.0_react@19.0.0__react@19.0.0/node_modules/next/dist/client/components/react-dev-overlay/app/hot-reloader-client.js:73
[   25566ms] [LOG] [Fast Refresh] rebuilding @ webpack-internal:///(app-pages-browser)/./node_modules/.pnpm/next@15.2.6_react-dom@19.0.0_react@19.0.0__react@19.0.0/node_modules/next/dist/client/components/react-dev-overlay/app/hot-reloader-client.js:241
[   25573ms] [LOG] [Fast Refresh] done in 7ms @ webpack-internal:///(app-pages-browser)/./node_modules/.pnpm/next@15.2.6_react-dom@19.0.0_react@19.0.0__react@19.0.0/node_modules/next/dist/client/components/react-dev-overlay/app/hot-reloader-client.js:73
[   25623ms] [LOG] [Fast Refresh] done in 58ms @ webpack-internal:///(app-pages-browser)/./node_modules/.pnpm/next@15.2.6_react-dom@19.0.0_react@19.0.0__react@19.0.0/node_modules/next/dist/client/components/react-dev-overlay/app/hot-reloader-client.js:73
[   25666ms] [LOG] [Fast Refresh] rebuilding @ webpack-internal:///(app-pages-browser)/./node_modules/.pnpm/next@15.2.6_react-dom@19.0.0_react@19.0.0__react@19.0.0/node_modules/next/dist/client/components/react-dev-overlay/app/hot-reloader-client.js:241
[   25718ms] [LOG] [Fast Refresh] rebuilding @ webpack-internal:///(app-pages-browser)/./node_modules/.pnpm/next@15.2.6_react-dom@19.0.0_react@19.0.0__react@19.0.0/node_modules/next/dist/client/components/react-dev-overlay/app/hot-reloader-client.js:241
[   25728ms] [LOG] [Fast Refresh] done in 10ms @ webpack-internal:///(app-pages-browser)/./node_modules/.pnpm/next@15.2.6_react-dom@19.0.0_react@19.0.0__react@19.0.0/node_modules/next/dist/client/components/react-dev-overlay/app/hot-reloader-client.js:73
[   25771ms] [LOG] [Fast Refresh] rebuilding @ webpack-internal:///(app-pages-browser)/./node_modules/.pnpm/next@15.2.6_react-dom@19.0.0_react@19.0.0__react@19.0.0/node_modules/next/dist/client/components/react-dev-overlay/app/hot-reloader-client.js:241
[   25782ms] [LOG] [Fast Refresh] done in 11ms @ webpack-internal:///(app-pages-browser)/./node_modules/.pnpm/next@15.2.6_react-dom@19.0.0_react@19.0.0__react@19.0.0/node_modules/next/dist/client/components/react-dev-overlay/app/hot-reloader-client.js:73
[   25827ms] [LOG] [Fast Refresh] done in 56ms @ webpack-internal:///(app-pages-browser)/./node_modules/.pnpm/next@15.2.6_react-dom@19.0.0_react@19.0.0__react@19.0.0/node_modules/next/dist/client/components/react-dev-overlay/app/hot-reloader-client.js:73
[   25869ms] [LOG] [Fast Refresh] rebuilding @ webpack-internal:///(app-pages-browser)/./node_modules/.pnpm/next@15.2.6_react-dom@19.0.0_react@19.0.0__react@19.0.0/node_modules/next/dist/client/components/react-dev-overlay/app/hot-reloader-client.js:241
[   25919ms] [LOG] [Fast Refresh] rebuilding @ webpack-internal:///(app-pages-browser)/./node_modules/.pnpm/next@15.2.6_react-dom@19.0.0_react@19.0.0__react@19.0.0/node_modules/next/dist/client/components/react-dev-overlay/app/hot-reloader-client.js:241
[   25928ms] [LOG] [Fast Refresh] done in 9ms @ webpack-internal:///(app-pages-browser)/./node_modules/.pnpm/next@15.2.6_react-dom@19.0.0_react@19.0.0__react@19.0.0/node_modules/next/dist/client/components/react-dev-overlay/app/hot-reloader-client.js:73
[   25972ms] [LOG] [Fast Refresh] rebuilding @ webpack-internal:///(app-pages-browser)/./node_modules/.pnpm/next@15.2.6_react-dom@19.0.0_react@19.0.0__react@19.0.0/node_modules/next/dist/client/components/react-dev-overlay/app/hot-reloader-client.js:241
[   25981ms] [LOG] [Fast Refresh] done in 10ms @ webpack-internal:///(app-pages-browser)/./node_modules/.pnpm/next@15.2.6_react-dom@19.0.0_react@19.0.0__react@19.0.0/node_modules/next/dist/client/components/react-dev-overlay/app/hot-reloader-client.js:73
[   26023ms] [LOG] [Fast Refresh] rebuilding @ webpack-internal:///(app-pages-browser)/./node_modules/.pnpm/next@15.2.6_react-dom@19.0.0_react@19.0.0__react@19.0.0/node_modules/next/dist/client/components/react-dev-overlay/app/hot-reloader-client.js:241
[   26032ms] [LOG] [Fast Refresh] done in 9ms @ webpack-internal:///(app-pages-browser)/./node_modules/.pnpm/next@15.2.6_react-dom@19.0.0_react@19.0.0__react@19.0.0/node_modules/next/dist/client/components/react-dev-overlay/app/hot-reloader-client.js:73
[   26073ms] [LOG] [Fast Refresh] rebuilding @ webpack-internal:///(app-pages-browser)/./node_modules/.pnpm/next@15.2.6_react-dom@19.0.0_react@19.0.0__react@19.0.0/node_modules/next/dist/client/components/react-dev-overlay/app/hot-reloader-client.js:241
[   26082ms] [LOG] [Fast Refresh] done in 10ms @ webpack-internal:///(app-pages-browser)/./node_modules/.pnpm/next@15.2.6_react-dom@19.0.0_react@19.0.0__react@19.0.0/node_modules/next/dist/client/components/react-dev-overlay/app/hot-reloader-client.js:73
[   26123ms] [LOG] [Fast Refresh] rebuilding @ webpack-internal:///(app-pages-browser)/./node_modules/.pnpm/next@15.2.6_react-dom@19.0.0_react@19.0.0__react@19.0.0/node_modules/next/dist/client/components/react-dev-overlay/app/hot-reloader-client.js:241
[   26132ms] [LOG] [Fast Refresh] done in 9ms @ webpack-internal:///(app-pages-browser)/./node_modules/.pnpm/next@15.2.6_react-dom@19.0.0_react@19.0.0__react@19.0.0/node_modules/next/dist/client/components/react-dev-overlay/app/hot-reloader-client.js:73
[   26173ms] [LOG] [Fast Refresh] rebuilding @ webpack-internal:///(app-pages-browser)/./node_modules/.pnpm/next@15.2.6_react-dom@19.0.0_react@19.0.0__react@19.0.0/node_modules/next/dist/client/components/react-dev-overlay/app/hot-reloader-client.js:241
[   26182ms] [LOG] [Fast Refresh] done in 8ms @ webpack-internal:///(app-pages-browser)/./node_modules/.pnpm/next@15.2.6_react-dom@19.0.0_react@19.0.0__react@19.0.0/node_modules/next/dist/client/components/react-dev-overlay/app/hot-reloader-client.js:73
[   26223ms] [LOG] [Fast Refresh] rebuilding @ webpack-internal:///(app-pages-browser)/./node_modules/.pnpm/next@15.2.6_react-dom@19.0.0_react@19.0.0__react@19.0.0/node_modules/next/dist/client/components/react-dev-overlay/app/hot-reloader-client.js:241
[   26234ms] [LOG] [Fast Refresh] done in 11ms @ webpack-internal:///(app-pages-browser)/./node_modules/.pnpm/next@15.2.6_react-dom@19.0.0_react@19.0.0__react@19.0.0/node_modules/next/dist/client/components/react-dev-overlay/app/hot-reloader-client.js:73
[   26283ms] [LOG] [Fast Refresh] done in 60ms @ webpack-internal:///(app-pages-browser)/./node_modules/.pnpm/next@15.2.6_react-dom@19.0.0_react@19.0.0__react@19.0.0/node_modules/next/dist/client/components/react-dev-overlay/app/hot-reloader-client.js:73
[   26323ms] [LOG] [Fast Refresh] rebuilding @ webpack-internal:///(app-pages-browser)/./node_modules/.pnpm/next@15.2.6_react-dom@19.0.0_react@19.0.0__react@19.0.0/node_modules/next/dist/client/components/react-dev-overlay/app/hot-reloader-client.js:241
[   26374ms] [LOG] [Fast Refresh] rebuilding @ webpack-internal:///(app-pages-browser)/./node_modules/.pnpm/next@15.2.6_react-dom@19.0.0_react@19.0.0__react@19.0.0/node_modules/next/dist/client/components/react-dev-overlay/app/hot-reloader-client.js:241
[   26379ms] [LOG] [Fast Refresh] done in 5ms @ webpack-internal:///(app-pages-browser)/./node_modules/.pnpm/next@15.2.6_react-dom@19.0.0_react@19.0.0__react@19.0.0/node_modules/next/dist/client/components/react-dev-overlay/app/hot-reloader-client.js:73
[   26425ms] [LOG] [Fast Refresh] rebuilding @ webpack-internal:///(app-pages-browser)/./node_modules/.pnpm/next@15.2.6_react-dom@19.0.0_react@19.0.0__react@19.0.0/node_modules/next/dist/client/components/react-dev-overlay/app/hot-reloader-client.js:241
[   26434ms] [LOG] [Fast Refresh] done in 9ms @ webpack-internal:///(app-pages-browser)/./node_modules/.pnpm/next@15.2.6_react-dom@19.0.0_react@19.0.0__react@19.0.0/node_modules/next/dist/client/components/react-dev-overlay/app/hot-reloader-client.js:73
[   26476ms] [LOG] [Fast Refresh] rebuilding @ webpack-internal:///(app-pages-browser)/./node_modules/.pnpm/next@15.2.6_react-dom@19.0.0_react@19.0.0__react@19.0.0/node_modules/next/dist/client/components/react-dev-overlay/app/hot-reloader-client.js:241
[   26489ms] [LOG] [Fast Refresh] done in 13ms @ webpack-internal:///(app-pages-browser)/./node_modules/.pnpm/next@15.2.6_react-dom@19.0.0_react@19.0.0__react@19.0.0/node_modules/next/dist/client/components/react-dev-overlay/app/hot-reloader-client.js:73
[   26536ms] [LOG] [Fast Refresh] done in 59ms @ webpack-internal:///(app-pages-browser)/./node_modules/.pnpm/next@15.2.6_react-dom@19.0.0_react@19.0.0__react@19.0.0/node_modules/next/dist/client/components/react-dev-overlay/app/hot-reloader-client.js:73
[   26575ms] [LOG] [Fast Refresh] rebuilding @ webpack-internal:///(app-pages-browser)/./node_modules/.pnpm/next@15.2.6_react-dom@19.0.0_react@19.0.0__react@19.0.0/node_modules/next/dist/client/components/react-dev-overlay/app/hot-reloader-client.js:241
[   26625ms] [LOG] [Fast Refresh] rebuilding @ webpack-internal:///(app-pages-browser)/./node_modules/.pnpm/next@15.2.6_react-dom@19.0.0_react@19.0.0__react@19.0.0/node_modules/next/dist/client/components/react-dev-overlay/app/hot-reloader-client.js:241
[   26633ms] [LOG] [Fast Refresh] done in 7ms @ webpack-internal:///(app-pages-browser)/./node_modules/.pnpm/next@15.2.6_react-dom@19.0.0_react@19.0.0__react@19.0.0/node_modules/next/dist/client/components/react-dev-overlay/app/hot-reloader-client.js:73
[   26676ms] [LOG] [Fast Refresh] rebuilding @ webpack-internal:///(app-pages-browser)/./node_modules/.pnpm/next@15.2.6_react-dom@19.0.0_react@19.0.0__react@19.0.0/node_modules/next/dist/client/components/react-dev-overlay/app/hot-reloader-client.js:241
[   26684ms] [LOG] [Fast Refresh] done in 7ms @ webpack-internal:///(app-pages-browser)/./node_modules/.pnpm/next@15.2.6_react-dom@19.0.0_react@19.0.0__react@19.0.0/node_modules/next/dist/client/components/react-dev-overlay/app/hot-reloader-client.js:73
[   26726ms] [LOG] [Fast Refresh] rebuilding @ webpack-internal:///(app-pages-browser)/./node_modules/.pnpm/next@15.2.6_react-dom@19.0.0_react@19.0.0__react@19.0.0/node_modules/next/dist/client/components/react-dev-overlay/app/hot-reloader-client.js:241
[   26734ms] [LOG] [Fast Refresh] done in 7ms @ webpack-internal:///(app-pages-browser)/./node_modules/.pnpm/next@15.2.6_react-dom@19.0.0_react@19.0.0__react@19.0.0/node_modules/next/dist/client/components/react-dev-overlay/app/hot-reloader-client.js:73
[   26776ms] [LOG] [Fast Refresh] rebuilding @ webpack-internal:///(app-pages-browser)/./node_modules/.pnpm/next@15.2.6_react-dom@19.0.0_react@19.0.0__react@19.0.0/node_modules/next/dist/client/components/react-dev-overlay/app/hot-reloader-client.js:241
[   26785ms] [LOG] [Fast Refresh] done in 8ms @ webpack-internal:///(app-pages-browser)/./node_modules/.pnpm/next@15.2.6_react-dom@19.0.0_react@19.0.0__react@19.0.0/node_modules/next/dist/client/components/react-dev-overlay/app/hot-reloader-client.js:73
[   26826ms] [LOG] [Fast Refresh] rebuilding @ webpack-internal:///(app-pages-browser)/./node_modules/.pnpm/next@15.2.6_react-dom@19.0.0_react@19.0.0__react@19.0.0/node_modules/next/dist/client/components/react-dev-overlay/app/hot-reloader-client.js:241
[   26835ms] [LOG] [Fast Refresh] done in 9ms @ webpack-internal:///(app-pages-browser)/./node_modules/.pnpm/next@15.2.6_react-dom@19.0.0_react@19.0.0__react@19.0.0/node_modules/next/dist/client/components/react-dev-overlay/app/hot-reloader-client.js:73
[   26877ms] [LOG] [Fast Refresh] rebuilding @ webpack-internal:///(app-pages-browser)/./node_modules/.pnpm/next@15.2.6_react-dom@19.0.0_react@19.0.0__react@19.0.0/node_modules/next/dist/client/components/react-dev-overlay/app/hot-reloader-client.js:241
[   26886ms] [LOG] [Fast Refresh] done in 9ms @ webpack-internal:///(app-pages-browser)/./node_modules/.pnpm/next@15.2.6_react-dom@19.0.0_react@19.0.0__react@19.0.0/node_modules/next/dist/client/components/react-dev-overlay/app/hot-reloader-client.js:73
[   26927ms] [LOG] [Fast Refresh] rebuilding @ webpack-internal:///(app-pages-browser)/./node_modules/.pnpm/next@15.2.6_react-dom@19.0.0_react@19.0.0__react@19.0.0/node_modules/next/dist/client/components/react-dev-overlay/app/hot-reloader-client.js:241
[   26937ms] [LOG] [Fast Refresh] done in 10ms @ webpack-internal:///(app-pages-browser)/./node_modules/.pnpm/next@15.2.6_react-dom@19.0.0_react@19.0.0__react@19.0.0/node_modules/next/dist/client/components/react-dev-overlay/app/hot-reloader-client.js:73
[   26985ms] [LOG] [Fast Refresh] done in 59ms @ webpack-internal:///(app-pages-browser)/./node_modules/.pnpm/next@15.2.6_react-dom@19.0.0_react@19.0.0__react@19.0.0/node_modules/next/dist/client/components/react-dev-overlay/app/hot-reloader-client.js:73
[   27030ms] [LOG] [Fast Refresh] rebuilding @ webpack-internal:///(app-pages-browser)/./node_modules/.pnpm/next@15.2.6_react-dom@19.0.0_react@19.0.0__react@19.0.0/node_modules/next/dist/client/components/react-dev-overlay/app/hot-reloader-client.js:241
[   27092ms] [LOG] [Fast Refresh] done in 61ms @ webpack-internal:///(app-pages-browser)/./node_modules/.pnpm/next@15.2.6_react-dom@19.0.0_react@19.0.0__react@19.0.0/node_modules/next/dist/client/components/react-dev-overlay/app/hot-reloader-client.js:73
[   27134ms] [LOG] [Fast Refresh] rebuilding @ webpack-internal:///(app-pages-browser)/./node_modules/.pnpm/next@15.2.6_react-dom@19.0.0_react@19.0.0__react@19.0.0/node_modules/next/dist/client/components/react-dev-overlay/app/hot-reloader-client.js:241
[   27194ms] [LOG] [Fast Refresh] done in 61ms @ webpack-internal:///(app-pages-browser)/./node_modules/.pnpm/next@15.2.6_react-dom@19.0.0_react@19.0.0__react@19.0.0/node_modules/next/dist/client/components/react-dev-overlay/app/hot-reloader-client.js:73
[   27231ms] [LOG] [Fast Refresh] rebuilding @ webpack-internal:///(app-pages-browser)/./node_modules/.pnpm/next@15.2.6_react-dom@19.0.0_react@19.0.0__react@19.0.0/node_modules/next/dist/client/components/react-dev-overlay/app/hot-reloader-client.js:241
[   27283ms] [LOG] [Fast Refresh] rebuilding @ webpack-internal:///(app-pages-browser)/./node_modules/.pnpm/next@15.2.6_react-dom@19.0.0_react@19.0.0__react@19.0.0/node_modules/next/dist/client/components/react-dev-overlay/app/hot-reloader-client.js:241
[   27293ms] [LOG] [Fast Refresh] done in 11ms @ webpack-internal:///(app-pages-browser)/./node_modules/.pnpm/next@15.2.6_react-dom@19.0.0_react@19.0.0__react@19.0.0/node_modules/next/dist/client/components/react-dev-overlay/app/hot-reloader-client.js:73
[   27342ms] [LOG] [Fast Refresh] done in 59ms @ webpack-internal:///(app-pages-browser)/./node_modules/.pnpm/next@15.2.6_react-dom@19.0.0_react@19.0.0__react@19.0.0/node_modules/next/dist/client/components/react-dev-overlay/app/hot-reloader-client.js:73
[   27384ms] [LOG] [Fast Refresh] rebuilding @ webpack-internal:///(app-pages-browser)/./node_modules/.pnpm/next@15.2.6_react-dom@19.0.0_react@19.0.0__react@19.0.0/node_modules/next/dist/client/components/react-dev-overlay/app/hot-reloader-client.js:241
[   27435ms] [LOG] [Fast Refresh] rebuilding @ webpack-internal:///(app-pages-browser)/./node_modules/.pnpm/next@15.2.6_react-dom@19.0.0_react@19.0.0__react@19.0.0/node_modules/next/dist/client/components/react-dev-overlay/app/hot-reloader-client.js:241
[   27444ms] [LOG] [Fast Refresh] done in 10ms @ webpack-internal:///(app-pages-browser)/./node_modules/.pnpm/next@15.2.6_react-dom@19.0.0_react@19.0.0__react@19.0.0/node_modules/next/dist/client/components/react-dev-overlay/app/hot-reloader-client.js:73
[   27488ms] [LOG] [Fast Refresh] rebuilding @ webpack-internal:///(app-pages-browser)/./node_modules/.pnpm/next@15.2.6_react-dom@19.0.0_react@19.0.0__react@19.0.0/node_modules/next/dist/client/components/react-dev-overlay/app/hot-reloader-client.js:241
[   27498ms] [LOG] [Fast Refresh] done in 9ms @ webpack-internal:///(app-pages-browser)/./node_modules/.pnpm/next@15.2.6_react-dom@19.0.0_react@19.0.0__react@19.0.0/node_modules/next/dist/client/components/react-dev-overlay/app/hot-reloader-client.js:73
[   27544ms] [LOG] [Fast Refresh] done in 55ms @ webpack-internal:///(app-pages-browser)/./node_modules/.pnpm/next@15.2.6_react-dom@19.0.0_react@19.0.0__react@19.0.0/node_modules/next/dist/client/components/react-dev-overlay/app/hot-reloader-client.js:73
[   27587ms] [LOG] [Fast Refresh] rebuilding @ webpack-internal:///(app-pages-browser)/./node_modules/.pnpm/next@15.2.6_react-dom@19.0.0_react@19.0.0__react@19.0.0/node_modules/next/dist/client/components/react-dev-overlay/app/hot-reloader-client.js:241
[   27637ms] [LOG] [Fast Refresh] rebuilding @ webpack-internal:///(app-pages-browser)/./node_modules/.pnpm/next@15.2.6_react-dom@19.0.0_react@19.0.0__react@19.0.0/node_modules/next/dist/client/components/react-dev-overlay/app/hot-reloader-client.js:241
[   27648ms] [LOG] [Fast Refresh] done in 10ms @ webpack-internal:///(app-pages-browser)/./node_modules/.pnpm/next@15.2.6_react-dom@19.0.0_react@19.0.0__react@19.0.0/node_modules/next/dist/client/components/react-dev-overlay/app/hot-reloader-client.js:73
[   27691ms] [LOG] [Fast Refresh] rebuilding @ webpack-internal:///(app-pages-browser)/./node_modules/.pnpm/next@15.2.6_react-dom@19.0.0_react@19.0.0__react@19.0.0/node_modules/next/dist/client/components/react-dev-overlay/app/hot-reloader-client.js:241
[   27700ms] [LOG] [Fast Refresh] done in 9ms @ webpack-internal:///(app-pages-browser)/./node_modules/.pnpm/next@15.2.6_react-dom@19.0.0_react@19.0.0__react@19.0.0/node_modules/next/dist/client/components/react-dev-overlay/app/hot-reloader-client.js:73
[   27742ms] [LOG] [Fast Refresh] rebuilding @ webpack-internal:///(app-pages-browser)/./node_modules/.pnpm/next@15.2.6_react-dom@19.0.0_react@19.0.0__react@19.0.0/node_modules/next/dist/client/components/react-dev-overlay/app/hot-reloader-client.js:241
[   27751ms] [LOG] [Fast Refresh] done in 9ms @ webpack-internal:///(app-pages-browser)/./node_modules/.pnpm/next@15.2.6_react-dom@19.0.0_react@19.0.0__react@19.0.0/node_modules/next/dist/client/components/react-dev-overlay/app/hot-reloader-client.js:73
[   27798ms] [LOG] [Fast Refresh] done in 57ms @ webpack-internal:///(app-pages-browser)/./node_modules/.pnpm/next@15.2.6_react-dom@19.0.0_react@19.0.0__react@19.0.0/node_modules/next/dist/client/components/react-dev-overlay/app/hot-reloader-client.js:73
[   27841ms] [LOG] [Fast Refresh] rebuilding @ webpack-internal:///(app-pages-browser)/./node_modules/.pnpm/next@15.2.6_react-dom@19.0.0_react@19.0.0__react@19.0.0/node_modules/next/dist/client/components/react-dev-overlay/app/hot-reloader-client.js:241
[   27893ms] [LOG] [Fast Refresh] rebuilding @ webpack-internal:///(app-pages-browser)/./node_modules/.pnpm/next@15.2.6_react-dom@19.0.0_react@19.0.0__react@19.0.0/node_modules/next/dist/client/components/react-dev-overlay/app/hot-reloader-client.js:241
[   27897ms] [LOG] [Fast Refresh] done in 3ms @ webpack-internal:///(app-pages-browser)/./node_modules/.pnpm/next@15.2.6_react-dom@19.0.0_react@19.0.0__react@19.0.0/node_modules/next/dist/client/components/react-dev-overlay/app/hot-reloader-client.js:73
[   27952ms] [LOG] [Fast Refresh] done in 59ms @ webpack-internal:///(app-pages-browser)/./node_modules/.pnpm/next@15.2.6_react-dom@19.0.0_react@19.0.0__react@19.0.0/node_modules/next/dist/client/components/react-dev-overlay/app/hot-reloader-client.js:73
[   27991ms] [LOG] [Fast Refresh] rebuilding @ webpack-internal:///(app-pages-browser)/./node_modules/.pnpm/next@15.2.6_react-dom@19.0.0_react@19.0.0__react@19.0.0/node_modules/next/dist/client/components/react-dev-overlay/app/hot-reloader-client.js:241
[   28042ms] [LOG] [Fast Refresh] rebuilding @ webpack-internal:///(app-pages-browser)/./node_modules/.pnpm/next@15.2.6_react-dom@19.0.0_react@19.0.0__react@19.0.0/node_modules/next/dist/client/components/react-dev-overlay/app/hot-reloader-client.js:241
[   28053ms] [LOG] [Fast Refresh] done in 11ms @ webpack-internal:///(app-pages-browser)/./node_modules/.pnpm/next@15.2.6_react-dom@19.0.0_react@19.0.0__react@19.0.0/node_modules/next/dist/client/components/react-dev-overlay/app/hot-reloader-client.js:73
[   28102ms] [LOG] [Fast Refresh] done in 60ms @ webpack-internal:///(app-pages-browser)/./node_modules/.pnpm/next@15.2.6_react-dom@19.0.0_react@19.0.0__react@19.0.0/node_modules/next/dist/client/components/react-dev-overlay/app/hot-reloader-client.js:73
[   28144ms] [LOG] [Fast Refresh] rebuilding @ webpack-internal:///(app-pages-browser)/./node_modules/.pnpm/next@15.2.6_react-dom@19.0.0_react@19.0.0__react@19.0.0/node_modules/next/dist/client/components/react-dev-overlay/app/hot-reloader-client.js:241
[   28200ms] [LOG] [Fast Refresh] done in 57ms @ webpack-internal:///(app-pages-browser)/./node_modules/.pnpm/next@15.2.6_react-dom@19.0.0_react@19.0.0__react@19.0.0/node_modules/next/dist/client/components/react-dev-overlay/app/hot-reloader-client.js:73
[   28204ms] [LOG] [Fast Refresh] rebuilding @ webpack-internal:///(app-pages-browser)/./node_modules/.pnpm/next@15.2.6_react-dom@19.0.0_react@19.0.0__react@19.0.0/node_modules/next/dist/client/components/react-dev-overlay/app/hot-reloader-client.js:241
[   28260ms] [LOG] [Fast Refresh] done in 56ms @ webpack-internal:///(app-pages-browser)/./node_modules/.pnpm/next@15.2.6_react-dom@19.0.0_react@19.0.0__react@19.0.0/node_modules/next/dist/client/components/react-dev-overlay/app/hot-reloader-client.js:73
[   28296ms] [LOG] [Fast Refresh] rebuilding @ webpack-internal:///(app-pages-browser)/./node_modules/.pnpm/next@15.2.6_react-dom@19.0.0_react@19.0.0__react@19.0.0/node_modules/next/dist/client/components/react-dev-overlay/app/hot-reloader-client.js:241
[   28357ms] [LOG] [Fast Refresh] done in 61ms @ webpack-internal:///(app-pages-browser)/./node_modules/.pnpm/next@15.2.6_react-dom@19.0.0_react@19.0.0__react@19.0.0/node_modules/next/dist/client/components/react-dev-overlay/app/hot-reloader-client.js:73
[   28396ms] [LOG] [Fast Refresh] rebuilding @ webpack-internal:///(app-pages-browser)/./node_modules/.pnpm/next@15.2.6_react-dom@19.0.0_react@19.0.0__react@19.0.0/node_modules/next/dist/client/components/react-dev-overlay/app/hot-reloader-client.js:241
[   28458ms] [LOG] [Fast Refresh] done in 61ms @ webpack-internal:///(app-pages-browser)/./node_modules/.pnpm/next@15.2.6_react-dom@19.0.0_react@19.0.0__react@19.0.0/node_modules/next/dist/client/components/react-dev-overlay/app/hot-reloader-client.js:73
[   28498ms] [LOG] [Fast Refresh] rebuilding @ webpack-internal:///(app-pages-browser)/./node_modules/.pnpm/next@15.2.6_react-dom@19.0.0_react@19.0.0__react@19.0.0/node_modules/next/dist/client/components/react-dev-overlay/app/hot-reloader-client.js:241
[   28558ms] [LOG] [Fast Refresh] done in 59ms @ webpack-internal:///(app-pages-browser)/./node_modules/.pnpm/next@15.2.6_react-dom@19.0.0_react@19.0.0__react@19.0.0/node_modules/next/dist/client/components/react-dev-overlay/app/hot-reloader-client.js:73
[   28600ms] [LOG] [Fast Refresh] rebuilding @ webpack-internal:///(app-pages-browser)/./node_modules/.pnpm/next@15.2.6_react-dom@19.0.0_react@19.0.0__react@19.0.0/node_modules/next/dist/client/components/react-dev-overlay/app/hot-reloader-client.js:241
[   28652ms] [LOG] [Fast Refresh] rebuilding @ webpack-internal:///(app-pages-browser)/./node_modules/.pnpm/next@15.2.6_react-dom@19.0.0_react@19.0.0__react@19.0.0/node_modules/next/dist/client/components/react-dev-overlay/app/hot-reloader-client.js:241
[   28664ms] [LOG] [Fast Refresh] done in 13ms @ webpack-internal:///(app-pages-browser)/./node_modules/.pnpm/next@15.2.6_react-dom@19.0.0_react@19.0.0__react@19.0.0/node_modules/next/dist/client/components/react-dev-overlay/app/hot-reloader-client.js:73
[   28732ms] [LOG] [Fast Refresh] done in 81ms @ webpack-internal:///(app-pages-browser)/./node_modules/.pnpm/next@15.2.6_react-dom@19.0.0_react@19.0.0__react@19.0.0/node_modules/next/dist/client/components/react-dev-overlay/app/hot-reloader-client.js:73
[   28751ms] [LOG] [Fast Refresh] rebuilding @ webpack-internal:///(app-pages-browser)/./node_modules/.pnpm/next@15.2.6_react-dom@19.0.0_react@19.0.0__react@19.0.0/node_modules/next/dist/client/components/react-dev-overlay/app/hot-reloader-client.js:241
[   28803ms] [LOG] [Fast Refresh] rebuilding @ webpack-internal:///(app-pages-browser)/./node_modules/.pnpm/next@15.2.6_react-dom@19.0.0_react@19.0.0__react@19.0.0/node_modules/next/dist/client/components/react-dev-overlay/app/hot-reloader-client.js:241
[   28812ms] [LOG] [Fast Refresh] done in 10ms @ webpack-internal:///(app-pages-browser)/./node_modules/.pnpm/next@15.2.6_react-dom@19.0.0_react@19.0.0__react@19.0.0/node_modules/next/dist/client/components/react-dev-overlay/app/hot-reloader-client.js:73
[   28856ms] [LOG] [Fast Refresh] rebuilding @ webpack-internal:///(app-pages-browser)/./node_modules/.pnpm/next@15.2.6_react-dom@19.0.0_react@19.0.0__react@19.0.0/node_modules/next/dist/client/components/react-dev-overlay/app/hot-reloader-client.js:241
[   28865ms] [LOG] [Fast Refresh] done in 9ms @ webpack-internal:///(app-pages-browser)/./node_modules/.pnpm/next@15.2.6_react-dom@19.0.0_react@19.0.0__react@19.0.0/node_modules/next/dist/client/components/react-dev-overlay/app/hot-reloader-client.js:73
[   28914ms] [LOG] [Fast Refresh] done in 58ms @ webpack-internal:///(app-pages-browser)/./node_modules/.pnpm/next@15.2.6_react-dom@19.0.0_react@19.0.0__react@19.0.0/node_modules/next/dist/client/components/react-dev-overlay/app/hot-reloader-client.js:73
[   28954ms] [LOG] [Fast Refresh] rebuilding @ webpack-internal:///(app-pages-browser)/./node_modules/.pnpm/next@15.2.6_react-dom@19.0.0_react@19.0.0__react@19.0.0/node_modules/next/dist/client/components/react-dev-overlay/app/hot-reloader-client.js:241
[   29006ms] [LOG] [Fast Refresh] rebuilding @ webpack-internal:///(app-pages-browser)/./node_modules/.pnpm/next@15.2.6_react-dom@19.0.0_react@19.0.0__react@19.0.0/node_modules/next/dist/client/components/react-dev-overlay/app/hot-reloader-client.js:241
[   29025ms] [LOG] [Fast Refresh] done in 19ms @ webpack-internal:///(app-pages-browser)/./node_modules/.pnpm/next@15.2.6_react-dom@19.0.0_react@19.0.0__react@19.0.0/node_modules/next/dist/client/components/react-dev-overlay/app/hot-reloader-client.js:73
[   29068ms] [LOG] [Fast Refresh] done in 63ms @ webpack-internal:///(app-pages-browser)/./node_modules/.pnpm/next@15.2.6_react-dom@19.0.0_react@19.0.0__react@19.0.0/node_modules/next/dist/client/components/react-dev-overlay/app/hot-reloader-client.js:73
[   29105ms] [LOG] [Fast Refresh] rebuilding @ webpack-internal:///(app-pages-browser)/./node_modules/.pnpm/next@15.2.6_react-dom@19.0.0_react@19.0.0__react@19.0.0/node_modules/next/dist/client/components/react-dev-overlay/app/hot-reloader-client.js:241
[   29156ms] [LOG] [Fast Refresh] rebuilding @ webpack-internal:///(app-pages-browser)/./node_modules/.pnpm/next@15.2.6_react-dom@19.0.0_react@19.0.0__react@19.0.0/node_modules/next/dist/client/components/react-dev-overlay/app/hot-reloader-client.js:241
[   29165ms] [LOG] [Fast Refresh] done in 10ms @ webpack-internal:///(app-pages-browser)/./node_modules/.pnpm/next@15.2.6_react-dom@19.0.0_react@19.0.0__react@19.0.0/node_modules/next/dist/client/components/react-dev-overlay/app/hot-reloader-client.js:73
[   29206ms] [LOG] [Fast Refresh] rebuilding @ webpack-internal:///(app-pages-browser)/./node_modules/.pnpm/next@15.2.6_react-dom@19.0.0_react@19.0.0__react@19.0.0/node_modules/next/dist/client/components/react-dev-overlay/app/hot-reloader-client.js:241
[   29214ms] [LOG] [Fast Refresh] done in 8ms @ webpack-internal:///(app-pages-browser)/./node_modules/.pnpm/next@15.2.6_react-dom@19.0.0_react@19.0.0__react@19.0.0/node_modules/next/dist/client/components/react-dev-overlay/app/hot-reloader-client.js:73
[   29258ms] [LOG] [Fast Refresh] rebuilding @ webpack-internal:///(app-pages-browser)/./node_modules/.pnpm/next@15.2.6_react-dom@19.0.0_react@19.0.0__react@19.0.0/node_modules/next/dist/client/components/react-dev-overlay/app/hot-reloader-client.js:241
[   29265ms] [LOG] [Fast Refresh] done in 6ms @ webpack-internal:///(app-pages-browser)/./node_modules/.pnpm/next@15.2.6_react-dom@19.0.0_react@19.0.0__react@19.0.0/node_modules/next/dist/client/components/react-dev-overlay/app/hot-reloader-client.js:73
[   29308ms] [LOG] [Fast Refresh] rebuilding @ webpack-internal:///(app-pages-browser)/./node_modules/.pnpm/next@15.2.6_react-dom@19.0.0_react@19.0.0__react@19.0.0/node_modules/next/dist/client/components/react-dev-overlay/app/hot-reloader-client.js:241
[   29316ms] [LOG] [Fast Refresh] done in 8ms @ webpack-internal:///(app-pages-browser)/./node_modules/.pnpm/next@15.2.6_react-dom@19.0.0_react@19.0.0__react@19.0.0/node_modules/next/dist/client/components/react-dev-overlay/app/hot-reloader-client.js:73
[   29359ms] [LOG] [Fast Refresh] rebuilding @ webpack-internal:///(app-pages-browser)/./node_modules/.pnpm/next@15.2.6_react-dom@19.0.0_react@19.0.0__react@19.0.0/node_modules/next/dist/client/components/react-dev-overlay/app/hot-reloader-client.js:241
[   29368ms] [LOG] [Fast Refresh] done in 9ms @ webpack-internal:///(app-pages-browser)/./node_modules/.pnpm/next@15.2.6_react-dom@19.0.0_react@19.0.0__react@19.0.0/node_modules/next/dist/client/components/react-dev-overlay/app/hot-reloader-client.js:73
[   29410ms] [LOG] [Fast Refresh] rebuilding @ webpack-internal:///(app-pages-browser)/./node_modules/.pnpm/next@15.2.6_react-dom@19.0.0_react@19.0.0__react@19.0.0/node_modules/next/dist/client/components/react-dev-overlay/app/hot-reloader-client.js:241
[   29420ms] [LOG] [Fast Refresh] done in 10ms @ webpack-internal:///(app-pages-browser)/./node_modules/.pnpm/next@15.2.6_react-dom@19.0.0_react@19.0.0__react@19.0.0/node_modules/next/dist/client/components/react-dev-overlay/app/hot-reloader-client.js:73
[   29460ms] [LOG] [Fast Refresh] rebuilding @ webpack-internal:///(app-pages-browser)/./node_modules/.pnpm/next@15.2.6_react-dom@19.0.0_react@19.0.0__react@19.0.0/node_modules/next/dist/client/components/react-dev-overlay/app/hot-reloader-client.js:241
[   29469ms] [LOG] [Fast Refresh] done in 9ms @ webpack-internal:///(app-pages-browser)/./node_modules/.pnpm/next@15.2.6_react-dom@19.0.0_react@19.0.0__react@19.0.0/node_modules/next/dist/client/components/react-dev-overlay/app/hot-reloader-client.js:73
[   29510ms] [LOG] [Fast Refresh] rebuilding @ webpack-internal:///(app-pages-browser)/./node_modules/.pnpm/next@15.2.6_react-dom@19.0.0_react@19.0.0__react@19.0.0/node_modules/next/dist/client/components/react-dev-overlay/app/hot-reloader-client.js:241
[   29519ms] [LOG] [Fast Refresh] done in 9ms @ webpack-internal:///(app-pages-browser)/./node_modules/.pnpm/next@15.2.6_react-dom@19.0.0_react@19.0.0__react@19.0.0/node_modules/next/dist/client/components/react-dev-overlay/app/hot-reloader-client.js:73
[   29561ms] [LOG] [Fast Refresh] rebuilding @ webpack-internal:///(app-pages-browser)/./node_modules/.pnpm/next@15.2.6_react-dom@19.0.0_react@19.0.0__react@19.0.0/node_modules/next/dist/client/components/react-dev-overlay/app/hot-reloader-client.js:241
[   29571ms] [LOG] [Fast Refresh] done in 11ms @ webpack-internal:///(app-pages-browser)/./node_modules/.pnpm/next@15.2.6_react-dom@19.0.0_react@19.0.0__react@19.0.0/node_modules/next/dist/client/components/react-dev-overlay/app/hot-reloader-client.js:73
[   29620ms] [LOG] [Fast Refresh] done in 59ms @ webpack-internal:///(app-pages-browser)/./node_modules/.pnpm/next@15.2.6_react-dom@19.0.0_react@19.0.0__react@19.0.0/node_modules/next/dist/client/components/react-dev-overlay/app/hot-reloader-client.js:73
[   29661ms] [LOG] [Fast Refresh] rebuilding @ webpack-internal:///(app-pages-browser)/./node_modules/.pnpm/next@15.2.6_react-dom@19.0.0_react@19.0.0__react@19.0.0/node_modules/next/dist/client/components/react-dev-overlay/app/hot-reloader-client.js:241
[   29711ms] [LOG] [Fast Refresh] rebuilding @ webpack-internal:///(app-pages-browser)/./node_modules/.pnpm/next@15.2.6_react-dom@19.0.0_react@19.0.0__react@19.0.0/node_modules/next/dist/client/components/react-dev-overlay/app/hot-reloader-client.js:241
[   29721ms] [LOG] [Fast Refresh] done in 10ms @ webpack-internal:///(app-pages-browser)/./node_modules/.pnpm/next@15.2.6_react-dom@19.0.0_react@19.0.0__react@19.0.0/node_modules/next/dist/client/components/react-dev-overlay/app/hot-reloader-client.js:73
[   29762ms] [LOG] [Fast Refresh] rebuilding @ webpack-internal:///(app-pages-browser)/./node_modules/.pnpm/next@15.2.6_react-dom@19.0.0_react@19.0.0__react@19.0.0/node_modules/next/dist/client/components/react-dev-overlay/app/hot-reloader-client.js:241
[   29772ms] [LOG] [Fast Refresh] done in 9ms @ webpack-internal:///(app-pages-browser)/./node_modules/.pnpm/next@15.2.6_react-dom@19.0.0_react@19.0.0__react@19.0.0/node_modules/next/dist/client/components/react-dev-overlay/app/hot-reloader-client.js:73
[   29813ms] [LOG] [Fast Refresh] rebuilding @ webpack-internal:///(app-pages-browser)/./node_modules/.pnpm/next@15.2.6_react-dom@19.0.0_react@19.0.0__react@19.0.0/node_modules/next/dist/client/components/react-dev-overlay/app/hot-reloader-client.js:241
[   29823ms] [LOG] [Fast Refresh] done in 10ms @ webpack-internal:///(app-pages-browser)/./node_modules/.pnpm/next@15.2.6_react-dom@19.0.0_react@19.0.0__react@19.0.0/node_modules/next/dist/client/components/react-dev-overlay/app/hot-reloader-client.js:73
[   29864ms] [LOG] [Fast Refresh] rebuilding @ webpack-internal:///(app-pages-browser)/./node_modules/.pnpm/next@15.2.6_react-dom@19.0.0_react@19.0.0__react@19.0.0/node_modules/next/dist/client/components/react-dev-overlay/app/hot-reloader-client.js:241
[   29873ms] [LOG] [Fast Refresh] done in 9ms @ webpack-internal:///(app-pages-browser)/./node_modules/.pnpm/next@15.2.6_react-dom@19.0.0_react@19.0.0__react@19.0.0/node_modules/next/dist/client/components/react-dev-overlay/app/hot-reloader-client.js:73
[   29913ms] [LOG] [Fast Refresh] rebuilding @ webpack-internal:///(app-pages-browser)/./node_modules/.pnpm/next@15.2.6_react-dom@19.0.0_react@19.0.0__react@19.0.0/node_modules/next/dist/client/components/react-dev-overlay/app/hot-reloader-client.js:241
[   29923ms] [LOG] [Fast Refresh] done in 11ms @ webpack-internal:///(app-pages-browser)/./node_modules/.pnpm/next@15.2.6_react-dom@19.0.0_react@19.0.0__react@19.0.0/node_modules/next/dist/client/components/react-dev-overlay/app/hot-reloader-client.js:73
[   29965ms] [LOG] [Fast Refresh] rebuilding @ webpack-internal:///(app-pages-browser)/./node_modules/.pnpm/next@15.2.6_react-dom@19.0.0_react@19.0.0__react@19.0.0/node_modules/next/dist/client/components/react-dev-overlay/app/hot-reloader-client.js:241
[   29974ms] [LOG] [Fast Refresh] done in 9ms @ webpack-internal:///(app-pages-browser)/./node_modules/.pnpm/next@15.2.6_react-dom@19.0.0_react@19.0.0__react@19.0.0/node_modules/next/dist/client/components/react-dev-overlay/app/hot-reloader-client.js:73
[   30016ms] [LOG] [Fast Refresh] rebuilding @ webpack-internal:///(app-pages-browser)/./node_modules/.pnpm/next@15.2.6_react-dom@19.0.0_react@19.0.0__react@19.0.0/node_modules/next/dist/client/components/react-dev-overlay/app/hot-reloader-client.js:241
[   30024ms] [LOG] [Fast Refresh] done in 8ms @ webpack-internal:///(app-pages-browser)/./node_modules/.pnpm/next@15.2.6_react-dom@19.0.0_react@19.0.0__react@19.0.0/node_modules/next/dist/client/components/react-dev-overlay/app/hot-reloader-client.js:73
[   30074ms] [LOG] [Fast Refresh] done in 58ms @ webpack-internal:///(app-pages-browser)/./node_modules/.pnpm/next@15.2.6_react-dom@19.0.0_react@19.0.0__react@19.0.0/node_modules/next/dist/client/components/react-dev-overlay/app/hot-reloader-client.js:73
[   30116ms] [LOG] [Fast Refresh] rebuilding @ webpack-internal:///(app-pages-browser)/./node_modules/.pnpm/next@15.2.6_react-dom@19.0.0_react@19.0.0__react@19.0.0/node_modules/next/dist/client/components/react-dev-overlay/app/hot-reloader-client.js:241
[   30168ms] [LOG] [Fast Refresh] rebuilding @ webpack-internal:///(app-pages-browser)/./node_modules/.pnpm/next@15.2.6_react-dom@19.0.0_react@19.0.0__react@19.0.0/node_modules/next/dist/client/components/react-dev-overlay/app/hot-reloader-client.js:241
[   30178ms] [LOG] [Fast Refresh] done in 10ms @ webpack-internal:///(app-pages-browser)/./node_modules/.pnpm/next@15.2.6_react-dom@19.0.0_react@19.0.0__react@19.0.0/node_modules/next/dist/client/components/react-dev-overlay/app/hot-reloader-client.js:73
[   30229ms] [LOG] [Fast Refresh] done in 61ms @ webpack-internal:///(app-pages-browser)/./node_modules/.pnpm/next@15.2.6_react-dom@19.0.0_react@19.0.0__react@19.0.0/node_modules/next/dist/client/components/react-dev-overlay/app/hot-reloader-client.js:73
[   30267ms] [LOG] [Fast Refresh] rebuilding @ webpack-internal:///(app-pages-browser)/./node_modules/.pnpm/next@15.2.6_react-dom@19.0.0_react@19.0.0__react@19.0.0/node_modules/next/dist/client/components/react-dev-overlay/app/hot-reloader-client.js:241
[   30317ms] [LOG] [Fast Refresh] rebuilding @ webpack-internal:///(app-pages-browser)/./node_modules/.pnpm/next@15.2.6_react-dom@19.0.0_react@19.0.0__react@19.0.0/node_modules/next/dist/client/components/react-dev-overlay/app/hot-reloader-client.js:241
[   30324ms] [LOG] [Fast Refresh] done in 7ms @ webpack-internal:///(app-pages-browser)/./node_modules/.pnpm/next@15.2.6_react-dom@19.0.0_react@19.0.0__react@19.0.0/node_modules/next/dist/client/components/react-dev-overlay/app/hot-reloader-client.js:73
[   30371ms] [LOG] [Fast Refresh] rebuilding @ webpack-internal:///(app-pages-browser)/./node_modules/.pnpm/next@15.2.6_react-dom@19.0.0_react@19.0.0__react@19.0.0/node_modules/next/dist/client/components/react-dev-overlay/app/hot-reloader-client.js:241
[   30381ms] [LOG] [Fast Refresh] done in 11ms @ webpack-internal:///(app-pages-browser)/./node_modules/.pnpm/next@15.2.6_react-dom@19.0.0_react@19.0.0__react@19.0.0/node_modules/next/dist/client/components/react-dev-overlay/app/hot-reloader-client.js:73
[   30422ms] [LOG] [Fast Refresh] rebuilding @ webpack-internal:///(app-pages-browser)/./node_modules/.pnpm/next@15.2.6_react-dom@19.0.0_react@19.0.0__react@19.0.0/node_modules/next/dist/client/components/react-dev-overlay/app/hot-reloader-client.js:241
[   30430ms] [LOG] [Fast Refresh] done in 8ms @ webpack-internal:///(app-pages-browser)/./node_modules/.pnpm/next@15.2.6_react-dom@19.0.0_react@19.0.0__react@19.0.0/node_modules/next/dist/client/components/react-dev-overlay/app/hot-reloader-client.js:73
[   30482ms] [LOG] [Fast Refresh] done in 59ms @ webpack-internal:///(app-pages-browser)/./node_modules/.pnpm/next@15.2.6_react-dom@19.0.0_react@19.0.0__react@19.0.0/node_modules/next/dist/client/components/react-dev-overlay/app/hot-reloader-client.js:73
[   30522ms] [LOG] [Fast Refresh] rebuilding @ webpack-internal:///(app-pages-browser)/./node_modules/.pnpm/next@15.2.6_react-dom@19.0.0_react@19.0.0__react@19.0.0/node_modules/next/dist/client/components/react-dev-overlay/app/hot-reloader-client.js:241
[   30572ms] [LOG] [Fast Refresh] rebuilding @ webpack-internal:///(app-pages-browser)/./node_modules/.pnpm/next@15.2.6_react-dom@19.0.0_react@19.0.0__react@19.0.0/node_modules/next/dist/client/components/react-dev-overlay/app/hot-reloader-client.js:241
[   30582ms] [LOG] [Fast Refresh] done in 10ms @ webpack-internal:///(app-pages-browser)/./node_modules/.pnpm/next@15.2.6_react-dom@19.0.0_react@19.0.0__react@19.0.0/node_modules/next/dist/client/components/react-dev-overlay/app/hot-reloader-client.js:73
[   30631ms] [LOG] [Fast Refresh] rebuilding @ webpack-internal:///(app-pages-browser)/./node_modules/.pnpm/next@15.2.6_react-dom@19.0.0_react@19.0.0__react@19.0.0/node_modules/next/dist/client/components/react-dev-overlay/app/hot-reloader-client.js:241
[   30637ms] [LOG] [Fast Refresh] done in 6ms @ webpack-internal:///(app-pages-browser)/./node_modules/.pnpm/next@15.2.6_react-dom@19.0.0_react@19.0.0__react@19.0.0/node_modules/next/dist/client/components/react-dev-overlay/app/hot-reloader-client.js:73
[   30689ms] [LOG] [Fast Refresh] done in 58ms @ webpack-internal:///(app-pages-browser)/./node_modules/.pnpm/next@15.2.6_react-dom@19.0.0_react@19.0.0__react@19.0.0/node_modules/next/dist/client/components/react-dev-overlay/app/hot-reloader-client.js:73
[   30724ms] [LOG] [Fast Refresh] rebuilding @ webpack-internal:///(app-pages-browser)/./node_modules/.pnpm/next@15.2.6_react-dom@19.0.0_react@19.0.0__react@19.0.0/node_modules/next/dist/client/components/react-dev-overlay/app/hot-reloader-client.js:241
[   30774ms] [LOG] [Fast Refresh] rebuilding @ webpack-internal:///(app-pages-browser)/./node_modules/.pnpm/next@15.2.6_react-dom@19.0.0_react@19.0.0__react@19.0.0/node_modules/next/dist/client/components/react-dev-overlay/app/hot-reloader-client.js:241
[   30781ms] [LOG] [Fast Refresh] done in 8ms @ webpack-internal:///(app-pages-browser)/./node_modules/.pnpm/next@15.2.6_react-dom@19.0.0_react@19.0.0__react@19.0.0/node_modules/next/dist/client/components/react-dev-overlay/app/hot-reloader-client.js:73
[   30825ms] [LOG] [Fast Refresh] rebuilding @ webpack-internal:///(app-pages-browser)/./node_modules/.pnpm/next@15.2.6_react-dom@19.0.0_react@19.0.0__react@19.0.0/node_modules/next/dist/client/components/react-dev-overlay/app/hot-reloader-client.js:241
[   30830ms] [LOG] [Fast Refresh] done in 6ms @ webpack-internal:///(app-pages-browser)/./node_modules/.pnpm/next@15.2.6_react-dom@19.0.0_react@19.0.0__react@19.0.0/node_modules/next/dist/client/components/react-dev-overlay/app/hot-reloader-client.js:73
[   30874ms] [LOG] [Fast Refresh] rebuilding @ webpack-internal:///(app-pages-browser)/./node_modules/.pnpm/next@15.2.6_react-dom@19.0.0_react@19.0.0__react@19.0.0/node_modules/next/dist/client/components/react-dev-overlay/app/hot-reloader-client.js:241
[   30881ms] [LOG] [Fast Refresh] done in 7ms @ webpack-internal:///(app-pages-browser)/./node_modules/.pnpm/next@15.2.6_react-dom@19.0.0_react@19.0.0__react@19.0.0/node_modules/next/dist/client/components/react-dev-overlay/app/hot-reloader-client.js:73
[   30925ms] [LOG] [Fast Refresh] rebuilding @ webpack-internal:///(app-pages-browser)/./node_modules/.pnpm/next@15.2.6_react-dom@19.0.0_react@19.0.0__react@19.0.0/node_modules/next/dist/client/components/react-dev-overlay/app/hot-reloader-client.js:241
[   30932ms] [LOG] [Fast Refresh] done in 7ms @ webpack-internal:///(app-pages-browser)/./node_modules/.pnpm/next@15.2.6_react-dom@19.0.0_react@19.0.0__react@19.0.0/node_modules/next/dist/client/components/react-dev-overlay/app/hot-reloader-client.js:73
[   30975ms] [LOG] [Fast Refresh] rebuilding @ webpack-internal:///(app-pages-browser)/./node_modules/.pnpm/next@15.2.6_react-dom@19.0.0_react@19.0.0__react@19.0.0/node_modules/next/dist/client/components/react-dev-overlay/app/hot-reloader-client.js:241
[   30984ms] [LOG] [Fast Refresh] done in 10ms @ webpack-internal:///(app-pages-browser)/./node_modules/.pnpm/next@15.2.6_react-dom@19.0.0_react@19.0.0__react@19.0.0/node_modules/next/dist/client/components/react-dev-overlay/app/hot-reloader-client.js:73
[   31029ms] [LOG] [Fast Refresh] rebuilding @ webpack-internal:///(app-pages-browser)/./node_modules/.pnpm/next@15.2.6_react-dom@19.0.0_react@19.0.0__react@19.0.0/node_modules/next/dist/client/components/react-dev-overlay/app/hot-reloader-client.js:241
[   31038ms] [LOG] [Fast Refresh] done in 10ms @ webpack-internal:///(app-pages-browser)/./node_modules/.pnpm/next@15.2.6_react-dom@19.0.0_react@19.0.0__react@19.0.0/node_modules/next/dist/client/components/react-dev-overlay/app/hot-reloader-client.js:73
[   31086ms] [LOG] [Fast Refresh] done in 58ms @ webpack-internal:///(app-pages-browser)/./node_modules/.pnpm/next@15.2.6_react-dom@19.0.0_react@19.0.0__react@19.0.0/node_modules/next/dist/client/components/react-dev-overlay/app/hot-reloader-client.js:73
[   31128ms] [LOG] [Fast Refresh] rebuilding @ webpack-internal:///(app-pages-browser)/./node_modules/.pnpm/next@15.2.6_react-dom@19.0.0_react@19.0.0__react@19.0.0/node_modules/next/dist/client/components/react-dev-overlay/app/hot-reloader-client.js:241
[   31180ms] [LOG] [Fast Refresh] rebuilding @ webpack-internal:///(app-pages-browser)/./node_modules/.pnpm/next@15.2.6_react-dom@19.0.0_react@19.0.0__react@19.0.0/node_modules/next/dist/client/components/react-dev-overlay/app/hot-reloader-client.js:241
[   31190ms] [LOG] [Fast Refresh] done in 10ms @ webpack-internal:///(app-pages-browser)/./node_modules/.pnpm/next@15.2.6_react-dom@19.0.0_react@19.0.0__react@19.0.0/node_modules/next/dist/client/components/react-dev-overlay/app/hot-reloader-client.js:73
[   31231ms] [LOG] [Fast Refresh] rebuilding @ webpack-internal:///(app-pages-browser)/./node_modules/.pnpm/next@15.2.6_react-dom@19.0.0_react@19.0.0__react@19.0.0/node_modules/next/dist/client/components/react-dev-overlay/app/hot-reloader-client.js:241
[   31240ms] [LOG] [Fast Refresh] done in 9ms @ webpack-internal:///(app-pages-browser)/./node_modules/.pnpm/next@15.2.6_react-dom@19.0.0_react@19.0.0__react@19.0.0/node_modules/next/dist/client/components/react-dev-overlay/app/hot-reloader-client.js:73
[   31282ms] [LOG] [Fast Refresh] rebuilding @ webpack-internal:///(app-pages-browser)/./node_modules/.pnpm/next@15.2.6_react-dom@19.0.0_react@19.0.0__react@19.0.0/node_modules/next/dist/client/components/react-dev-overlay/app/hot-reloader-client.js:241
[   31291ms] [LOG] [Fast Refresh] done in 8ms @ webpack-internal:///(app-pages-browser)/./node_modules/.pnpm/next@15.2.6_react-dom@19.0.0_react@19.0.0__react@19.0.0/node_modules/next/dist/client/components/react-dev-overlay/app/hot-reloader-client.js:73
[   31333ms] [LOG] [Fast Refresh] rebuilding @ webpack-internal:///(app-pages-browser)/./node_modules/.pnpm/next@15.2.6_react-dom@19.0.0_react@19.0.0__react@19.0.0/node_modules/next/dist/client/components/react-dev-overlay/app/hot-reloader-client.js:241
[   31339ms] [LOG] [Fast Refresh] done in 7ms @ webpack-internal:///(app-pages-browser)/./node_modules/.pnpm/next@15.2.6_react-dom@19.0.0_react@19.0.0__react@19.0.0/node_modules/next/dist/client/components/react-dev-overlay/app/hot-reloader-client.js:73
[   31383ms] [LOG] [Fast Refresh] rebuilding @ webpack-internal:///(app-pages-browser)/./node_modules/.pnpm/next@15.2.6_react-dom@19.0.0_react@19.0.0__react@19.0.0/node_modules/next/dist/client/components/react-dev-overlay/app/hot-reloader-client.js:241
[   31389ms] [LOG] [Fast Refresh] done in 6ms @ webpack-internal:///(app-pages-browser)/./node_modules/.pnpm/next@15.2.6_react-dom@19.0.0_react@19.0.0__react@19.0.0/node_modules/next/dist/client/components/react-dev-overlay/app/hot-reloader-client.js:73
[   31432ms] [LOG] [Fast Refresh] rebuilding @ webpack-internal:///(app-pages-browser)/./node_modules/.pnpm/next@15.2.6_react-dom@19.0.0_react@19.0.0__react@19.0.0/node_modules/next/dist/client/components/react-dev-overlay/app/hot-reloader-client.js:241
[   31440ms] [LOG] [Fast Refresh] done in 8ms @ webpack-internal:///(app-pages-browser)/./node_modules/.pnpm/next@15.2.6_react-dom@19.0.0_react@19.0.0__react@19.0.0/node_modules/next/dist/client/components/react-dev-overlay/app/hot-reloader-client.js:73
[   31483ms] [LOG] [Fast Refresh] rebuilding @ webpack-internal:///(app-pages-browser)/./node_modules/.pnpm/next@15.2.6_react-dom@19.0.0_react@19.0.0__react@19.0.0/node_modules/next/dist/client/components/react-dev-overlay/app/hot-reloader-client.js:241
[   31492ms] [LOG] [Fast Refresh] done in 8ms @ webpack-internal:///(app-pages-browser)/./node_modules/.pnpm/next@15.2.6_react-dom@19.0.0_react@19.0.0__react@19.0.0/node_modules/next/dist/client/components/react-dev-overlay/app/hot-reloader-client.js:73
[   31534ms] [LOG] [Fast Refresh] rebuilding @ webpack-internal:///(app-pages-browser)/./node_modules/.pnpm/next@15.2.6_react-dom@19.0.0_react@19.0.0__react@19.0.0/node_modules/next/dist/client/components/react-dev-overlay/app/hot-reloader-client.js:241
[   31543ms] [LOG] [Fast Refresh] done in 9ms @ webpack-internal:///(app-pages-browser)/./node_modules/.pnpm/next@15.2.6_react-dom@19.0.0_react@19.0.0__react@19.0.0/node_modules/next/dist/client/components/react-dev-overlay/app/hot-reloader-client.js:73
[   31585ms] [LOG] [Fast Refresh] rebuilding @ webpack-internal:///(app-pages-browser)/./node_modules/.pnpm/next@15.2.6_react-dom@19.0.0_react@19.0.0__react@19.0.0/node_modules/next/dist/client/components/react-dev-overlay/app/hot-reloader-client.js:241
[   31594ms] [LOG] [Fast Refresh] done in 10ms @ webpack-internal:///(app-pages-browser)/./node_modules/.pnpm/next@15.2.6_react-dom@19.0.0_react@19.0.0__react@19.0.0/node_modules/next/dist/client/components/react-dev-overlay/app/hot-reloader-client.js:73
[   31636ms] [LOG] [Fast Refresh] rebuilding @ webpack-internal:///(app-pages-browser)/./node_modules/.pnpm/next@15.2.6_react-dom@19.0.0_react@19.0.0__react@19.0.0/node_modules/next/dist/client/components/react-dev-overlay/app/hot-reloader-client.js:241
[   31645ms] [LOG] [Fast Refresh] done in 9ms @ webpack-internal:///(app-pages-browser)/./node_modules/.pnpm/next@15.2.6_react-dom@19.0.0_react@19.0.0__react@19.0.0/node_modules/next/dist/client/components/react-dev-overlay/app/hot-reloader-client.js:73
[   31694ms] [LOG] [Fast Refresh] done in 58ms @ webpack-internal:///(app-pages-browser)/./node_modules/.pnpm/next@15.2.6_react-dom@19.0.0_react@19.0.0__react@19.0.0/node_modules/next/dist/client/components/react-dev-overlay/app/hot-reloader-client.js:73
[   31734ms] [LOG] [Fast Refresh] rebuilding @ webpack-internal:///(app-pages-browser)/./node_modules/.pnpm/next@15.2.6_react-dom@19.0.0_react@19.0.0__react@19.0.0/node_modules/next/dist/client/components/react-dev-overlay/app/hot-reloader-client.js:241
[   31806ms] [LOG] [Fast Refresh] done in 72ms @ webpack-internal:///(app-pages-browser)/./node_modules/.pnpm/next@15.2.6_react-dom@19.0.0_react@19.0.0__react@19.0.0/node_modules/next/dist/client/components/react-dev-overlay/app/hot-reloader-client.js:73
[   31836ms] [LOG] [Fast Refresh] rebuilding @ webpack-internal:///(app-pages-browser)/./node_modules/.pnpm/next@15.2.6_react-dom@19.0.0_react@19.0.0__react@19.0.0/node_modules/next/dist/client/components/react-dev-overlay/app/hot-reloader-client.js:241
[   31887ms] [LOG] [Fast Refresh] rebuilding @ webpack-internal:///(app-pages-browser)/./node_modules/.pnpm/next@15.2.6_react-dom@19.0.0_react@19.0.0__react@19.0.0/node_modules/next/dist/client/components/react-dev-overlay/app/hot-reloader-client.js:241
[   31895ms] [LOG] [Fast Refresh] done in 9ms @ webpack-internal:///(app-pages-browser)/./node_modules/.pnpm/next@15.2.6_react-dom@19.0.0_react@19.0.0__react@19.0.0/node_modules/next/dist/client/components/react-dev-overlay/app/hot-reloader-client.js:73
[   31940ms] [LOG] [Fast Refresh] rebuilding @ webpack-internal:///(app-pages-browser)/./node_modules/.pnpm/next@15.2.6_react-dom@19.0.0_react@19.0.0__react@19.0.0/node_modules/next/dist/client/components/react-dev-overlay/app/hot-reloader-client.js:241
[   31947ms] [LOG] [Fast Refresh] done in 6ms @ webpack-internal:///(app-pages-browser)/./node_modules/.pnpm/next@15.2.6_react-dom@19.0.0_react@19.0.0__react@19.0.0/node_modules/next/dist/client/components/react-dev-overlay/app/hot-reloader-client.js:73
[   31991ms] [LOG] [Fast Refresh] rebuilding @ webpack-internal:///(app-pages-browser)/./node_modules/.pnpm/next@15.2.6_react-dom@19.0.0_react@19.0.0__react@19.0.0/node_modules/next/dist/client/components/react-dev-overlay/app/hot-reloader-client.js:241
[   31997ms] [LOG] [Fast Refresh] done in 7ms @ webpack-internal:///(app-pages-browser)/./node_modules/.pnpm/next@15.2.6_react-dom@19.0.0_react@19.0.0__react@19.0.0/node_modules/next/dist/client/components/react-dev-overlay/app/hot-reloader-client.js:73
[   32041ms] [LOG] [Fast Refresh] rebuilding @ webpack-internal:///(app-pages-browser)/./node_modules/.pnpm/next@15.2.6_react-dom@19.0.0_react@19.0.0__react@19.0.0/node_modules/next/dist/client/components/react-dev-overlay/app/hot-reloader-client.js:241
[   32047ms] [LOG] [Fast Refresh] done in 7ms @ webpack-internal:///(app-pages-browser)/./node_modules/.pnpm/next@15.2.6_react-dom@19.0.0_react@19.0.0__react@19.0.0/node_modules/next/dist/client/components/react-dev-overlay/app/hot-reloader-client.js:73
[   32091ms] [LOG] [Fast Refresh] rebuilding @ webpack-internal:///(app-pages-browser)/./node_modules/.pnpm/next@15.2.6_react-dom@19.0.0_react@19.0.0__react@19.0.0/node_modules/next/dist/client/components/react-dev-overlay/app/hot-reloader-client.js:241
[   32100ms] [LOG] [Fast Refresh] done in 10ms @ webpack-internal:///(app-pages-browser)/./node_modules/.pnpm/next@15.2.6_react-dom@19.0.0_react@19.0.0__react@19.0.0/node_modules/next/dist/client/components/react-dev-overlay/app/hot-reloader-client.js:73
[   32141ms] [LOG] [Fast Refresh] rebuilding @ webpack-internal:///(app-pages-browser)/./node_modules/.pnpm/next@15.2.6_react-dom@19.0.0_react@19.0.0__react@19.0.0/node_modules/next/dist/client/components/react-dev-overlay/app/hot-reloader-client.js:241
[   32149ms] [LOG] [Fast Refresh] done in 9ms @ webpack-internal:///(app-pages-browser)/./node_modules/.pnpm/next@15.2.6_react-dom@19.0.0_react@19.0.0__react@19.0.0/node_modules/next/dist/client/components/react-dev-overlay/app/hot-reloader-client.js:73
[   32192ms] [LOG] [Fast Refresh] rebuilding @ webpack-internal:///(app-pages-browser)/./node_modules/.pnpm/next@15.2.6_react-dom@19.0.0_react@19.0.0__react@19.0.0/node_modules/next/dist/client/components/react-dev-overlay/app/hot-reloader-client.js:241
[   32202ms] [LOG] [Fast Refresh] done in 10ms @ webpack-internal:///(app-pages-browser)/./node_modules/.pnpm/next@15.2.6_react-dom@19.0.0_react@19.0.0__react@19.0.0/node_modules/next/dist/client/components/react-dev-overlay/app/hot-reloader-client.js:73
[   32245ms] [LOG] [Fast Refresh] rebuilding @ webpack-internal:///(app-pages-browser)/./node_modules/.pnpm/next@15.2.6_react-dom@19.0.0_react@19.0.0__react@19.0.0/node_modules/next/dist/client/components/react-dev-overlay/app/hot-reloader-client.js:241
[   32255ms] [LOG] [Fast Refresh] done in 11ms @ webpack-internal:///(app-pages-browser)/./node_modules/.pnpm/next@15.2.6_react-dom@19.0.0_react@19.0.0__react@19.0.0/node_modules/next/dist/client/components/react-dev-overlay/app/hot-reloader-client.js:73
[   32301ms] [LOG] [Fast Refresh] done in 57ms @ webpack-internal:///(app-pages-browser)/./node_modules/.pnpm/next@15.2.6_react-dom@19.0.0_react@19.0.0__react@19.0.0/node_modules/next/dist/client/components/react-dev-overlay/app/hot-reloader-client.js:73
[   32342ms] [LOG] [Fast Refresh] rebuilding @ webpack-internal:///(app-pages-browser)/./node_modules/.pnpm/next@15.2.6_react-dom@19.0.0_react@19.0.0__react@19.0.0/node_modules/next/dist/client/components/react-dev-overlay/app/hot-reloader-client.js:241
[   32393ms] [LOG] [Fast Refresh] rebuilding @ webpack-internal:///(app-pages-browser)/./node_modules/.pnpm/next@15.2.6_react-dom@19.0.0_react@19.0.0__react@19.0.0/node_modules/next/dist/client/components/react-dev-overlay/app/hot-reloader-client.js:241
[   32403ms] [LOG] [Fast Refresh] done in 9ms @ webpack-internal:///(app-pages-browser)/./node_modules/.pnpm/next@15.2.6_react-dom@19.0.0_react@19.0.0__react@19.0.0/node_modules/next/dist/client/components/react-dev-overlay/app/hot-reloader-client.js:73
[   32446ms] [LOG] [Fast Refresh] rebuilding @ webpack-internal:///(app-pages-browser)/./node_modules/.pnpm/next@15.2.6_react-dom@19.0.0_react@19.0.0__react@19.0.0/node_modules/next/dist/client/components/react-dev-overlay/app/hot-reloader-client.js:241
[   32456ms] [LOG] [Fast Refresh] done in 11ms @ webpack-internal:///(app-pages-browser)/./node_modules/.pnpm/next@15.2.6_react-dom@19.0.0_react@19.0.0__react@19.0.0/node_modules/next/dist/client/components/react-dev-overlay/app/hot-reloader-client.js:73
[   32509ms] [LOG] [Fast Refresh] done in 63ms @ webpack-internal:///(app-pages-browser)/./node_modules/.pnpm/next@15.2.6_react-dom@19.0.0_react@19.0.0__react@19.0.0/node_modules/next/dist/client/components/react-dev-overlay/app/hot-reloader-client.js:73
[   32545ms] [LOG] [Fast Refresh] rebuilding @ webpack-internal:///(app-pages-browser)/./node_modules/.pnpm/next@15.2.6_react-dom@19.0.0_react@19.0.0__react@19.0.0/node_modules/next/dist/client/components/react-dev-overlay/app/hot-reloader-client.js:241
[   32597ms] [LOG] [Fast Refresh] rebuilding @ webpack-internal:///(app-pages-browser)/./node_modules/.pnpm/next@15.2.6_react-dom@19.0.0_react@19.0.0__react@19.0.0/node_modules/next/dist/client/components/react-dev-overlay/app/hot-reloader-client.js:241
[   32605ms] [LOG] [Fast Refresh] done in 7ms @ webpack-internal:///(app-pages-browser)/./node_modules/.pnpm/next@15.2.6_react-dom@19.0.0_react@19.0.0__react@19.0.0/node_modules/next/dist/client/components/react-dev-overlay/app/hot-reloader-client.js:73
[   32656ms] [LOG] [Fast Refresh] done in 58ms @ webpack-internal:///(app-pages-browser)/./node_modules/.pnpm/next@15.2.6_react-dom@19.0.0_react@19.0.0__react@19.0.0/node_modules/next/dist/client/components/react-dev-overlay/app/hot-reloader-client.js:73
[   32697ms] [LOG] [Fast Refresh] rebuilding @ webpack-internal:///(app-pages-browser)/./node_modules/.pnpm/next@15.2.6_react-dom@19.0.0_react@19.0.0__react@19.0.0/node_modules/next/dist/client/components/react-dev-overlay/app/hot-reloader-client.js:241
[   32750ms] [LOG] [Fast Refresh] rebuilding @ webpack-internal:///(app-pages-browser)/./node_modules/.pnpm/next@15.2.6_react-dom@19.0.0_react@19.0.0__react@19.0.0/node_modules/next/dist/client/components/react-dev-overlay/app/hot-reloader-client.js:241
[   32759ms] [LOG] [Fast Refresh] done in 9ms @ webpack-internal:///(app-pages-browser)/./node_modules/.pnpm/next@15.2.6_react-dom@19.0.0_react@19.0.0__react@19.0.0/node_modules/next/dist/client/components/react-dev-overlay/app/hot-reloader-client.js:73
[   32801ms] [LOG] [Fast Refresh] rebuilding @ webpack-internal:///(app-pages-browser)/./node_modules/.pnpm/next@15.2.6_react-dom@19.0.0_react@19.0.0__react@19.0.0/node_modules/next/dist/client/components/react-dev-overlay/app/hot-reloader-client.js:241
[   32811ms] [LOG] [Fast Refresh] done in 10ms @ webpack-internal:///(app-pages-browser)/./node_modules/.pnpm/next@15.2.6_react-dom@19.0.0_react@19.0.0__react@19.0.0/node_modules/next/dist/client/components/react-dev-overlay/app/hot-reloader-client.js:73
[   32853ms] [LOG] [Fast Refresh] rebuilding @ webpack-internal:///(app-pages-browser)/./node_modules/.pnpm/next@15.2.6_react-dom@19.0.0_react@19.0.0__react@19.0.0/node_modules/next/dist/client/components/react-dev-overlay/app/hot-reloader-client.js:241
[   32865ms] [LOG] [Fast Refresh] done in 11ms @ webpack-internal:///(app-pages-browser)/./node_modules/.pnpm/next@15.2.6_react-dom@19.0.0_react@19.0.0__react@19.0.0/node_modules/next/dist/client/components/react-dev-overlay/app/hot-reloader-client.js:73
[   32914ms] [LOG] [Fast Refresh] done in 60ms @ webpack-internal:///(app-pages-browser)/./node_modules/.pnpm/next@15.2.6_react-dom@19.0.0_react@19.0.0__react@19.0.0/node_modules/next/dist/client/components/react-dev-overlay/app/hot-reloader-client.js:73
[   32951ms] [LOG] [Fast Refresh] rebuilding @ webpack-internal:///(app-pages-browser)/./node_modules/.pnpm/next@15.2.6_react-dom@19.0.0_react@19.0.0__react@19.0.0/node_modules/next/dist/client/components/react-dev-overlay/app/hot-reloader-client.js:241
[   33003ms] [LOG] [Fast Refresh] rebuilding @ webpack-internal:///(app-pages-browser)/./node_modules/.pnpm/next@15.2.6_react-dom@19.0.0_react@19.0.0__react@19.0.0/node_modules/next/dist/client/components/react-dev-overlay/app/hot-reloader-client.js:241
[   33014ms] [LOG] [Fast Refresh] done in 11ms @ webpack-internal:///(app-pages-browser)/./node_modules/.pnpm/next@15.2.6_react-dom@19.0.0_react@19.0.0__react@19.0.0/node_modules/next/dist/client/components/react-dev-overlay/app/hot-reloader-client.js:73
[   33065ms] [LOG] [Fast Refresh] done in 62ms @ webpack-internal:///(app-pages-browser)/./node_modules/.pnpm/next@15.2.6_react-dom@19.0.0_react@19.0.0__react@19.0.0/node_modules/next/dist/client/components/react-dev-overlay/app/hot-reloader-client.js:73
[   33105ms] [LOG] [Fast Refresh] rebuilding @ webpack-internal:///(app-pages-browser)/./node_modules/.pnpm/next@15.2.6_react-dom@19.0.0_react@19.0.0__react@19.0.0/node_modules/next/dist/client/components/react-dev-overlay/app/hot-reloader-client.js:241
[   33180ms] [LOG] [Fast Refresh] done in 75ms @ webpack-internal:///(app-pages-browser)/./node_modules/.pnpm/next@15.2.6_react-dom@19.0.0_react@19.0.0__react@19.0.0/node_modules/next/dist/client/components/react-dev-overlay/app/hot-reloader-client.js:73
[   33205ms] [LOG] [Fast Refresh] rebuilding @ webpack-internal:///(app-pages-browser)/./node_modules/.pnpm/next@15.2.6_react-dom@19.0.0_react@19.0.0__react@19.0.0/node_modules/next/dist/client/components/react-dev-overlay/app/hot-reloader-client.js:241
[   33265ms] [LOG] [Fast Refresh] done in 60ms @ webpack-internal:///(app-pages-browser)/./node_modules/.pnpm/next@15.2.6_react-dom@19.0.0_react@19.0.0__react@19.0.0/node_modules/next/dist/client/components/react-dev-overlay/app/hot-reloader-client.js:73
[   33306ms] [LOG] [Fast Refresh] rebuilding @ webpack-internal:///(app-pages-browser)/./node_modules/.pnpm/next@15.2.6_react-dom@19.0.0_react@19.0.0__react@19.0.0/node_modules/next/dist/client/components/react-dev-overlay/app/hot-reloader-client.js:241
[   33366ms] [LOG] [Fast Refresh] done in 59ms @ webpack-internal:///(app-pages-browser)/./node_modules/.pnpm/next@15.2.6_react-dom@19.0.0_react@19.0.0__react@19.0.0/node_modules/next/dist/client/components/react-dev-overlay/app/hot-reloader-client.js:73
[   33407ms] [LOG] [Fast Refresh] rebuilding @ webpack-internal:///(app-pages-browser)/./node_modules/.pnpm/next@15.2.6_react-dom@19.0.0_react@19.0.0__react@19.0.0/node_modules/next/dist/client/components/react-dev-overlay/app/hot-reloader-client.js:241
[   33460ms] [LOG] [Fast Refresh] rebuilding @ webpack-internal:///(app-pages-browser)/./node_modules/.pnpm/next@15.2.6_react-dom@19.0.0_react@19.0.0__react@19.0.0/node_modules/next/dist/client/components/react-dev-overlay/app/hot-reloader-client.js:241
[   33471ms] [LOG] [Fast Refresh] done in 11ms @ webpack-internal:///(app-pages-browser)/./node_modules/.pnpm/next@15.2.6_react-dom@19.0.0_react@19.0.0__react@19.0.0/node_modules/next/dist/client/components/react-dev-overlay/app/hot-reloader-client.js:73
[   33519ms] [LOG] [Fast Refresh] done in 60ms @ webpack-internal:///(app-pages-browser)/./node_modules/.pnpm/next@15.2.6_react-dom@19.0.0_react@19.0.0__react@19.0.0/node_modules/next/dist/client/components/react-dev-overlay/app/hot-reloader-client.js:73
[   33560ms] [LOG] [Fast Refresh] rebuilding @ webpack-internal:///(app-pages-browser)/./node_modules/.pnpm/next@15.2.6_react-dom@19.0.0_react@19.0.0__react@19.0.0/node_modules/next/dist/client/components/react-dev-overlay/app/hot-reloader-client.js:241
[   33610ms] [LOG] [Fast Refresh] rebuilding @ webpack-internal:///(app-pages-browser)/./node_modules/.pnpm/next@15.2.6_react-dom@19.0.0_react@19.0.0__react@19.0.0/node_modules/next/dist/client/components/react-dev-overlay/app/hot-reloader-client.js:241
[   33620ms] [LOG] [Fast Refresh] done in 10ms @ webpack-internal:///(app-pages-browser)/./node_modules/.pnpm/next@15.2.6_react-dom@19.0.0_react@19.0.0__react@19.0.0/node_modules/next/dist/client/components/react-dev-overlay/app/hot-reloader-client.js:73
[   33663ms] [LOG] [Fast Refresh] rebuilding @ webpack-internal:///(app-pages-browser)/./node_modules/.pnpm/next@15.2.6_react-dom@19.0.0_react@19.0.0__react@19.0.0/node_modules/next/dist/client/components/react-dev-overlay/app/hot-reloader-client.js:241
[   33672ms] [LOG] [Fast Refresh] done in 10ms @ webpack-internal:///(app-pages-browser)/./node_modules/.pnpm/next@15.2.6_react-dom@19.0.0_react@19.0.0__react@19.0.0/node_modules/next/dist/client/components/react-dev-overlay/app/hot-reloader-client.js:73
[   33721ms] [LOG] [Fast Refresh] done in 59ms @ webpack-internal:///(app-pages-browser)/./node_modules/.pnpm/next@15.2.6_react-dom@19.0.0_react@19.0.0__react@19.0.0/node_modules/next/dist/client/components/react-dev-overlay/app/hot-reloader-client.js:73
[   33763ms] [LOG] [Fast Refresh] rebuilding @ webpack-internal:///(app-pages-browser)/./node_modules/.pnpm/next@15.2.6_react-dom@19.0.0_react@19.0.0__react@19.0.0/node_modules/next/dist/client/components/react-dev-overlay/app/hot-reloader-client.js:241
[   33823ms] [LOG] [Fast Refresh] done in 60ms @ webpack-internal:///(app-pages-browser)/./node_modules/.pnpm/next@15.2.6_react-dom@19.0.0_react@19.0.0__react@19.0.0/node_modules/next/dist/client/components/react-dev-overlay/app/hot-reloader-client.js:73
[   33866ms] [LOG] [Fast Refresh] rebuilding @ webpack-internal:///(app-pages-browser)/./node_modules/.pnpm/next@15.2.6_react-dom@19.0.0_react@19.0.0__react@19.0.0/node_modules/next/dist/client/components/react-dev-overlay/app/hot-reloader-client.js:241
[   33930ms] [LOG] [Fast Refresh] done in 63ms @ webpack-internal:///(app-pages-browser)/./node_modules/.pnpm/next@15.2.6_react-dom@19.0.0_react@19.0.0__react@19.0.0/node_modules/next/dist/client/components/react-dev-overlay/app/hot-reloader-client.js:73
[   33969ms] [LOG] [Fast Refresh] rebuilding @ webpack-internal:///(app-pages-browser)/./node_modules/.pnpm/next@15.2.6_react-dom@19.0.0_react@19.0.0__react@19.0.0/node_modules/next/dist/client/components/react-dev-overlay/app/hot-reloader-client.js:241
[   34029ms] [LOG] [Fast Refresh] rebuilding @ webpack-internal:///(app-pages-browser)/./node_modules/.pnpm/next@15.2.6_react-dom@19.0.0_react@19.0.0__react@19.0.0/node_modules/next/dist/client/components/react-dev-overlay/app/hot-reloader-client.js:241
[   34045ms] [LOG] [Fast Refresh] done in 17ms @ webpack-internal:///(app-pages-browser)/./node_modules/.pnpm/next@15.2.6_react-dom@19.0.0_react@19.0.0__react@19.0.0/node_modules/next/dist/client/components/react-dev-overlay/app/hot-reloader-client.js:73
[   34094ms] [LOG] [Fast Refresh] done in 65ms @ webpack-internal:///(app-pages-browser)/./node_modules/.pnpm/next@15.2.6_react-dom@19.0.0_react@19.0.0__react@19.0.0/node_modules/next/dist/client/components/react-dev-overlay/app/hot-reloader-client.js:73
[   34117ms] [LOG] [Fast Refresh] rebuilding @ webpack-internal:///(app-pages-browser)/./node_modules/.pnpm/next@15.2.6_react-dom@19.0.0_react@19.0.0__react@19.0.0/node_modules/next/dist/client/components/react-dev-overlay/app/hot-reloader-client.js:241
[   34185ms] [LOG] [Fast Refresh] done in 67ms @ webpack-internal:///(app-pages-browser)/./node_modules/.pnpm/next@15.2.6_react-dom@19.0.0_react@19.0.0__react@19.0.0/node_modules/next/dist/client/components/react-dev-overlay/app/hot-reloader-client.js:73
[   34227ms] [LOG] [Fast Refresh] rebuilding @ webpack-internal:///(app-pages-browser)/./node_modules/.pnpm/next@15.2.6_react-dom@19.0.0_react@19.0.0__react@19.0.0/node_modules/next/dist/client/components/react-dev-overlay/app/hot-reloader-client.js:241
[   34289ms] [LOG] [Fast Refresh] done in 62ms @ webpack-internal:///(app-pages-browser)/./node_modules/.pnpm/next@15.2.6_react-dom@19.0.0_react@19.0.0__react@19.0.0/node_modules/next/dist/client/components/react-dev-overlay/app/hot-reloader-client.js:73
[   34319ms] [LOG] [Fast Refresh] rebuilding @ webpack-internal:///(app-pages-browser)/./node_modules/.pnpm/next@15.2.6_react-dom@19.0.0_react@19.0.0__react@19.0.0/node_modules/next/dist/client/components/react-dev-overlay/app/hot-reloader-client.js:241
[   34373ms] [LOG] [Fast Refresh] rebuilding @ webpack-internal:///(app-pages-browser)/./node_modules/.pnpm/next@15.2.6_react-dom@19.0.0_react@19.0.0__react@19.0.0/node_modules/next/dist/client/components/react-dev-overlay/app/hot-reloader-client.js:241
[   34383ms] [LOG] [Fast Refresh] done in 10ms @ webpack-internal:///(app-pages-browser)/./node_modules/.pnpm/next@15.2.6_react-dom@19.0.0_react@19.0.0__react@19.0.0/node_modules/next/dist/client/components/react-dev-overlay/app/hot-reloader-client.js:73
[   34432ms] [LOG] [Fast Refresh] done in 59ms @ webpack-internal:///(app-pages-browser)/./node_modules/.pnpm/next@15.2.6_react-dom@19.0.0_react@19.0.0__react@19.0.0/node_modules/next/dist/client/components/react-dev-overlay/app/hot-reloader-client.js:73
[   34471ms] [LOG] [Fast Refresh] rebuilding @ webpack-internal:///(app-pages-browser)/./node_modules/.pnpm/next@15.2.6_react-dom@19.0.0_react@19.0.0__react@19.0.0/node_modules/next/dist/client/components/react-dev-overlay/app/hot-reloader-client.js:241
[   34522ms] [LOG] [Fast Refresh] rebuilding @ webpack-internal:///(app-pages-browser)/./node_modules/.pnpm/next@15.2.6_react-dom@19.0.0_react@19.0.0__react@19.0.0/node_modules/next/dist/client/components/react-dev-overlay/app/hot-reloader-client.js:241
[   34529ms] [LOG] [Fast Refresh] done in 7ms @ webpack-internal:///(app-pages-browser)/./node_modules/.pnpm/next@15.2.6_react-dom@19.0.0_react@19.0.0__react@19.0.0/node_modules/next/dist/client/components/react-dev-overlay/app/hot-reloader-client.js:73
[   34574ms] [LOG] [Fast Refresh] rebuilding @ webpack-internal:///(app-pages-browser)/./node_modules/.pnpm/next@15.2.6_react-dom@19.0.0_react@19.0.0__react@19.0.0/node_modules/next/dist/client/components/react-dev-overlay/app/hot-reloader-client.js:241
[   34589ms] [LOG] [Fast Refresh] done in 15ms @ webpack-internal:///(app-pages-browser)/./node_modules/.pnpm/next@15.2.6_react-dom@19.0.0_react@19.0.0__react@19.0.0/node_modules/next/dist/client/components/react-dev-overlay/app/hot-reloader-client.js:73
[   34635ms] [LOG] [Fast Refresh] done in 61ms @ webpack-internal:///(app-pages-browser)/./node_modules/.pnpm/next@15.2.6_react-dom@19.0.0_react@19.0.0__react@19.0.0/node_modules/next/dist/client/components/react-dev-overlay/app/hot-reloader-client.js:73
[   34672ms] [LOG] [Fast Refresh] rebuilding @ webpack-internal:///(app-pages-browser)/./node_modules/.pnpm/next@15.2.6_react-dom@19.0.0_react@19.0.0__react@19.0.0/node_modules/next/dist/client/components/react-dev-overlay/app/hot-reloader-client.js:241
[   34722ms] [LOG] [Fast Refresh] rebuilding @ webpack-internal:///(app-pages-browser)/./node_modules/.pnpm/next@15.2.6_react-dom@19.0.0_react@19.0.0__react@19.0.0/node_modules/next/dist/client/components/react-dev-overlay/app/hot-reloader-client.js:241
[   34729ms] [LOG] [Fast Refresh] done in 7ms @ webpack-internal:///(app-pages-browser)/./node_modules/.pnpm/next@15.2.6_react-dom@19.0.0_react@19.0.0__react@19.0.0/node_modules/next/dist/client/components/react-dev-overlay/app/hot-reloader-client.js:73
[   34774ms] [LOG] [Fast Refresh] rebuilding @ webpack-internal:///(app-pages-browser)/./node_modules/.pnpm/next@15.2.6_react-dom@19.0.0_react@19.0.0__react@19.0.0/node_modules/next/dist/client/components/react-dev-overlay/app/hot-reloader-client.js:241
[   34782ms] [LOG] [Fast Refresh] done in 8ms @ webpack-internal:///(app-pages-browser)/./node_modules/.pnpm/next@15.2.6_react-dom@19.0.0_react@19.0.0__react@19.0.0/node_modules/next/dist/client/components/react-dev-overlay/app/hot-reloader-client.js:73
[   34824ms] [LOG] [Fast Refresh] rebuilding @ webpack-internal:///(app-pages-browser)/./node_modules/.pnpm/next@15.2.6_react-dom@19.0.0_react@19.0.0__react@19.0.0/node_modules/next/dist/client/components/react-dev-overlay/app/hot-reloader-client.js:241
[   34832ms] [LOG] [Fast Refresh] done in 8ms @ webpack-internal:///(app-pages-browser)/./node_modules/.pnpm/next@15.2.6_react-dom@19.0.0_react@19.0.0__react@19.0.0/node_modules/next/dist/client/components/react-dev-overlay/app/hot-reloader-client.js:73
[   34874ms] [LOG] [Fast Refresh] rebuilding @ webpack-internal:///(app-pages-browser)/./node_modules/.pnpm/next@15.2.6_react-dom@19.0.0_react@19.0.0__react@19.0.0/node_modules/next/dist/client/components/react-dev-overlay/app/hot-reloader-client.js:241
[   34883ms] [LOG] [Fast Refresh] done in 9ms @ webpack-internal:///(app-pages-browser)/./node_modules/.pnpm/next@15.2.6_react-dom@19.0.0_react@19.0.0__react@19.0.0/node_modules/next/dist/client/components/react-dev-overlay/app/hot-reloader-client.js:73
[   34925ms] [LOG] [Fast Refresh] rebuilding @ webpack-internal:///(app-pages-browser)/./node_modules/.pnpm/next@15.2.6_react-dom@19.0.0_react@19.0.0__react@19.0.0/node_modules/next/dist/client/components/react-dev-overlay/app/hot-reloader-client.js:241
[   34943ms] [LOG] [Fast Refresh] done in 18ms @ webpack-internal:///(app-pages-browser)/./node_modules/.pnpm/next@15.2.6_react-dom@19.0.0_react@19.0.0__react@19.0.0/node_modules/next/dist/client/components/react-dev-overlay/app/hot-reloader-client.js:73
[   35003ms] [LOG] [Fast Refresh] done in 79ms @ webpack-internal:///(app-pages-browser)/./node_modules/.pnpm/next@15.2.6_react-dom@19.0.0_react@19.0.0__react@19.0.0/node_modules/next/dist/client/components/react-dev-overlay/app/hot-reloader-client.js:73
[   35024ms] [LOG] [Fast Refresh] rebuilding @ webpack-internal:///(app-pages-browser)/./node_modules/.pnpm/next@15.2.6_react-dom@19.0.0_react@19.0.0__react@19.0.0/node_modules/next/dist/client/components/react-dev-overlay/app/hot-reloader-client.js:241
[   35077ms] [LOG] [Fast Refresh] rebuilding @ webpack-internal:///(app-pages-browser)/./node_modules/.pnpm/next@15.2.6_react-dom@19.0.0_react@19.0.0__react@19.0.0/node_modules/next/dist/client/components/react-dev-overlay/app/hot-reloader-client.js:241
[   35080ms] [LOG] [Fast Refresh] done in 4ms @ webpack-internal:///(app-pages-browser)/./node_modules/.pnpm/next@15.2.6_react-dom@19.0.0_react@19.0.0__react@19.0.0/node_modules/next/dist/client/components/react-dev-overlay/app/hot-reloader-client.js:73
[   35128ms] [LOG] [Fast Refresh] rebuilding @ webpack-internal:///(app-pages-browser)/./node_modules/.pnpm/next@15.2.6_react-dom@19.0.0_react@19.0.0__react@19.0.0/node_modules/next/dist/client/components/react-dev-overlay/app/hot-reloader-client.js:241
[   35137ms] [LOG] [Fast Refresh] done in 10ms @ webpack-internal:///(app-pages-browser)/./node_modules/.pnpm/next@15.2.6_react-dom@19.0.0_react@19.0.0__react@19.0.0/node_modules/next/dist/client/components/react-dev-overlay/app/hot-reloader-client.js:73
[   35188ms] [LOG] [Fast Refresh] done in 60ms @ webpack-internal:///(app-pages-browser)/./node_modules/.pnpm/next@15.2.6_react-dom@19.0.0_react@19.0.0__react@19.0.0/node_modules/next/dist/client/components/react-dev-overlay/app/hot-reloader-client.js:73
[   35228ms] [LOG] [Fast Refresh] rebuilding @ webpack-internal:///(app-pages-browser)/./node_modules/.pnpm/next@15.2.6_react-dom@19.0.0_react@19.0.0__react@19.0.0/node_modules/next/dist/client/components/react-dev-overlay/app/hot-reloader-client.js:241
[   35280ms] [LOG] [Fast Refresh] rebuilding @ webpack-internal:///(app-pages-browser)/./node_modules/.pnpm/next@15.2.6_react-dom@19.0.0_react@19.0.0__react@19.0.0/node_modules/next/dist/client/components/react-dev-overlay/app/hot-reloader-client.js:241
[   35289ms] [LOG] [Fast Refresh] done in 10ms @ webpack-internal:///(app-pages-browser)/./node_modules/.pnpm/next@15.2.6_react-dom@19.0.0_react@19.0.0__react@19.0.0/node_modules/next/dist/client/components/react-dev-overlay/app/hot-reloader-client.js:73
[   35331ms] [LOG] [Fast Refresh] rebuilding @ webpack-internal:///(app-pages-browser)/./node_modules/.pnpm/next@15.2.6_react-dom@19.0.0_react@19.0.0__react@19.0.0/node_modules/next/dist/client/components/react-dev-overlay/app/hot-reloader-client.js:241
[   35339ms] [LOG] [Fast Refresh] done in 9ms @ webpack-internal:///(app-pages-browser)/./node_modules/.pnpm/next@15.2.6_react-dom@19.0.0_react@19.0.0__react@19.0.0/node_modules/next/dist/client/components/react-dev-overlay/app/hot-reloader-client.js:73
[   35383ms] [LOG] [Fast Refresh] rebuilding @ webpack-internal:///(app-pages-browser)/./node_modules/.pnpm/next@15.2.6_react-dom@19.0.0_react@19.0.0__react@19.0.0/node_modules/next/dist/client/components/react-dev-overlay/app/hot-reloader-client.js:241
[   35391ms] [LOG] [Fast Refresh] done in 8ms @ webpack-internal:///(app-pages-browser)/./node_modules/.pnpm/next@15.2.6_react-dom@19.0.0_react@19.0.0__react@19.0.0/node_modules/next/dist/client/components/react-dev-overlay/app/hot-reloader-client.js:73
[   35434ms] [LOG] [Fast Refresh] rebuilding @ webpack-internal:///(app-pages-browser)/./node_modules/.pnpm/next@15.2.6_react-dom@19.0.0_react@19.0.0__react@19.0.0/node_modules/next/dist/client/components/react-dev-overlay/app/hot-reloader-client.js:241
[   35442ms] [LOG] [Fast Refresh] done in 9ms @ webpack-internal:///(app-pages-browser)/./node_modules/.pnpm/next@15.2.6_react-dom@19.0.0_react@19.0.0__react@19.0.0/node_modules/next/dist/client/components/react-dev-overlay/app/hot-reloader-client.js:73
[   35483ms] [LOG] [Fast Refresh] rebuilding @ webpack-internal:///(app-pages-browser)/./node_modules/.pnpm/next@15.2.6_react-dom@19.0.0_react@19.0.0__react@19.0.0/node_modules/next/dist/client/components/react-dev-overlay/app/hot-reloader-client.js:241
[   35492ms] [LOG] [Fast Refresh] done in 9ms @ webpack-internal:///(app-pages-browser)/./node_modules/.pnpm/next@15.2.6_react-dom@19.0.0_react@19.0.0__react@19.0.0/node_modules/next/dist/client/components/react-dev-overlay/app/hot-reloader-client.js:73
[   35534ms] [LOG] [Fast Refresh] rebuilding @ webpack-internal:///(app-pages-browser)/./node_modules/.pnpm/next@15.2.6_react-dom@19.0.0_react@19.0.0__react@19.0.0/node_modules/next/dist/client/components/react-dev-overlay/app/hot-reloader-client.js:241
[   35544ms] [LOG] [Fast Refresh] done in 9ms @ webpack-internal:///(app-pages-browser)/./node_modules/.pnpm/next@15.2.6_react-dom@19.0.0_react@19.0.0__react@19.0.0/node_modules/next/dist/client/components/react-dev-overlay/app/hot-reloader-client.js:73
[   35584ms] [LOG] [Fast Refresh] rebuilding @ webpack-internal:///(app-pages-browser)/./node_modules/.pnpm/next@15.2.6_react-dom@19.0.0_react@19.0.0__react@19.0.0/node_modules/next/dist/client/components/react-dev-overlay/app/hot-reloader-client.js:241
[   35593ms] [LOG] [Fast Refresh] done in 9ms @ webpack-internal:///(app-pages-browser)/./node_modules/.pnpm/next@15.2.6_react-dom@19.0.0_react@19.0.0__react@19.0.0/node_modules/next/dist/client/components/react-dev-overlay/app/hot-reloader-client.js:73
[   35634ms] [LOG] [Fast Refresh] rebuilding @ webpack-internal:///(app-pages-browser)/./node_modules/.pnpm/next@15.2.6_react-dom@19.0.0_react@19.0.0__react@19.0.0/node_modules/next/dist/client/components/react-dev-overlay/app/hot-reloader-client.js:241
[   35643ms] [LOG] [Fast Refresh] done in 9ms @ webpack-internal:///(app-pages-browser)/./node_modules/.pnpm/next@15.2.6_react-dom@19.0.0_react@19.0.0__react@19.0.0/node_modules/next/dist/client/components/react-dev-overlay/app/hot-reloader-client.js:73
[   35684ms] [LOG] [Fast Refresh] rebuilding @ webpack-internal:///(app-pages-browser)/./node_modules/.pnpm/next@15.2.6_react-dom@19.0.0_react@19.0.0__react@19.0.0/node_modules/next/dist/client/components/react-dev-overlay/app/hot-reloader-client.js:241
[   35693ms] [LOG] [Fast Refresh] done in 9ms @ webpack-internal:///(app-pages-browser)/./node_modules/.pnpm/next@15.2.6_react-dom@19.0.0_react@19.0.0__react@19.0.0/node_modules/next/dist/client/components/react-dev-overlay/app/hot-reloader-client.js:73
[   35734ms] [LOG] [Fast Refresh] rebuilding @ webpack-internal:///(app-pages-browser)/./node_modules/.pnpm/next@15.2.6_react-dom@19.0.0_react@19.0.0__react@19.0.0/node_modules/next/dist/client/components/react-dev-overlay/app/hot-reloader-client.js:241
[   35743ms] [LOG] [Fast Refresh] done in 9ms @ webpack-internal:///(app-pages-browser)/./node_modules/.pnpm/next@15.2.6_react-dom@19.0.0_react@19.0.0__react@19.0.0/node_modules/next/dist/client/components/react-dev-overlay/app/hot-reloader-client.js:73
[   35784ms] [LOG] [Fast Refresh] rebuilding @ webpack-internal:///(app-pages-browser)/./node_modules/.pnpm/next@15.2.6_react-dom@19.0.0_react@19.0.0__react@19.0.0/node_modules/next/dist/client/components/react-dev-overlay/app/hot-reloader-client.js:241
[   35791ms] [LOG] [Fast Refresh] done in 7ms @ webpack-internal:///(app-pages-browser)/./node_modules/.pnpm/next@15.2.6_react-dom@19.0.0_react@19.0.0__react@19.0.0/node_modules/next/dist/client/components/react-dev-overlay/app/hot-reloader-client.js:73
[   35834ms] [LOG] [Fast Refresh] rebuilding @ webpack-internal:///(app-pages-browser)/./node_modules/.pnpm/next@15.2.6_react-dom@19.0.0_react@19.0.0__react@19.0.0/node_modules/next/dist/client/components/react-dev-overlay/app/hot-reloader-client.js:241
[   35843ms] [LOG] [Fast Refresh] done in 9ms @ webpack-internal:///(app-pages-browser)/./node_modules/.pnpm/next@15.2.6_react-dom@19.0.0_react@19.0.0__react@19.0.0/node_modules/next/dist/client/components/react-dev-overlay/app/hot-reloader-client.js:73
[   35899ms] [LOG] [Fast Refresh] done in 66ms @ webpack-internal:///(app-pages-browser)/./node_modules/.pnpm/next@15.2.6_react-dom@19.0.0_react@19.0.0__react@19.0.0/node_modules/next/dist/client/components/react-dev-overlay/app/hot-reloader-client.js:73
[   35935ms] [LOG] [Fast Refresh] rebuilding @ webpack-internal:///(app-pages-browser)/./node_modules/.pnpm/next@15.2.6_react-dom@19.0.0_react@19.0.0__react@19.0.0/node_modules/next/dist/client/components/react-dev-overlay/app/hot-reloader-client.js:241
