[     334ms] [INFO] %cDownload the React DevTools for a better development experience: https://react.dev/link/react-devtools font-weight:bold @ webpack-internal:///(app-pages-browser)/./node_modules/.pnpm/next@15.2.6_react-dom@19.0.0_react@19.0.0__react@19.0.0/node_modules/next/dist/compiled/react-dom/cjs/react-dom-client.development.js:24914
[     367ms] [LOG] [PostHog.js] set_config {config: Object, oldConfig: Object, newConfig: Object} @ webpack-internal:///(app-pages-browser)/./node_modules/.pnpm/posthog-js@1.309.1/node_modules/posthog-js/dist/module.js:21
[     368ms] [LOG] [PostHog.js] Persistence loaded localStorage+cookie {distinct_id: 01a0b096-ff8e-7e26-bd84-5c6f069275bc, $sesid: Array(3), $epp: true, $initial_person_info: Object} @ webpack-internal:///(app-pages-browser)/./node_modules/.pnpm/posthog-js@1.309.1/node_modules/posthog-js/dist/module.js:21
[     371ms] [LOG] [PostHog.js] Persistence loaded sessionStorage {} @ webpack-internal:///(app-pages-browser)/./node_modules/.pnpm/posthog-js@1.309.1/node_modules/posthog-js/dist/module.js:21
[     372ms] [LOG] [PostHog.js] Initializing extensions synchronously @ webpack-internal:///(app-pages-browser)/./node_modules/.pnpm/posthog-js@1.309.1/node_modules/posthog-js/dist/module.js:21
[     372ms] [LOG] [PostHog.js] History API monitoring enabled, starting... @ webpack-internal:///(app-pages-browser)/./node_modules/.pnpm/posthog-js@1.309.1/node_modules/posthog-js/dist/module.js:21
[     372ms] [LOG] [PostHog.js] [Heatmaps] starting... @ webpack-internal:///(app-pages-browser)/./node_modules/.pnpm/posthog-js@1.309.1/node_modules/posthog-js/dist/module.js:21
[     373ms] [LOG] [PostHog.js] [Web Vitals] enabled, starting... @ webpack-internal:///(app-pages-browser)/./node_modules/.pnpm/posthog-js@1.309.1/node_modules/posthog-js/dist/module.js:21
[     374ms] [LOG] [PostHog.js] [ExceptionAutocapture] enabled @ webpack-internal:///(app-pages-browser)/./node_modules/.pnpm/posthog-js@1.309.1/node_modules/posthog-js/dist/module.js:21
[     374ms] [LOG] [PostHog.js] [ExceptionAutocapture] enabled @ webpack-internal:///(app-pages-browser)/./node_modules/.pnpm/posthog-js@1.309.1/node_modules/posthog-js/dist/module.js:21
[     374ms] [LOG] [PostHog.js] Starting in debug mode {this: qo, config: Object, thisC: Object, p: Object, s: Object} @ webpack-internal:///(app-pages-browser)/./node_modules/.pnpm/posthog-js@1.309.1/node_modules/posthog-js/dist/module.js:21
[     423ms] [LOG] [PostHog.js] [SessionId] new session ID generated {sessionId: 01a0cc05-397a-741e-8a6c-900283764e14, windowId: 01a0cc05-397a-741e-8a6c-9003e2eab796, changeReason: Object} @ webpack-internal:///(app-pages-browser)/./node_modules/.pnpm/posthog-js@1.309.1/node_modules/posthog-js/dist/module.js:21
[     424ms] [LOG] [PostHog.js] send "$pageview" {uuid: 01a0cc05-396b-767a-a53b-2bc0e2e28ef0, event: $pageview, properties: Object, $set_once: Object, timestamp: Tue Sep 22 2026 22:08:09 GMT-0400 (Eastern Daylight Time)} @ webpack-internal:///(app-pages-browser)/./node_modules/.pnpm/posthog-js@1.309.1/node_modules/posthog-js/dist/module.js:21
[     587ms] [LOG] [PostHog.js] [RemoteConfig] __preview_remote_config is disabled. Logging config instead {analytics: Object, autocaptureExceptions: true, autocapture_opt_out: false, captureDeadClicks: true, capturePerformance: Object} @ webpack-internal:///(app-pages-browser)/./node_modules/.pnpm/posthog-js@1.309.1/node_modules/posthog-js/dist/module.js:21
[     588ms] [LOG] [PostHog.js] Persistence loaded sessionStorage {$sdk_debug_extensions_init_method: synchronous, $sdk_debug_extensions_init_time_ms: 2, $referrer: $direct, $referring_domain: $direct} @ webpack-internal:///(app-pages-browser)/./node_modules/.pnpm/posthog-js@1.309.1/node_modules/posthog-js/dist/module.js:21
[     588ms] [LOG] [PostHog.js] set_config {config: Object, oldConfig: Object, newConfig: Object} @ webpack-internal:///(app-pages-browser)/./node_modules/.pnpm/posthog-js@1.309.1/node_modules/posthog-js/dist/module.js:21
[     589ms] [LOG] [PostHog.js] [SessionRecording] starting @ webpack-internal:///(app-pages-browser)/./node_modules/.pnpm/posthog-js@1.309.1/node_modules/posthog-js/dist/module.js:21
[     589ms] [LOG] [PostHog.js] [Surveys] flags response received, isSurveysEnabled: false @ webpack-internal:///(app-pages-browser)/./node_modules/.pnpm/posthog-js@1.309.1/node_modules/posthog-js/dist/module.js:21
[     589ms] [LOG] [PostHog.js] [Web Vitals] enabled, starting... @ webpack-internal:///(app-pages-browser)/./node_modules/.pnpm/posthog-js@1.309.1/node_modules/posthog-js/dist/module.js:21
[     589ms] [LOG] [PostHog.js] [ExceptionAutocapture] enabled @ webpack-internal:///(app-pages-browser)/./node_modules/.pnpm/posthog-js@1.309.1/node_modules/posthog-js/dist/module.js:21
[     639ms] [LOG] [PostHog.js] [Dead Clicks] starting... @ webpack-internal:///(app-pages-browser)/./node_modules/.pnpm/posthog-js@1.309.1/node_modules/posthog-js/dist/module.js:21
[     640ms] [LOG] [PostHog.js] [Dead Clicks] starting... @ webpack-internal:///(app-pages-browser)/./node_modules/.pnpm/posthog-js@1.309.1/node_modules/posthog-js/dist/module.js:21
[     744ms] [LOG] [PostHog.js] [Surveys] Surveys loaded successfully @ webpack-internal:///(app-pages-browser)/./node_modules/.pnpm/posthog-js@1.309.1/node_modules/posthog-js/dist/module.js:21
[    4233ms] [LOG] [Fast Refresh] rebuilding @ http://localhost:3111/ingest/static/posthog-recorder.js?v=1.309.1:0
[    4940ms] [LOG] [PostHog.js] send "$snapshot" {uuid: 01a0cc05-4b1f-774b-9ff3-f7cb9c7fa9e2, event: $snapshot, properties: Object, timestamp: Tue Sep 22 2026 22:08:14 GMT-0400 (Eastern Daylight Time)} @ webpack-internal:///(app-pages-browser)/./node_modules/.pnpm/posthog-js@1.309.1/node_modules/posthog-js/dist/module.js:21
[    5073ms] [LOG] [Fast Refresh] done in 840ms @ http://localhost:3111/ingest/static/posthog-recorder.js?v=1.309.1:0
[    5114ms] [LOG] [Fast Refresh] rebuilding @ http://localhost:3111/ingest/static/posthog-recorder.js?v=1.309.1:0
[    5375ms] [LOG] [PostHog.js] send "$$heatmap" {uuid: 01a0cc05-4cd2-7b7a-8079-76ebc6506255, event: $$heatmap, properties: Object, timestamp: Tue Sep 22 2026 22:08:14 GMT-0400 (Eastern Daylight Time)} @ webpack-internal:///(app-pages-browser)/./node_modules/.pnpm/posthog-js@1.309.1/node_modules/posthog-js/dist/module.js:21
[    5955ms] [LOG] [Fast Refresh] done in 840ms @ http://localhost:3111/ingest/static/posthog-recorder.js?v=1.309.1:0
[    5994ms] [LOG] [Fast Refresh] rebuilding @ http://localhost:3111/ingest/static/posthog-recorder.js?v=1.309.1:0
[    6520ms] [LOG] [PostHog.js] send "$web_vitals" {uuid: 01a0cc05-514b-7b09-a94e-8b9edcf58480, event: $web_vitals, properties: Object, timestamp: Tue Sep 22 2026 22:08:15 GMT-0400 (Eastern Daylight Time)} @ webpack-internal:///(app-pages-browser)/./node_modules/.pnpm/posthog-js@1.309.1/node_modules/posthog-js/dist/module.js:21
[    6922ms] [LOG] [Fast Refresh] done in 929ms @ http://localhost:3111/ingest/static/posthog-recorder.js?v=1.309.1:0
[    6941ms] [LOG] [Fast Refresh] rebuilding @ http://localhost:3111/ingest/static/posthog-recorder.js?v=1.309.1:0
[    7065ms] [LOG] [PostHog.js] send "$snapshot" {uuid: 01a0cc05-536c-7c0d-904c-6f2c7fe47a30, event: $snapshot, properties: Object, timestamp: Tue Sep 22 2026 22:08:16 GMT-0400 (Eastern Daylight Time)} @ webpack-internal:///(app-pages-browser)/./node_modules/.pnpm/posthog-js@1.309.1/node_modules/posthog-js/dist/module.js:21
[    7755ms] [LOG] [Fast Refresh] done in 813ms @ http://localhost:3111/ingest/static/posthog-recorder.js?v=1.309.1:0
[    7795ms] [LOG] [Fast Refresh] rebuilding @ http://localhost:3111/ingest/static/posthog-recorder.js?v=1.309.1:0
[    8848ms] [LOG] [Fast Refresh] done in 1053ms @ http://localhost:3111/ingest/static/posthog-recorder.js?v=1.309.1:0
[    8884ms] [LOG] [Fast Refresh] rebuilding @ http://localhost:3111/ingest/static/posthog-recorder.js?v=1.309.1:0
[    9746ms] [LOG] [PostHog.js] send "$snapshot" {uuid: 01a0cc05-5de5-72b9-b3e3-2c407c631705, event: $snapshot, properties: Object, timestamp: Tue Sep 22 2026 22:08:18 GMT-0400 (Eastern Daylight Time)} @ webpack-internal:///(app-pages-browser)/./node_modules/.pnpm/posthog-js@1.309.1/node_modules/posthog-js/dist/module.js:21
[    9877ms] [LOG] [Fast Refresh] done in 994ms @ http://localhost:3111/ingest/static/posthog-recorder.js?v=1.309.1:0
[    9918ms] [LOG] [Fast Refresh] rebuilding @ http://localhost:3111/ingest/static/posthog-recorder.js?v=1.309.1:0
[   10792ms] [LOG] [Fast Refresh] done in 874ms @ http://localhost:3111/ingest/static/posthog-recorder.js?v=1.309.1:0
[   10825ms] [LOG] [Fast Refresh] rebuilding @ http://localhost:3111/ingest/static/posthog-recorder.js?v=1.309.1:0
[   11689ms] [LOG] [Fast Refresh] done in 863ms @ http://localhost:3111/ingest/static/posthog-recorder.js?v=1.309.1:0
[   11724ms] [LOG] [Fast Refresh] rebuilding @ http://localhost:3111/ingest/static/posthog-recorder.js?v=1.309.1:0
[   11868ms] [LOG] [PostHog.js] send "$snapshot" {uuid: 01a0cc05-6630-7896-bb7a-7012b7f4e10b, event: $snapshot, properties: Object, timestamp: Tue Sep 22 2026 22:08:21 GMT-0400 (Eastern Daylight Time)} @ webpack-internal:///(app-pages-browser)/./node_modules/.pnpm/posthog-js@1.309.1/node_modules/posthog-js/dist/module.js:21
[   12636ms] [LOG] [Fast Refresh] done in 911ms @ http://localhost:3111/ingest/static/posthog-recorder.js?v=1.309.1:0
[   12681ms] [LOG] [Fast Refresh] rebuilding @ http://localhost:3111/ingest/static/posthog-recorder.js?v=1.309.1:0
[   13561ms] [LOG] [Fast Refresh] done in 880ms @ http://localhost:3111/ingest/static/posthog-recorder.js?v=1.309.1:0
[   13584ms] [LOG] [Fast Refresh] rebuilding @ http://localhost:3111/ingest/static/posthog-recorder.js?v=1.309.1:0
[   14409ms] [LOG] [Fast Refresh] done in 826ms @ http://localhost:3111/ingest/static/posthog-recorder.js?v=1.309.1:0
[   14452ms] [LOG] [Fast Refresh] rebuilding @ http://localhost:3111/ingest/static/posthog-recorder.js?v=1.309.1:0
[   14515ms] [LOG] [PostHog.js] send "$snapshot" {uuid: 01a0cc05-7086-71a3-a16e-3c4476622aa8, event: $snapshot, properties: Object, timestamp: Tue Sep 22 2026 22:08:23 GMT-0400 (Eastern Daylight Time)} @ webpack-internal:///(app-pages-browser)/./node_modules/.pnpm/posthog-js@1.309.1/node_modules/posthog-js/dist/module.js:21
[   15351ms] [LOG] [Fast Refresh] done in 899ms @ http://localhost:3111/ingest/static/posthog-recorder.js?v=1.309.1:0
[   15388ms] [LOG] [Fast Refresh] rebuilding @ http://localhost:3111/ingest/static/posthog-recorder.js?v=1.309.1:0
[   16409ms] [LOG] [Fast Refresh] done in 1021ms @ http://localhost:3111/ingest/static/posthog-recorder.js?v=1.309.1:0
[   16424ms] [LOG] [Fast Refresh] rebuilding @ http://localhost:3111/ingest/static/posthog-recorder.js?v=1.309.1:0
[   17175ms] [LOG] [PostHog.js] send "$snapshot" {uuid: 01a0cc05-7aea-7811-8666-72f6406dc437, event: $snapshot, properties: Object, timestamp: Tue Sep 22 2026 22:08:26 GMT-0400 (Eastern Daylight Time)} @ webpack-internal:///(app-pages-browser)/./node_modules/.pnpm/posthog-js@1.309.1/node_modules/posthog-js/dist/module.js:21
[   17455ms] [LOG] [Fast Refresh] done in 1031ms @ http://localhost:3111/ingest/static/posthog-recorder.js?v=1.309.1:0
[   17491ms] [LOG] [Fast Refresh] rebuilding @ http://localhost:3111/ingest/static/posthog-recorder.js?v=1.309.1:0
[   18780ms] [LOG] [Fast Refresh] done in 1289ms @ http://localhost:3111/ingest/static/posthog-recorder.js?v=1.309.1:0
[   18817ms] [LOG] [Fast Refresh] rebuilding @ http://localhost:3111/ingest/static/posthog-recorder.js?v=1.309.1:0
[   19444ms] [LOG] [PostHog.js] send "$snapshot" {uuid: 01a0cc05-83c8-7bcf-a28a-3f6db517d09d, event: $snapshot, properties: Object, timestamp: Tue Sep 22 2026 22:08:28 GMT-0400 (Eastern Daylight Time)} @ webpack-internal:///(app-pages-browser)/./node_modules/.pnpm/posthog-js@1.309.1/node_modules/posthog-js/dist/module.js:21
[   19731ms] [LOG] [Fast Refresh] done in 914ms @ http://localhost:3111/ingest/static/posthog-recorder.js?v=1.309.1:0
[   19781ms] [LOG] [Fast Refresh] rebuilding @ http://localhost:3111/ingest/static/posthog-recorder.js?v=1.309.1:0
[   20375ms] [LOG] [PostHog.js] send "$$heatmap" {uuid: 01a0cc05-876a-7540-9fc4-2974707b8fe0, event: $$heatmap, properties: Object, timestamp: Tue Sep 22 2026 22:08:29 GMT-0400 (Eastern Daylight Time)} @ webpack-internal:///(app-pages-browser)/./node_modules/.pnpm/posthog-js@1.309.1/node_modules/posthog-js/dist/module.js:21
[   20644ms] [LOG] [Fast Refresh] done in 863ms @ http://localhost:3111/ingest/static/posthog-recorder.js?v=1.309.1:0
[   20675ms] [LOG] [Fast Refresh] rebuilding @ http://localhost:3111/ingest/static/posthog-recorder.js?v=1.309.1:0
[   21640ms] [LOG] [Fast Refresh] done in 966ms @ http://localhost:3111/ingest/static/posthog-recorder.js?v=1.309.1:0
[   21676ms] [LOG] [Fast Refresh] rebuilding @ http://localhost:3111/ingest/static/posthog-recorder.js?v=1.309.1:0
[   21724ms] [LOG] [PostHog.js] send "$snapshot" {uuid: 01a0cc05-8caf-7f61-bf2f-3d2ce1a34b24, event: $snapshot, properties: Object, timestamp: Tue Sep 22 2026 22:08:30 GMT-0400 (Eastern Daylight Time)} @ webpack-internal:///(app-pages-browser)/./node_modules/.pnpm/posthog-js@1.309.1/node_modules/posthog-js/dist/module.js:21
[   23135ms] [LOG] [Fast Refresh] done in 1460ms @ http://localhost:3111/ingest/static/posthog-recorder.js?v=1.309.1:0
[   23167ms] [LOG] [Fast Refresh] rebuilding @ http://localhost:3111/ingest/static/posthog-recorder.js?v=1.309.1:0
[   24222ms] [LOG] [Fast Refresh] done in 1054ms @ http://localhost:3111/ingest/static/posthog-recorder.js?v=1.309.1:0
[   24274ms] [LOG] [Fast Refresh] rebuilding @ http://localhost:3111/ingest/static/posthog-recorder.js?v=1.309.1:0
[   25124ms] [LOG] [PostHog.js] send "$snapshot" {uuid: 01a0cc05-99f7-78d5-baca-097c5b4b7bb6, event: $snapshot, properties: Object, timestamp: Tue Sep 22 2026 22:08:34 GMT-0400 (Eastern Daylight Time)} @ webpack-internal:///(app-pages-browser)/./node_modules/.pnpm/posthog-js@1.309.1/node_modules/posthog-js/dist/module.js:21
[   25307ms] [LOG] [Fast Refresh] done in 1033ms @ http://localhost:3111/ingest/static/posthog-recorder.js?v=1.309.1:0
[   25351ms] [LOG] [Fast Refresh] rebuilding @ http://localhost:3111/ingest/static/posthog-recorder.js?v=1.309.1:0
[   26371ms] [LOG] [Fast Refresh] done in 1020ms @ http://localhost:3111/ingest/static/posthog-recorder.js?v=1.309.1:0
[   26408ms] [LOG] [Fast Refresh] rebuilding @ http://localhost:3111/ingest/static/posthog-recorder.js?v=1.309.1:0
[   27300ms] [LOG] [PostHog.js] send "$snapshot" {uuid: 01a0cc05-a277-7f5a-a875-e051e3484534, event: $snapshot, properties: Object, timestamp: Tue Sep 22 2026 22:08:36 GMT-0400 (Eastern Daylight Time)} @ webpack-internal:///(app-pages-browser)/./node_modules/.pnpm/posthog-js@1.309.1/node_modules/posthog-js/dist/module.js:21
[   27363ms] [LOG] [Fast Refresh] done in 955ms @ http://localhost:3111/ingest/static/posthog-recorder.js?v=1.309.1:0
[   27418ms] [LOG] [Fast Refresh] rebuilding @ http://localhost:3111/ingest/static/posthog-recorder.js?v=1.309.1:0
[   28418ms] [LOG] [Fast Refresh] done in 1000ms @ http://localhost:3111/ingest/static/posthog-recorder.js?v=1.309.1:0
[   28454ms] [LOG] [Fast Refresh] rebuilding @ http://localhost:3111/ingest/static/posthog-recorder.js?v=1.309.1:0
[   29355ms] [LOG] [PostHog.js] send "$snapshot" {uuid: 01a0cc05-aa7f-7886-8983-bd0d05410f51, event: $snapshot, properties: Object, timestamp: Tue Sep 22 2026 22:08:38 GMT-0400 (Eastern Daylight Time)} @ webpack-internal:///(app-pages-browser)/./node_modules/.pnpm/posthog-js@1.309.1/node_modules/posthog-js/dist/module.js:21
[   32363ms] [ERROR] Failed to load resource: net::ERR_CONNECTION_REFUSED @ http://localhost:3111/ingest/s/?ip=0&_=1790129321528&ver=1.309.1&compression=gzip-js:0
[   32365ms] [ERROR] [PostHog.js] TypeError: Failed to fetch
    at method (webpack-internal:///(app-pages-browser)/./node_modules/.pnpm/posthog-js@1.309.1/node_modules/posthog-js/dist/module.js:22:71863)
    at eval (webpack-internal:///(app-pages-browser)/./node_modules/.pnpm/posthog-js@1.309.1/node_modules/posthog-js/dist/module.js:22:149004)
    at qo._send_request (webpack-internal:///(app-pages-browser)/./node_modules/.pnpm/posthog-js@1.309.1/node_modules/posthog-js/dist/module.js:22:149010)
    at go.retriableRequest (webpack-internal:///(app-pages-browser)/./node_modules/.pnpm/posthog-js@1.309.1/node_modules/posthog-js/dist/module.js:22:115497)
    at qo.Br (webpack-internal:///(app-pages-browser)/./node_modules/.pnpm/posthog-js@1.309.1/node_modules/posthog-js/dist/module.js:22:149216)
    at fo.eval [as xe] (webpack-internal:///(app-pages-browser)/./node_modules/.pnpm/posthog-js@1.309.1/node_modules/posthog-js/dist/module.js:22:142058)
    at e (webpack-internal:///(app-pages-browser)/./node_modules/.pnpm/posthog-js@1.309.1/node_modules/posthog-js/dist/module.js:22:114800)
    at eval (webpack-internal:///(app-pages-browser)/./node_modules/.pnpm/posthog-js@1.309.1/node_modules/posthog-js/dist/module.js:22:114822) @ webpack-internal:///(app-pages-browser)/./node_modules/.pnpm/next@15.2.6_react-dom@19.0.0_react@19.0.0__react@19.0.0/node_modules/next/dist/client/components/globals/intercept-console-error.js:49
[   32365ms] [WARNING] [PostHog.js] Enqueued failed request for retry in 2319 @ webpack-internal:///(app-pages-browser)/./node_modules/.pnpm/posthog-js@1.309.1/node_modules/posthog-js/dist/module.js:21
[   32380ms] [ERROR] Failed to load resource: net::ERR_CONNECTION_REFUSED @ http://localhost:3111/__nextjs_original-stack-frames:0
[   32393ms] [ERROR] Failed to load resource: net::ERR_CONNECTION_REFUSED @ http://localhost:3111/__nextjs_font/geist-latin.woff2:0
[   34399ms] [LOG] [PostHog.js] send "$snapshot" {uuid: 01a0cc05-be32-79f9-be5f-62c2bb432f3f, event: $snapshot, properties: Object, timestamp: Tue Sep 22 2026 22:08:43 GMT-0400 (Eastern Daylight Time)} @ webpack-internal:///(app-pages-browser)/./node_modules/.pnpm/posthog-js@1.309.1/node_modules/posthog-js/dist/module.js:21
[   35369ms] [ERROR] Failed to load resource: net::ERR_CONNECTION_REFUSED @ http://localhost:3111/ingest/s/?retry_count=1&ip=0&_=1790129324538&ver=1.309.1&compression=gzip-js:0
[   35369ms] [ERROR] [PostHog.js] TypeError: Failed to fetch
    at method (webpack-internal:///(app-pages-browser)/./node_modules/.pnpm/posthog-js@1.309.1/node_modules/posthog-js/dist/module.js:22:71863)
    at eval (webpack-internal:///(app-pages-browser)/./node_modules/.pnpm/posthog-js@1.309.1/node_modules/posthog-js/dist/module.js:22:149004)
    at qo._send_request (webpack-internal:///(app-pages-browser)/./node_modules/.pnpm/posthog-js@1.309.1/node_modules/posthog-js/dist/module.js:22:149010)
    at go.retriableRequest (webpack-internal:///(app-pages-browser)/./node_modules/.pnpm/posthog-js@1.309.1/node_modules/posthog-js/dist/module.js:22:115497)
    at go.Lt (webpack-internal:///(app-pages-browser)/./node_modules/.pnpm/posthog-js@1.309.1/node_modules/posthog-js/dist/module.js:22:116384)
    at eval (webpack-internal:///(app-pages-browser)/./node_modules/.pnpm/posthog-js@1.309.1/node_modules/posthog-js/dist/module.js:22:116221) @ webpack-internal:///(app-pages-browser)/./node_modules/.pnpm/next@15.2.6_react-dom@19.0.0_react@19.0.0__react@19.0.0/node_modules/next/dist/client/components/globals/intercept-console-error.js:49
[   35370ms] [WARNING] [PostHog.js] Enqueued failed request for retry in 5777 @ webpack-internal:///(app-pages-browser)/./node_modules/.pnpm/posthog-js@1.309.1/node_modules/posthog-js/dist/module.js:21
[   35381ms] [ERROR] Failed to load resource: net::ERR_CONNECTION_REFUSED @ http://localhost:3111/__nextjs_original-stack-frames:0
[   37388ms] [LOG] [PostHog.js] send "$snapshot" {uuid: 01a0cc05-c9df-7d93-b124-c5c1ae1bc08e, event: $snapshot, properties: Object, timestamp: Tue Sep 22 2026 22:08:46 GMT-0400 (Eastern Daylight Time)} @ webpack-internal:///(app-pages-browser)/./node_modules/.pnpm/posthog-js@1.309.1/node_modules/posthog-js/dist/module.js:21
[   37405ms] [ERROR] Failed to load resource: net::ERR_CONNECTION_REFUSED @ http://localhost:3111/ingest/s/?ip=0&_=1790129326571&ver=1.309.1&compression=gzip-js:0
[   37406ms] [ERROR] [PostHog.js] TypeError: Failed to fetch
    at method (webpack-internal:///(app-pages-browser)/./node_modules/.pnpm/posthog-js@1.309.1/node_modules/posthog-js/dist/module.js:22:71863)
    at eval (webpack-internal:///(app-pages-browser)/./node_modules/.pnpm/posthog-js@1.309.1/node_modules/posthog-js/dist/module.js:22:149004)
    at qo._send_request (webpack-internal:///(app-pages-browser)/./node_modules/.pnpm/posthog-js@1.309.1/node_modules/posthog-js/dist/module.js:22:149010)
    at go.retriableRequest (webpack-internal:///(app-pages-browser)/./node_modules/.pnpm/posthog-js@1.309.1/node_modules/posthog-js/dist/module.js:22:115497)
    at qo.Br (webpack-internal:///(app-pages-browser)/./node_modules/.pnpm/posthog-js@1.309.1/node_modules/posthog-js/dist/module.js:22:149216)
    at fo.eval [as xe] (webpack-internal:///(app-pages-browser)/./node_modules/.pnpm/posthog-js@1.309.1/node_modules/posthog-js/dist/module.js:22:142058)
    at e (webpack-internal:///(app-pages-browser)/./node_modules/.pnpm/posthog-js@1.309.1/node_modules/posthog-js/dist/module.js:22:114800)
    at eval (webpack-internal:///(app-pages-browser)/./node_modules/.pnpm/posthog-js@1.309.1/node_modules/posthog-js/dist/module.js:22:114822) @ webpack-internal:///(app-pages-browser)/./node_modules/.pnpm/next@15.2.6_react-dom@19.0.0_react@19.0.0__react@19.0.0/node_modules/next/dist/client/components/globals/intercept-console-error.js:49
[   37406ms] [WARNING] [PostHog.js] Enqueued failed request for retry in 2366 @ webpack-internal:///(app-pages-browser)/./node_modules/.pnpm/posthog-js@1.309.1/node_modules/posthog-js/dist/module.js:21
[   37423ms] [ERROR] Failed to load resource: net::ERR_CONNECTION_REFUSED @ http://localhost:3111/__nextjs_original-stack-frames:0
[   39434ms] [LOG] [PostHog.js] send "$snapshot" {uuid: 01a0cc05-d1de-7109-a522-43d33003c71b, event: $snapshot, properties: Object, timestamp: Tue Sep 22 2026 22:08:48 GMT-0400 (Eastern Daylight Time)} @ webpack-internal:///(app-pages-browser)/./node_modules/.pnpm/posthog-js@1.309.1/node_modules/posthog-js/dist/module.js:21
[   41378ms] [ERROR] Failed to load resource: net::ERR_CONNECTION_REFUSED @ http://localhost:3111/ingest/s/?retry_count=2&ip=0&_=1790129330544&ver=1.309.1&compression=gzip-js:0
[   41379ms] [ERROR] [PostHog.js] TypeError: Failed to fetch
    at method (webpack-internal:///(app-pages-browser)/./node_modules/.pnpm/posthog-js@1.309.1/node_modules/posthog-js/dist/module.js:22:71863)
    at eval (webpack-internal:///(app-pages-browser)/./node_modules/.pnpm/posthog-js@1.309.1/node_modules/posthog-js/dist/module.js:22:149004)
    at qo._send_request (webpack-internal:///(app-pages-browser)/./node_modules/.pnpm/posthog-js@1.309.1/node_modules/posthog-js/dist/module.js:22:149010)
    at go.retriableRequest (webpack-internal:///(app-pages-browser)/./node_modules/.pnpm/posthog-js@1.309.1/node_modules/posthog-js/dist/module.js:22:115497)
    at go.Lt (webpack-internal:///(app-pages-browser)/./node_modules/.pnpm/posthog-js@1.309.1/node_modules/posthog-js/dist/module.js:22:116384)
    at eval (webpack-internal:///(app-pages-browser)/./node_modules/.pnpm/posthog-js@1.309.1/node_modules/posthog-js/dist/module.js:22:116221) @ webpack-internal:///(app-pages-browser)/./node_modules/.pnpm/next@15.2.6_react-dom@19.0.0_react@19.0.0__react@19.0.0/node_modules/next/dist/client/components/globals/intercept-console-error.js:49
[   41379ms] [WARNING] [PostHog.js] Enqueued failed request for retry in 12807 @ webpack-internal:///(app-pages-browser)/./node_modules/.pnpm/posthog-js@1.309.1/node_modules/posthog-js/dist/module.js:21
[   41379ms] [ERROR] Failed to load resource: net::ERR_CONNECTION_REFUSED @ http://localhost:3111/ingest/s/?retry_count=1&ip=0&_=1790129330547&ver=1.309.1&compression=gzip-js:0
[   41379ms] [ERROR] [PostHog.js] TypeError: Failed to fetch
    at method (webpack-internal:///(app-pages-browser)/./node_modules/.pnpm/posthog-js@1.309.1/node_modules/posthog-js/dist/module.js:22:71863)
    at eval (webpack-internal:///(app-pages-browser)/./node_modules/.pnpm/posthog-js@1.309.1/node_modules/posthog-js/dist/module.js:22:149004)
    at qo._send_request (webpack-internal:///(app-pages-browser)/./node_modules/.pnpm/posthog-js@1.309.1/node_modules/posthog-js/dist/module.js:22:149010)
    at go.retriableRequest (webpack-internal:///(app-pages-browser)/./node_modules/.pnpm/posthog-js@1.309.1/node_modules/posthog-js/dist/module.js:22:115497)
    at go.Lt (webpack-internal:///(app-pages-browser)/./node_modules/.pnpm/posthog-js@1.309.1/node_modules/posthog-js/dist/module.js:22:116384)
    at eval (webpack-internal:///(app-pages-browser)/./node_modules/.pnpm/posthog-js@1.309.1/node_modules/posthog-js/dist/module.js:22:116221) @ webpack-internal:///(app-pages-browser)/./node_modules/.pnpm/next@15.2.6_react-dom@19.0.0_react@19.0.0__react@19.0.0/node_modules/next/dist/client/components/globals/intercept-console-error.js:49
[   41379ms] [WARNING] [PostHog.js] Enqueued failed request for retry in 5011 @ webpack-internal:///(app-pages-browser)/./node_modules/.pnpm/posthog-js@1.309.1/node_modules/posthog-js/dist/module.js:21
[   41393ms] [ERROR] Failed to load resource: net::ERR_CONNECTION_REFUSED @ http://localhost:3111/__nextjs_original-stack-frames:0
[   42443ms] [ERROR] Failed to load resource: net::ERR_CONNECTION_REFUSED @ http://localhost:3111/ingest/s/?ip=0&_=1790129331608&ver=1.309.1&compression=gzip-js:0
[   42443ms] [ERROR] [PostHog.js] TypeError: Failed to fetch
    at method (webpack-internal:///(app-pages-browser)/./node_modules/.pnpm/posthog-js@1.309.1/node_modules/posthog-js/dist/module.js:22:71863)
    at eval (webpack-internal:///(app-pages-browser)/./node_modules/.pnpm/posthog-js@1.309.1/node_modules/posthog-js/dist/module.js:22:149004)
    at qo._send_request (webpack-internal:///(app-pages-browser)/./node_modules/.pnpm/posthog-js@1.309.1/node_modules/posthog-js/dist/module.js:22:149010)
    at go.retriableRequest (webpack-internal:///(app-pages-browser)/./node_modules/.pnpm/posthog-js@1.309.1/node_modules/posthog-js/dist/module.js:22:115497)
    at qo.Br (webpack-internal:///(app-pages-browser)/./node_modules/.pnpm/posthog-js@1.309.1/node_modules/posthog-js/dist/module.js:22:149216)
    at fo.eval [as xe] (webpack-internal:///(app-pages-browser)/./node_modules/.pnpm/posthog-js@1.309.1/node_modules/posthog-js/dist/module.js:22:142058)
    at e (webpack-internal:///(app-pages-browser)/./node_modules/.pnpm/posthog-js@1.309.1/node_modules/posthog-js/dist/module.js:22:114800)
    at eval (webpack-internal:///(app-pages-browser)/./node_modules/.pnpm/posthog-js@1.309.1/node_modules/posthog-js/dist/module.js:22:114822) @ webpack-internal:///(app-pages-browser)/./node_modules/.pnpm/next@15.2.6_react-dom@19.0.0_react@19.0.0__react@19.0.0/node_modules/next/dist/client/components/globals/intercept-console-error.js:49
[   42444ms] [WARNING] [PostHog.js] Enqueued failed request for retry in 3199 @ webpack-internal:///(app-pages-browser)/./node_modules/.pnpm/posthog-js@1.309.1/node_modules/posthog-js/dist/module.js:21
[   42461ms] [ERROR] Failed to load resource: net::ERR_CONNECTION_REFUSED @ http://localhost:3111/__nextjs_original-stack-frames:0
[   43403ms] [LOG] [PostHog.js] send "$snapshot" {uuid: 01a0cc05-e15e-731c-adc0-39eef5b20700, event: $snapshot, properties: Object, timestamp: Tue Sep 22 2026 22:08:52 GMT-0400 (Eastern Daylight Time)} @ webpack-internal:///(app-pages-browser)/./node_modules/.pnpm/posthog-js@1.309.1/node_modules/posthog-js/dist/module.js:21
[   46410ms] [ERROR] Failed to load resource: net::ERR_CONNECTION_REFUSED @ http://localhost:3111/ingest/s/?ip=0&_=1790129335576&ver=1.309.1&compression=gzip-js:0
[   46410ms] [ERROR] [PostHog.js] TypeError: Failed to fetch
    at method (webpack-internal:///(app-pages-browser)/./node_modules/.pnpm/posthog-js@1.309.1/node_modules/posthog-js/dist/module.js:22:71863)
    at eval (webpack-internal:///(app-pages-browser)/./node_modules/.pnpm/posthog-js@1.309.1/node_modules/posthog-js/dist/module.js:22:149004)
    at qo._send_request (webpack-internal:///(app-pages-browser)/./node_modules/.pnpm/posthog-js@1.309.1/node_modules/posthog-js/dist/module.js:22:149010)
    at go.retriableRequest (webpack-internal:///(app-pages-browser)/./node_modules/.pnpm/posthog-js@1.309.1/node_modules/posthog-js/dist/module.js:22:115497)
    at qo.Br (webpack-internal:///(app-pages-browser)/./node_modules/.pnpm/posthog-js@1.309.1/node_modules/posthog-js/dist/module.js:22:149216)
    at fo.eval [as xe] (webpack-internal:///(app-pages-browser)/./node_modules/.pnpm/posthog-js@1.309.1/node_modules/posthog-js/dist/module.js:22:142058)
    at e (webpack-internal:///(app-pages-browser)/./node_modules/.pnpm/posthog-js@1.309.1/node_modules/posthog-js/dist/module.js:22:114800)
    at eval (webpack-internal:///(app-pages-browser)/./node_modules/.pnpm/posthog-js@1.309.1/node_modules/posthog-js/dist/module.js:22:114822) @ webpack-internal:///(app-pages-browser)/./node_modules/.pnpm/next@15.2.6_react-dom@19.0.0_react@19.0.0__react@19.0.0/node_modules/next/dist/client/components/globals/intercept-console-error.js:49
[   46411ms] [WARNING] [PostHog.js] Enqueued failed request for retry in 2570 @ webpack-internal:///(app-pages-browser)/./node_modules/.pnpm/posthog-js@1.309.1/node_modules/posthog-js/dist/module.js:21
[   46423ms] [ERROR] Failed to load resource: net::ERR_CONNECTION_REFUSED @ http://localhost:3111/__nextjs_original-stack-frames:0
[   47385ms] [ERROR] Failed to load resource: net::ERR_CONNECTION_REFUSED @ http://localhost:3111/ingest/s/?retry_count=2&ip=0&_=1790129336553&ver=1.309.1&compression=gzip-js:0
[   47386ms] [ERROR] [PostHog.js] TypeError: Failed to fetch
    at method (webpack-internal:///(app-pages-browser)/./node_modules/.pnpm/posthog-js@1.309.1/node_modules/posthog-js/dist/module.js:22:71863)
    at eval (webpack-internal:///(app-pages-browser)/./node_modules/.pnpm/posthog-js@1.309.1/node_modules/posthog-js/dist/module.js:22:149004)
    at qo._send_request (webpack-internal:///(app-pages-browser)/./node_modules/.pnpm/posthog-js@1.309.1/node_modules/posthog-js/dist/module.js:22:149010)
    at go.retriableRequest (webpack-internal:///(app-pages-browser)/./node_modules/.pnpm/posthog-js@1.309.1/node_modules/posthog-js/dist/module.js:22:115497)
    at go.Lt (webpack-internal:///(app-pages-browser)/./node_modules/.pnpm/posthog-js@1.309.1/node_modules/posthog-js/dist/module.js:22:116384)
    at eval (webpack-internal:///(app-pages-browser)/./node_modules/.pnpm/posthog-js@1.309.1/node_modules/posthog-js/dist/module.js:22:116221) @ webpack-internal:///(app-pages-browser)/./node_modules/.pnpm/next@15.2.6_react-dom@19.0.0_react@19.0.0__react@19.0.0/node_modules/next/dist/client/components/globals/intercept-console-error.js:49
[   47386ms] [WARNING] [PostHog.js] Enqueued failed request for retry in 11428 @ webpack-internal:///(app-pages-browser)/./node_modules/.pnpm/posthog-js@1.309.1/node_modules/posthog-js/dist/module.js:21
[   47386ms] [ERROR] Failed to load resource: net::ERR_CONNECTION_REFUSED @ http://localhost:3111/ingest/s/?retry_count=1&ip=0&_=1790129336554&ver=1.309.1&compression=gzip-js:0
[   47386ms] [ERROR] [PostHog.js] TypeError: Failed to fetch
    at method (webpack-internal:///(app-pages-browser)/./node_modules/.pnpm/posthog-js@1.309.1/node_modules/posthog-js/dist/module.js:22:71863)
    at eval (webpack-internal:///(app-pages-browser)/./node_modules/.pnpm/posthog-js@1.309.1/node_modules/posthog-js/dist/module.js:22:149004)
    at qo._send_request (webpack-internal:///(app-pages-browser)/./node_modules/.pnpm/posthog-js@1.309.1/node_modules/posthog-js/dist/module.js:22:149010)
    at go.retriableRequest (webpack-internal:///(app-pages-browser)/./node_modules/.pnpm/posthog-js@1.309.1/node_modules/posthog-js/dist/module.js:22:115497)
    at go.Lt (webpack-internal:///(app-pages-browser)/./node_modules/.pnpm/posthog-js@1.309.1/node_modules/posthog-js/dist/module.js:22:116384)
    at eval (webpack-internal:///(app-pages-browser)/./node_modules/.pnpm/posthog-js@1.309.1/node_modules/posthog-js/dist/module.js:22:116221) @ webpack-internal:///(app-pages-browser)/./node_modules/.pnpm/next@15.2.6_react-dom@19.0.0_react@19.0.0__react@19.0.0/node_modules/next/dist/client/components/globals/intercept-console-error.js:49
[   47386ms] [WARNING] [PostHog.js] Enqueued failed request for retry in 5172 @ webpack-internal:///(app-pages-browser)/./node_modules/.pnpm/posthog-js@1.309.1/node_modules/posthog-js/dist/module.js:21
[   47398ms] [ERROR] Failed to load resource: net::ERR_CONNECTION_REFUSED @ http://localhost:3111/__nextjs_original-stack-frames:0
[   48434ms] [LOG] [PostHog.js] send "$snapshot" {uuid: 01a0cc05-f505-7d46-b887-3ed725c57e22, event: $snapshot, properties: Object, timestamp: Tue Sep 22 2026 22:08:57 GMT-0400 (Eastern Daylight Time)} @ webpack-internal:///(app-pages-browser)/./node_modules/.pnpm/posthog-js@1.309.1/node_modules/posthog-js/dist/module.js:21
[   50389ms] [ERROR] Failed to load resource: net::ERR_CONNECTION_REFUSED @ http://localhost:3111/ingest/s/?retry_count=1&ip=0&_=1790129339556&ver=1.309.1&compression=gzip-js:0
[   50389ms] [ERROR] [PostHog.js] TypeError: Failed to fetch
    at method (webpack-internal:///(app-pages-browser)/./node_modules/.pnpm/posthog-js@1.309.1/node_modules/posthog-js/dist/module.js:22:71863)
    at eval (webpack-internal:///(app-pages-browser)/./node_modules/.pnpm/posthog-js@1.309.1/node_modules/posthog-js/dist/module.js:22:149004)
    at qo._send_request (webpack-internal:///(app-pages-browser)/./node_modules/.pnpm/posthog-js@1.309.1/node_modules/posthog-js/dist/module.js:22:149010)
    at go.retriableRequest (webpack-internal:///(app-pages-browser)/./node_modules/.pnpm/posthog-js@1.309.1/node_modules/posthog-js/dist/module.js:22:115497)
    at go.Lt (webpack-internal:///(app-pages-browser)/./node_modules/.pnpm/posthog-js@1.309.1/node_modules/posthog-js/dist/module.js:22:116384)
    at eval (webpack-internal:///(app-pages-browser)/./node_modules/.pnpm/posthog-js@1.309.1/node_modules/posthog-js/dist/module.js:22:116221) @ webpack-internal:///(app-pages-browser)/./node_modules/.pnpm/next@15.2.6_react-dom@19.0.0_react@19.0.0__react@19.0.0/node_modules/next/dist/client/components/globals/intercept-console-error.js:49
[   50389ms] [WARNING] [PostHog.js] Enqueued failed request for retry in 5490 @ webpack-internal:///(app-pages-browser)/./node_modules/.pnpm/posthog-js@1.309.1/node_modules/posthog-js/dist/module.js:21
[   50400ms] [ERROR] Failed to load resource: net::ERR_CONNECTION_REFUSED @ http://localhost:3111/__nextjs_original-stack-frames:0
[   51441ms] [ERROR] Failed to load resource: net::ERR_CONNECTION_REFUSED @ http://localhost:3111/ingest/s/?ip=0&_=1790129340607&ver=1.309.1&compression=gzip-js:0
[   51441ms] [ERROR] [PostHog.js] TypeError: Failed to fetch
    at method (webpack-internal:///(app-pages-browser)/./node_modules/.pnpm/posthog-js@1.309.1/node_modules/posthog-js/dist/module.js:22:71863)
    at eval (webpack-internal:///(app-pages-browser)/./node_modules/.pnpm/posthog-js@1.309.1/node_modules/posthog-js/dist/module.js:22:149004)
    at qo._send_request (webpack-internal:///(app-pages-browser)/./node_modules/.pnpm/posthog-js@1.309.1/node_modules/posthog-js/dist/module.js:22:149010)
    at go.retriableRequest (webpack-internal:///(app-pages-browser)/./node_modules/.pnpm/posthog-js@1.309.1/node_modules/posthog-js/dist/module.js:22:115497)
    at qo.Br (webpack-internal:///(app-pages-browser)/./node_modules/.pnpm/posthog-js@1.309.1/node_modules/posthog-js/dist/module.js:22:149216)
    at fo.eval [as xe] (webpack-internal:///(app-pages-browser)/./node_modules/.pnpm/posthog-js@1.309.1/node_modules/posthog-js/dist/module.js:22:142058)
    at e (webpack-internal:///(app-pages-browser)/./node_modules/.pnpm/posthog-js@1.309.1/node_modules/posthog-js/dist/module.js:22:114800)
    at eval (webpack-internal:///(app-pages-browser)/./node_modules/.pnpm/posthog-js@1.309.1/node_modules/posthog-js/dist/module.js:22:114822) @ webpack-internal:///(app-pages-browser)/./node_modules/.pnpm/next@15.2.6_react-dom@19.0.0_react@19.0.0__react@19.0.0/node_modules/next/dist/client/components/globals/intercept-console-error.js:49
[   51441ms] [WARNING] [PostHog.js] Enqueued failed request for retry in 3387 @ webpack-internal:///(app-pages-browser)/./node_modules/.pnpm/posthog-js@1.309.1/node_modules/posthog-js/dist/module.js:21
[   51457ms] [ERROR] Failed to load resource: net::ERR_CONNECTION_REFUSED @ http://localhost:3111/__nextjs_original-stack-frames:0
[   52408ms] [LOG] [PostHog.js] send "$snapshot" {uuid: 01a0cc06-048c-7e71-b6da-c42c8d67d742, event: $snapshot, properties: Object, timestamp: Tue Sep 22 2026 22:09:01 GMT-0400 (Eastern Daylight Time)} @ webpack-internal:///(app-pages-browser)/./node_modules/.pnpm/posthog-js@1.309.1/node_modules/posthog-js/dist/module.js:21
[   53392ms] [ERROR] Failed to load resource: net::ERR_CONNECTION_REFUSED @ http://localhost:3111/ingest/s/?retry_count=2&ip=0&_=1790129342560&ver=1.309.1&compression=gzip-js:0
[   53392ms] [ERROR] [PostHog.js] TypeError: Failed to fetch
    at method (webpack-internal:///(app-pages-browser)/./node_modules/.pnpm/posthog-js@1.309.1/node_modules/posthog-js/dist/module.js:22:71863)
    at eval (webpack-internal:///(app-pages-browser)/./node_modules/.pnpm/posthog-js@1.309.1/node_modules/posthog-js/dist/module.js:22:149004)
    at qo._send_request (webpack-internal:///(app-pages-browser)/./node_modules/.pnpm/posthog-js@1.309.1/node_modules/posthog-js/dist/module.js:22:149010)
    at go.retriableRequest (webpack-internal:///(app-pages-browser)/./node_modules/.pnpm/posthog-js@1.309.1/node_modules/posthog-js/dist/module.js:22:115497)
    at go.Lt (webpack-internal:///(app-pages-browser)/./node_modules/.pnpm/posthog-js@1.309.1/node_modules/posthog-js/dist/module.js:22:116384)
    at eval (webpack-internal:///(app-pages-browser)/./node_modules/.pnpm/posthog-js@1.309.1/node_modules/posthog-js/dist/module.js:22:116221) @ webpack-internal:///(app-pages-browser)/./node_modules/.pnpm/next@15.2.6_react-dom@19.0.0_react@19.0.0__react@19.0.0/node_modules/next/dist/client/components/globals/intercept-console-error.js:49
[   53392ms] [WARNING] [PostHog.js] Enqueued failed request for retry in 13908 @ webpack-internal:///(app-pages-browser)/./node_modules/.pnpm/posthog-js@1.309.1/node_modules/posthog-js/dist/module.js:21
[   53405ms] [ERROR] Failed to load resource: net::ERR_CONNECTION_REFUSED @ http://localhost:3111/__nextjs_original-stack-frames:0
[   55413ms] [ERROR] Failed to load resource: net::ERR_CONNECTION_REFUSED @ http://localhost:3111/ingest/s/?ip=0&_=1790129344581&ver=1.309.1&compression=gzip-js:0
[   55413ms] [ERROR] [PostHog.js] TypeError: Failed to fetch
    at method (webpack-internal:///(app-pages-browser)/./node_modules/.pnpm/posthog-js@1.309.1/node_modules/posthog-js/dist/module.js:22:71863)
    at eval (webpack-internal:///(app-pages-browser)/./node_modules/.pnpm/posthog-js@1.309.1/node_modules/posthog-js/dist/module.js:22:149004)
    at qo._send_request (webpack-internal:///(app-pages-browser)/./node_modules/.pnpm/posthog-js@1.309.1/node_modules/posthog-js/dist/module.js:22:149010)
    at go.retriableRequest (webpack-internal:///(app-pages-browser)/./node_modules/.pnpm/posthog-js@1.309.1/node_modules/posthog-js/dist/module.js:22:115497)
    at qo.Br (webpack-internal:///(app-pages-browser)/./node_modules/.pnpm/posthog-js@1.309.1/node_modules/posthog-js/dist/module.js:22:149216)
    at fo.eval [as xe] (webpack-internal:///(app-pages-browser)/./node_modules/.pnpm/posthog-js@1.309.1/node_modules/posthog-js/dist/module.js:22:142058)
    at e (webpack-internal:///(app-pages-browser)/./node_modules/.pnpm/posthog-js@1.309.1/node_modules/posthog-js/dist/module.js:22:114800)
    at eval (webpack-internal:///(app-pages-browser)/./node_modules/.pnpm/posthog-js@1.309.1/node_modules/posthog-js/dist/module.js:22:114822) @ webpack-internal:///(app-pages-browser)/./node_modules/.pnpm/next@15.2.6_react-dom@19.0.0_react@19.0.0__react@19.0.0/node_modules/next/dist/client/components/globals/intercept-console-error.js:49
[   55414ms] [WARNING] [PostHog.js] Enqueued failed request for retry in 2622 @ webpack-internal:///(app-pages-browser)/./node_modules/.pnpm/posthog-js@1.309.1/node_modules/posthog-js/dist/module.js:21
[   55425ms] [LOG] [PostHog.js] send "$snapshot" {uuid: 01a0cc06-1054-7d80-aa32-197ef69550e8, event: $snapshot, properties: Object, timestamp: Tue Sep 22 2026 22:09:04 GMT-0400 (Eastern Daylight Time)} @ webpack-internal:///(app-pages-browser)/./node_modules/.pnpm/posthog-js@1.309.1/node_modules/posthog-js/dist/module.js:21
[   55425ms] [ERROR] Failed to load resource: net::ERR_CONNECTION_REFUSED @ http://localhost:3111/__nextjs_original-stack-frames:0
[   56398ms] [ERROR] Failed to load resource: net::ERR_CONNECTION_REFUSED @ http://localhost:3111/ingest/s/?retry_count=3&ip=0&_=1790129345562&ver=1.309.1&compression=gzip-js:0
[   56398ms] [ERROR] [PostHog.js] TypeError: Failed to fetch
    at method (webpack-internal:///(app-pages-browser)/./node_modules/.pnpm/posthog-js@1.309.1/node_modules/posthog-js/dist/module.js:22:71863)
    at eval (webpack-internal:///(app-pages-browser)/./node_modules/.pnpm/posthog-js@1.309.1/node_modules/posthog-js/dist/module.js:22:149004)
    at qo._send_request (webpack-internal:///(app-pages-browser)/./node_modules/.pnpm/posthog-js@1.309.1/node_modules/posthog-js/dist/module.js:22:149010)
    at go.retriableRequest (webpack-internal:///(app-pages-browser)/./node_modules/.pnpm/posthog-js@1.309.1/node_modules/posthog-js/dist/module.js:22:115497)
    at go.Lt (webpack-internal:///(app-pages-browser)/./node_modules/.pnpm/posthog-js@1.309.1/node_modules/posthog-js/dist/module.js:22:116384)
    at eval (webpack-internal:///(app-pages-browser)/./node_modules/.pnpm/posthog-js@1.309.1/node_modules/posthog-js/dist/module.js:22:116221) @ webpack-internal:///(app-pages-browser)/./node_modules/.pnpm/next@15.2.6_react-dom@19.0.0_react@19.0.0__react@19.0.0/node_modules/next/dist/client/components/globals/intercept-console-error.js:49
[   56398ms] [WARNING] [PostHog.js] Enqueued failed request for retry in 28909 @ webpack-internal:///(app-pages-browser)/./node_modules/.pnpm/posthog-js@1.309.1/node_modules/posthog-js/dist/module.js:21
[   56398ms] [ERROR] Failed to load resource: net::ERR_CONNECTION_REFUSED @ http://localhost:3111/ingest/s/?retry_count=2&ip=0&_=1790129345566&ver=1.309.1&compression=gzip-js:0
[   56399ms] [ERROR] [PostHog.js] TypeError: Failed to fetch
    at method (webpack-internal:///(app-pages-browser)/./node_modules/.pnpm/posthog-js@1.309.1/node_modules/posthog-js/dist/module.js:22:71863)
    at eval (webpack-internal:///(app-pages-browser)/./node_modules/.pnpm/posthog-js@1.309.1/node_modules/posthog-js/dist/module.js:22:149004)
    at qo._send_request (webpack-internal:///(app-pages-browser)/./node_modules/.pnpm/posthog-js@1.309.1/node_modules/posthog-js/dist/module.js:22:149010)
    at go.retriableRequest (webpack-internal:///(app-pages-browser)/./node_modules/.pnpm/posthog-js@1.309.1/node_modules/posthog-js/dist/module.js:22:115497)
    at go.Lt (webpack-internal:///(app-pages-browser)/./node_modules/.pnpm/posthog-js@1.309.1/node_modules/posthog-js/dist/module.js:22:116384)
    at eval (webpack-internal:///(app-pages-browser)/./node_modules/.pnpm/posthog-js@1.309.1/node_modules/posthog-js/dist/module.js:22:116221) @ webpack-internal:///(app-pages-browser)/./node_modules/.pnpm/next@15.2.6_react-dom@19.0.0_react@19.0.0__react@19.0.0/node_modules/next/dist/client/components/globals/intercept-console-error.js:49
[   56399ms] [WARNING] [PostHog.js] Enqueued failed request for retry in 9178 @ webpack-internal:///(app-pages-browser)/./node_modules/.pnpm/posthog-js@1.309.1/node_modules/posthog-js/dist/module.js:21
[   56399ms] [ERROR] Failed to load resource: net::ERR_CONNECTION_REFUSED @ http://localhost:3111/ingest/s/?retry_count=1&ip=0&_=1790129345568&ver=1.309.1&compression=gzip-js:0
[   56399ms] [ERROR] [PostHog.js] TypeError: Failed to fetch
    at method (webpack-internal:///(app-pages-browser)/./node_modules/.pnpm/posthog-js@1.309.1/node_modules/posthog-js/dist/module.js:22:71863)
    at eval (webpack-internal:///(app-pages-browser)/./node_modules/.pnpm/posthog-js@1.309.1/node_modules/posthog-js/dist/module.js:22:149004)
    at qo._send_request (webpack-internal:///(app-pages-browser)/./node_modules/.pnpm/posthog-js@1.309.1/node_modules/posthog-js/dist/module.js:22:149010)
    at go.retriableRequest (webpack-internal:///(app-pages-browser)/./node_modules/.pnpm/posthog-js@1.309.1/node_modules/posthog-js/dist/module.js:22:115497)
    at go.Lt (webpack-internal:///(app-pages-browser)/./node_modules/.pnpm/posthog-js@1.309.1/node_modules/posthog-js/dist/module.js:22:116384)
    at eval (webpack-internal:///(app-pages-browser)/./node_modules/.pnpm/posthog-js@1.309.1/node_modules/posthog-js/dist/module.js:22:116221) @ webpack-internal:///(app-pages-browser)/./node_modules/.pnpm/next@15.2.6_react-dom@19.0.0_react@19.0.0__react@19.0.0/node_modules/next/dist/client/components/globals/intercept-console-error.js:49
[   56399ms] [WARNING] [PostHog.js] Enqueued failed request for retry in 7191 @ webpack-internal:///(app-pages-browser)/./node_modules/.pnpm/posthog-js@1.309.1/node_modules/posthog-js/dist/module.js:21
[   56409ms] [ERROR] Failed to load resource: net::ERR_CONNECTION_REFUSED @ http://localhost:3111/__nextjs_original-stack-frames:0
[   57437ms] [LOG] [PostHog.js] send "$snapshot" {uuid: 01a0cc06-1830-7f57-8e63-272b3df36e7c, event: $snapshot, properties: Object, timestamp: Tue Sep 22 2026 22:09:06 GMT-0400 (Eastern Daylight Time)} @ webpack-internal:///(app-pages-browser)/./node_modules/.pnpm/posthog-js@1.309.1/node_modules/posthog-js/dist/module.js:21
[   58429ms] [ERROR] Failed to load resource: net::ERR_CONNECTION_REFUSED @ http://localhost:3111/ingest/s/?ip=0&_=1790129347597&ver=1.309.1&compression=gzip-js:0
[   58429ms] [ERROR] [PostHog.js] TypeError: Failed to fetch
    at method (webpack-internal:///(app-pages-browser)/./node_modules/.pnpm/posthog-js@1.309.1/node_modules/posthog-js/dist/module.js:22:71863)
    at eval (webpack-internal:///(app-pages-browser)/./node_modules/.pnpm/posthog-js@1.309.1/node_modules/posthog-js/dist/module.js:22:149004)
    at qo._send_request (webpack-internal:///(app-pages-browser)/./node_modules/.pnpm/posthog-js@1.309.1/node_modules/posthog-js/dist/module.js:22:149010)
    at go.retriableRequest (webpack-internal:///(app-pages-browser)/./node_modules/.pnpm/posthog-js@1.309.1/node_modules/posthog-js/dist/module.js:22:115497)
    at qo.Br (webpack-internal:///(app-pages-browser)/./node_modules/.pnpm/posthog-js@1.309.1/node_modules/posthog-js/dist/module.js:22:149216)
    at fo.eval [as xe] (webpack-internal:///(app-pages-browser)/./node_modules/.pnpm/posthog-js@1.309.1/node_modules/posthog-js/dist/module.js:22:142058)
    at e (webpack-internal:///(app-pages-browser)/./node_modules/.pnpm/posthog-js@1.309.1/node_modules/posthog-js/dist/module.js:22:114800)
    at eval (webpack-internal:///(app-pages-browser)/./node_modules/.pnpm/posthog-js@1.309.1/node_modules/posthog-js/dist/module.js:22:114822) @ webpack-internal:///(app-pages-browser)/./node_modules/.pnpm/next@15.2.6_react-dom@19.0.0_react@19.0.0__react@19.0.0/node_modules/next/dist/client/components/globals/intercept-console-error.js:49
[   58429ms] [WARNING] [PostHog.js] Enqueued failed request for retry in 2753 @ webpack-internal:///(app-pages-browser)/./node_modules/.pnpm/posthog-js@1.309.1/node_modules/posthog-js/dist/module.js:21
[   58444ms] [ERROR] Failed to load resource: net::ERR_CONNECTION_REFUSED @ http://localhost:3111/__nextjs_original-stack-frames:0
[   59403ms] [ERROR] Failed to load resource: net::ERR_CONNECTION_REFUSED @ http://localhost:3111/ingest/s/?retry_count=3&ip=0&_=1790129348571&ver=1.309.1&compression=gzip-js:0
[   59404ms] [ERROR] [PostHog.js] TypeError: Failed to fetch
    at method (webpack-internal:///(app-pages-browser)/./node_modules/.pnpm/posthog-js@1.309.1/node_modules/posthog-js/dist/module.js:22:71863)
    at eval (webpack-internal:///(app-pages-browser)/./node_modules/.pnpm/posthog-js@1.309.1/node_modules/posthog-js/dist/module.js:22:149004)
    at qo._send_request (webpack-internal:///(app-pages-browser)/./node_modules/.pnpm/posthog-js@1.309.1/node_modules/posthog-js/dist/module.js:22:149010)
    at go.retriableRequest (webpack-internal:///(app-pages-browser)/./node_modules/.pnpm/posthog-js@1.309.1/node_modules/posthog-js/dist/module.js:22:115497)
    at go.Lt (webpack-internal:///(app-pages-browser)/./node_modules/.pnpm/posthog-js@1.309.1/node_modules/posthog-js/dist/module.js:22:116384)
    at eval (webpack-internal:///(app-pages-browser)/./node_modules/.pnpm/posthog-js@1.309.1/node_modules/posthog-js/dist/module.js:22:116221) @ webpack-internal:///(app-pages-browser)/./node_modules/.pnpm/next@15.2.6_react-dom@19.0.0_react@19.0.0__react@19.0.0/node_modules/next/dist/client/components/globals/intercept-console-error.js:49
[   59404ms] [WARNING] [PostHog.js] Enqueued failed request for retry in 23844 @ webpack-internal:///(app-pages-browser)/./node_modules/.pnpm/posthog-js@1.309.1/node_modules/posthog-js/dist/module.js:21
[   59404ms] [ERROR] Failed to load resource: net::ERR_CONNECTION_REFUSED @ http://localhost:3111/ingest/s/?retry_count=1&ip=0&_=1790129348573&ver=1.309.1&compression=gzip-js:0
[   59404ms] [ERROR] [PostHog.js] TypeError: Failed to fetch
    at method (webpack-internal:///(app-pages-browser)/./node_modules/.pnpm/posthog-js@1.309.1/node_modules/posthog-js/dist/module.js:22:71863)
    at eval (webpack-internal:///(app-pages-browser)/./node_modules/.pnpm/posthog-js@1.309.1/node_modules/posthog-js/dist/module.js:22:149004)
    at qo._send_request (webpack-internal:///(app-pages-browser)/./node_modules/.pnpm/posthog-js@1.309.1/node_modules/posthog-js/dist/module.js:22:149010)
    at go.retriableRequest (webpack-internal:///(app-pages-browser)/./node_modules/.pnpm/posthog-js@1.309.1/node_modules/posthog-js/dist/module.js:22:115497)
    at go.Lt (webpack-internal:///(app-pages-browser)/./node_modules/.pnpm/posthog-js@1.309.1/node_modules/posthog-js/dist/module.js:22:116384)
    at eval (webpack-internal:///(app-pages-browser)/./node_modules/.pnpm/posthog-js@1.309.1/node_modules/posthog-js/dist/module.js:22:116221) @ webpack-internal:///(app-pages-browser)/./node_modules/.pnpm/next@15.2.6_react-dom@19.0.0_react@19.0.0__react@19.0.0/node_modules/next/dist/client/components/globals/intercept-console-error.js:49
[   59404ms] [WARNING] [PostHog.js] Enqueued failed request for retry in 7459 @ webpack-internal:///(app-pages-browser)/./node_modules/.pnpm/posthog-js@1.309.1/node_modules/posthog-js/dist/module.js:21
[   59415ms] [ERROR] Failed to load resource: net::ERR_CONNECTION_REFUSED @ http://localhost:3111/__nextjs_original-stack-frames:0
[   60454ms] [LOG] [PostHog.js] send "$snapshot" {uuid: 01a0cc06-23fa-7ae2-8e50-e2dba730a44e, event: $snapshot, properties: Object, timestamp: Tue Sep 22 2026 22:09:09 GMT-0400 (Eastern Daylight Time)} @ webpack-internal:///(app-pages-browser)/./node_modules/.pnpm/posthog-js@1.309.1/node_modules/posthog-js/dist/module.js:21
[   62410ms] [ERROR] Failed to load resource: net::ERR_CONNECTION_REFUSED @ http://localhost:3111/ingest/s/?retry_count=1&ip=0&_=1790129351576&ver=1.309.1&compression=gzip-js:0
[   62410ms] [ERROR] [PostHog.js] TypeError: Failed to fetch
    at method (webpack-internal:///(app-pages-browser)/./node_modules/.pnpm/posthog-js@1.309.1/node_modules/posthog-js/dist/module.js:22:71863)
    at eval (webpack-internal:///(app-pages-browser)/./node_modules/.pnpm/posthog-js@1.309.1/node_modules/posthog-js/dist/module.js:22:149004)
    at qo._send_request (webpack-internal:///(app-pages-browser)/./node_modules/.pnpm/posthog-js@1.309.1/node_modules/posthog-js/dist/module.js:22:149010)
    at go.retriableRequest (webpack-internal:///(app-pages-browser)/./node_modules/.pnpm/posthog-js@1.309.1/node_modules/posthog-js/dist/module.js:22:115497)
    at go.Lt (webpack-internal:///(app-pages-browser)/./node_modules/.pnpm/posthog-js@1.309.1/node_modules/posthog-js/dist/module.js:22:116384)
    at eval (webpack-internal:///(app-pages-browser)/./node_modules/.pnpm/posthog-js@1.309.1/node_modules/posthog-js/dist/module.js:22:116221) @ webpack-internal:///(app-pages-browser)/./node_modules/.pnpm/next@15.2.6_react-dom@19.0.0_react@19.0.0__react@19.0.0/node_modules/next/dist/client/components/globals/intercept-console-error.js:49
[   62410ms] [WARNING] [PostHog.js] Enqueued failed request for retry in 7321 @ webpack-internal:///(app-pages-browser)/./node_modules/.pnpm/posthog-js@1.309.1/node_modules/posthog-js/dist/module.js:21
[   62420ms] [ERROR] Failed to load resource: net::ERR_CONNECTION_REFUSED @ http://localhost:3111/__nextjs_original-stack-frames:0
[   63465ms] [ERROR] Failed to load resource: net::ERR_CONNECTION_REFUSED @ http://localhost:3111/ingest/s/?ip=0&_=1790129352628&ver=1.309.1&compression=gzip-js:0
[   63465ms] [ERROR] [PostHog.js] TypeError: Failed to fetch
    at method (webpack-internal:///(app-pages-browser)/./node_modules/.pnpm/posthog-js@1.309.1/node_modules/posthog-js/dist/module.js:22:71863)
    at eval (webpack-internal:///(app-pages-browser)/./node_modules/.pnpm/posthog-js@1.309.1/node_modules/posthog-js/dist/module.js:22:149004)
    at qo._send_request (webpack-internal:///(app-pages-browser)/./node_modules/.pnpm/posthog-js@1.309.1/node_modules/posthog-js/dist/module.js:22:149010)
    at go.retriableRequest (webpack-internal:///(app-pages-browser)/./node_modules/.pnpm/posthog-js@1.309.1/node_modules/posthog-js/dist/module.js:22:115497)
    at qo.Br (webpack-internal:///(app-pages-browser)/./node_modules/.pnpm/posthog-js@1.309.1/node_modules/posthog-js/dist/module.js:22:149216)
    at fo.eval [as xe] (webpack-internal:///(app-pages-browser)/./node_modules/.pnpm/posthog-js@1.309.1/node_modules/posthog-js/dist/module.js:22:142058)
    at e (webpack-internal:///(app-pages-browser)/./node_modules/.pnpm/posthog-js@1.309.1/node_modules/posthog-js/dist/module.js:22:114800)
    at eval (webpack-internal:///(app-pages-browser)/./node_modules/.pnpm/posthog-js@1.309.1/node_modules/posthog-js/dist/module.js:22:114822) @ webpack-internal:///(app-pages-browser)/./node_modules/.pnpm/next@15.2.6_react-dom@19.0.0_react@19.0.0__react@19.0.0/node_modules/next/dist/client/components/globals/intercept-console-error.js:49
[   63465ms] [WARNING] [PostHog.js] Enqueued failed request for retry in 2904 @ webpack-internal:///(app-pages-browser)/./node_modules/.pnpm/posthog-js@1.309.1/node_modules/posthog-js/dist/module.js:21
[   63481ms] [ERROR] Failed to load resource: net::ERR_CONNECTION_REFUSED @ http://localhost:3111/__nextjs_original-stack-frames:0
[   64423ms] [LOG] [PostHog.js] send "$snapshot" {uuid: 01a0cc06-337a-7651-b43e-f397ff4da855, event: $snapshot, properties: Object, timestamp: Tue Sep 22 2026 22:09:13 GMT-0400 (Eastern Daylight Time)} @ webpack-internal:///(app-pages-browser)/./node_modules/.pnpm/posthog-js@1.309.1/node_modules/posthog-js/dist/module.js:21
[   65412ms] [ERROR] Failed to load resource: net::ERR_CONNECTION_REFUSED @ http://localhost:3111/ingest/s/?retry_count=2&ip=0&_=1790129354581&ver=1.309.1&compression=gzip-js:0
[   65412ms] [ERROR] [PostHog.js] TypeError: Failed to fetch
    at method (webpack-internal:///(app-pages-browser)/./node_modules/.pnpm/posthog-js@1.309.1/node_modules/posthog-js/dist/module.js:22:71863)
    at eval (webpack-internal:///(app-pages-browser)/./node_modules/.pnpm/posthog-js@1.309.1/node_modules/posthog-js/dist/module.js:22:149004)
    at qo._send_request (webpack-internal:///(app-pages-browser)/./node_modules/.pnpm/posthog-js@1.309.1/node_modules/posthog-js/dist/module.js:22:149010)
    at go.retriableRequest (webpack-internal:///(app-pages-browser)/./node_modules/.pnpm/posthog-js@1.309.1/node_modules/posthog-js/dist/module.js:22:115497)
    at go.Lt (webpack-internal:///(app-pages-browser)/./node_modules/.pnpm/posthog-js@1.309.1/node_modules/posthog-js/dist/module.js:22:116384)
    at eval (webpack-internal:///(app-pages-browser)/./node_modules/.pnpm/posthog-js@1.309.1/node_modules/posthog-js/dist/module.js:22:116221) @ webpack-internal:///(app-pages-browser)/./node_modules/.pnpm/next@15.2.6_react-dom@19.0.0_react@19.0.0__react@19.0.0/node_modules/next/dist/client/components/globals/intercept-console-error.js:49
[   65412ms] [WARNING] [PostHog.js] Enqueued failed request for retry in 13924 @ webpack-internal:///(app-pages-browser)/./node_modules/.pnpm/posthog-js@1.309.1/node_modules/posthog-js/dist/module.js:21
[   65420ms] [ERROR] Failed to load resource: net::ERR_CONNECTION_REFUSED @ http://localhost:3111/__nextjs_original-stack-frames:0
[   67424ms] [LOG] [PostHog.js] send "$snapshot" {uuid: 01a0cc06-3f33-7206-9c61-a5b1c92b7b86, event: $snapshot, properties: Object, timestamp: Tue Sep 22 2026 22:09:16 GMT-0400 (Eastern Daylight Time)} @ webpack-internal:///(app-pages-browser)/./node_modules/.pnpm/posthog-js@1.309.1/node_modules/posthog-js/dist/module.js:21
[   67426ms] [ERROR] Failed to load resource: net::ERR_CONNECTION_REFUSED @ http://localhost:3111/ingest/s/?ip=0&_=1790129356596&ver=1.309.1&compression=gzip-js:0
[   67426ms] [ERROR] [PostHog.js] TypeError: Failed to fetch
    at method (webpack-internal:///(app-pages-browser)/./node_modules/.pnpm/posthog-js@1.309.1/node_modules/posthog-js/dist/module.js:22:71863)
    at eval (webpack-internal:///(app-pages-browser)/./node_modules/.pnpm/posthog-js@1.309.1/node_modules/posthog-js/dist/module.js:22:149004)
    at qo._send_request (webpack-internal:///(app-pages-browser)/./node_modules/.pnpm/posthog-js@1.309.1/node_modules/posthog-js/dist/module.js:22:149010)
    at go.retriableRequest (webpack-internal:///(app-pages-browser)/./node_modules/.pnpm/posthog-js@1.309.1/node_modules/posthog-js/dist/module.js:22:115497)
    at qo.Br (webpack-internal:///(app-pages-browser)/./node_modules/.pnpm/posthog-js@1.309.1/node_modules/posthog-js/dist/module.js:22:149216)
    at fo.eval [as xe] (webpack-internal:///(app-pages-browser)/./node_modules/.pnpm/posthog-js@1.309.1/node_modules/posthog-js/dist/module.js:22:142058)
    at e (webpack-internal:///(app-pages-browser)/./node_modules/.pnpm/posthog-js@1.309.1/node_modules/posthog-js/dist/module.js:22:114800)
    at eval (webpack-internal:///(app-pages-browser)/./node_modules/.pnpm/posthog-js@1.309.1/node_modules/posthog-js/dist/module.js:22:114822) @ webpack-internal:///(app-pages-browser)/./node_modules/.pnpm/next@15.2.6_react-dom@19.0.0_react@19.0.0__react@19.0.0/node_modules/next/dist/client/components/globals/intercept-console-error.js:49
[   67427ms] [WARNING] [PostHog.js] Enqueued failed request for retry in 2626 @ webpack-internal:///(app-pages-browser)/./node_modules/.pnpm/posthog-js@1.309.1/node_modules/posthog-js/dist/module.js:21
[   67435ms] [ERROR] Failed to load resource: net::ERR_CONNECTION_REFUSED @ http://localhost:3111/__nextjs_original-stack-frames:0
[   68420ms] [ERROR] Failed to load resource: net::ERR_CONNECTION_REFUSED @ http://localhost:3111/ingest/s/?retry_count=3&ip=0&_=1790129357584&ver=1.309.1&compression=gzip-js:0
[   68421ms] [ERROR] [PostHog.js] TypeError: Failed to fetch
    at method (webpack-internal:///(app-pages-browser)/./node_modules/.pnpm/posthog-js@1.309.1/node_modules/posthog-js/dist/module.js:22:71863)
    at eval (webpack-internal:///(app-pages-browser)/./node_modules/.pnpm/posthog-js@1.309.1/node_modules/posthog-js/dist/module.js:22:149004)
    at qo._send_request (webpack-internal:///(app-pages-browser)/./node_modules/.pnpm/posthog-js@1.309.1/node_modules/posthog-js/dist/module.js:22:149010)
    at go.retriableRequest (webpack-internal:///(app-pages-browser)/./node_modules/.pnpm/posthog-js@1.309.1/node_modules/posthog-js/dist/module.js:22:115497)
    at go.Lt (webpack-internal:///(app-pages-browser)/./node_modules/.pnpm/posthog-js@1.309.1/node_modules/posthog-js/dist/module.js:22:116384)
    at eval (webpack-internal:///(app-pages-browser)/./node_modules/.pnpm/posthog-js@1.309.1/node_modules/posthog-js/dist/module.js:22:116221) @ webpack-internal:///(app-pages-browser)/./node_modules/.pnpm/next@15.2.6_react-dom@19.0.0_react@19.0.0__react@19.0.0/node_modules/next/dist/client/components/globals/intercept-console-error.js:49
[   68421ms] [WARNING] [PostHog.js] Enqueued failed request for retry in 22375 @ webpack-internal:///(app-pages-browser)/./node_modules/.pnpm/posthog-js@1.309.1/node_modules/posthog-js/dist/module.js:21
[   68426ms] [ERROR] Failed to load resource: net::ERR_CONNECTION_REFUSED @ http://localhost:3111/ingest/s/?retry_count=3&ip=0&_=1790129357585&ver=1.309.1&compression=gzip-js:0
[   68426ms] [ERROR] [PostHog.js] TypeError: Failed to fetch
    at method (webpack-internal:///(app-pages-browser)/./node_modules/.pnpm/posthog-js@1.309.1/node_modules/posthog-js/dist/module.js:22:71863)
    at eval (webpack-internal:///(app-pages-browser)/./node_modules/.pnpm/posthog-js@1.309.1/node_modules/posthog-js/dist/module.js:22:149004)
    at qo._send_request (webpack-internal:///(app-pages-browser)/./node_modules/.pnpm/posthog-js@1.309.1/node_modules/posthog-js/dist/module.js:22:149010)
    at go.retriableRequest (webpack-internal:///(app-pages-browser)/./node_modules/.pnpm/posthog-js@1.309.1/node_modules/posthog-js/dist/module.js:22:115497)
    at go.Lt (webpack-internal:///(app-pages-browser)/./node_modules/.pnpm/posthog-js@1.309.1/node_modules/posthog-js/dist/module.js:22:116384)
    at eval (webpack-internal:///(app-pages-browser)/./node_modules/.pnpm/posthog-js@1.309.1/node_modules/posthog-js/dist/module.js:22:116221) @ webpack-internal:///(app-pages-browser)/./node_modules/.pnpm/next@15.2.6_react-dom@19.0.0_react@19.0.0__react@19.0.0/node_modules/next/dist/client/components/globals/intercept-console-error.js:49
[   68426ms] [WARNING] [PostHog.js] Enqueued failed request for retry in 26550 @ webpack-internal:///(app-pages-browser)/./node_modules/.pnpm/posthog-js@1.309.1/node_modules/posthog-js/dist/module.js:21
[   68426ms] [ERROR] Failed to load resource: net::ERR_CONNECTION_REFUSED @ http://localhost:3111/ingest/s/?retry_count=2&ip=0&_=1790129357587&ver=1.309.1&compression=gzip-js:0
[   68426ms] [ERROR] [PostHog.js] TypeError: Failed to fetch
    at method (webpack-internal:///(app-pages-browser)/./node_modules/.pnpm/posthog-js@1.309.1/node_modules/posthog-js/dist/module.js:22:71863)
    at eval (webpack-internal:///(app-pages-browser)/./node_modules/.pnpm/posthog-js@1.309.1/node_modules/posthog-js/dist/module.js:22:149004)
    at qo._send_request (webpack-internal:///(app-pages-browser)/./node_modules/.pnpm/posthog-js@1.309.1/node_modules/posthog-js/dist/module.js:22:149010)
    at go.retriableRequest (webpack-internal:///(app-pages-browser)/./node_modules/.pnpm/posthog-js@1.309.1/node_modules/posthog-js/dist/module.js:22:115497)
    at go.Lt (webpack-internal:///(app-pages-browser)/./node_modules/.pnpm/posthog-js@1.309.1/node_modules/posthog-js/dist/module.js:22:116384)
    at eval (webpack-internal:///(app-pages-browser)/./node_modules/.pnpm/posthog-js@1.309.1/node_modules/posthog-js/dist/module.js:22:116221) @ webpack-internal:///(app-pages-browser)/./node_modules/.pnpm/next@15.2.6_react-dom@19.0.0_react@19.0.0__react@19.0.0/node_modules/next/dist/client/components/globals/intercept-console-error.js:49
[   68427ms] [WARNING] [PostHog.js] Enqueued failed request for retry in 11487 @ webpack-internal:///(app-pages-browser)/./node_modules/.pnpm/posthog-js@1.309.1/node_modules/posthog-js/dist/module.js:21
[   68431ms] [ERROR] Failed to load resource: net::ERR_CONNECTION_REFUSED @ http://localhost:3111/ingest/s/?retry_count=1&ip=0&_=1790129357588&ver=1.309.1&compression=gzip-js:0
[   68431ms] [ERROR] [PostHog.js] TypeError: Failed to fetch
    at method (webpack-internal:///(app-pages-browser)/./node_modules/.pnpm/posthog-js@1.309.1/node_modules/posthog-js/dist/module.js:22:71863)
    at eval (webpack-internal:///(app-pages-browser)/./node_modules/.pnpm/posthog-js@1.309.1/node_modules/posthog-js/dist/module.js:22:149004)
    at qo._send_request (webpack-internal:///(app-pages-browser)/./node_modules/.pnpm/posthog-js@1.309.1/node_modules/posthog-js/dist/module.js:22:149010)
    at go.retriableRequest (webpack-internal:///(app-pages-browser)/./node_modules/.pnpm/posthog-js@1.309.1/node_modules/posthog-js/dist/module.js:22:115497)
    at go.Lt (webpack-internal:///(app-pages-browser)/./node_modules/.pnpm/posthog-js@1.309.1/node_modules/posthog-js/dist/module.js:22:116384)
    at eval (webpack-internal:///(app-pages-browser)/./node_modules/.pnpm/posthog-js@1.309.1/node_modules/posthog-js/dist/module.js:22:116221) @ webpack-internal:///(app-pages-browser)/./node_modules/.pnpm/next@15.2.6_react-dom@19.0.0_react@19.0.0__react@19.0.0/node_modules/next/dist/client/components/globals/intercept-console-error.js:49
[   68432ms] [WARNING] [PostHog.js] Enqueued failed request for retry in 5252 @ webpack-internal:///(app-pages-browser)/./node_modules/.pnpm/posthog-js@1.309.1/node_modules/posthog-js/dist/module.js:21
[   68432ms] [ERROR] Failed to load resource: net::ERR_CONNECTION_REFUSED @ http://localhost:3111/__nextjs_original-stack-frames:0
[   68438ms] [ERROR] Failed to load resource: net::ERR_CONNECTION_REFUSED @ http://localhost:3111/__nextjs_original-stack-frames:0
[   68442ms] [ERROR] Failed to load resource: net::ERR_CONNECTION_REFUSED @ http://localhost:3111/__nextjs_original-stack-frames:0
[   69443ms] [LOG] [PostHog.js] send "$snapshot" {uuid: 01a0cc06-4716-7c78-b1de-7ae2638006a9, event: $snapshot, properties: Object, timestamp: Tue Sep 22 2026 22:09:18 GMT-0400 (Eastern Daylight Time)} @ webpack-internal:///(app-pages-browser)/./node_modules/.pnpm/posthog-js@1.309.1/node_modules/posthog-js/dist/module.js:21
[   70375ms] [LOG] [PostHog.js] send "$$heatmap" {uuid: 01a0cc06-4aba-7435-bf43-ebe8a0d2790b, event: $$heatmap, properties: Object, timestamp: Tue Sep 22 2026 22:09:19 GMT-0400 (Eastern Daylight Time)} @ webpack-internal:///(app-pages-browser)/./node_modules/.pnpm/posthog-js@1.309.1/node_modules/posthog-js/dist/module.js:21
[   71424ms] [ERROR] Failed to load resource: net::ERR_CONNECTION_REFUSED @ http://localhost:3111/ingest/s/?retry_count=2&ip=0&_=1790129360592&ver=1.309.1&compression=gzip-js:0
[   71424ms] [ERROR] [PostHog.js] TypeError: Failed to fetch
    at method (webpack-internal:///(app-pages-browser)/./node_modules/.pnpm/posthog-js@1.309.1/node_modules/posthog-js/dist/module.js:22:71863)
    at eval (webpack-internal:///(app-pages-browser)/./node_modules/.pnpm/posthog-js@1.309.1/node_modules/posthog-js/dist/module.js:22:149004)
    at qo._send_request (webpack-internal:///(app-pages-browser)/./node_modules/.pnpm/posthog-js@1.309.1/node_modules/posthog-js/dist/module.js:22:149010)
    at go.retriableRequest (webpack-internal:///(app-pages-browser)/./node_modules/.pnpm/posthog-js@1.309.1/node_modules/posthog-js/dist/module.js:22:115497)
    at go.Lt (webpack-internal:///(app-pages-browser)/./node_modules/.pnpm/posthog-js@1.309.1/node_modules/posthog-js/dist/module.js:22:116384)
    at eval (webpack-internal:///(app-pages-browser)/./node_modules/.pnpm/posthog-js@1.309.1/node_modules/posthog-js/dist/module.js:22:116221) @ webpack-internal:///(app-pages-browser)/./node_modules/.pnpm/next@15.2.6_react-dom@19.0.0_react@19.0.0__react@19.0.0/node_modules/next/dist/client/components/globals/intercept-console-error.js:49
[   71424ms] [WARNING] [PostHog.js] Enqueued failed request for retry in 10399 @ webpack-internal:///(app-pages-browser)/./node_modules/.pnpm/posthog-js@1.309.1/node_modules/posthog-js/dist/module.js:21
[   71424ms] [ERROR] Failed to load resource: net::ERR_CONNECTION_REFUSED @ http://localhost:3111/ingest/s/?retry_count=1&ip=0&_=1790129360594&ver=1.309.1&compression=gzip-js:0
[   71424ms] [ERROR] [PostHog.js] TypeError: Failed to fetch
    at method (webpack-internal:///(app-pages-browser)/./node_modules/.pnpm/posthog-js@1.309.1/node_modules/posthog-js/dist/module.js:22:71863)
    at eval (webpack-internal:///(app-pages-browser)/./node_modules/.pnpm/posthog-js@1.309.1/node_modules/posthog-js/dist/module.js:22:149004)
    at qo._send_request (webpack-internal:///(app-pages-browser)/./node_modules/.pnpm/posthog-js@1.309.1/node_modules/posthog-js/dist/module.js:22:149010)
    at go.retriableRequest (webpack-internal:///(app-pages-browser)/./node_modules/.pnpm/posthog-js@1.309.1/node_modules/posthog-js/dist/module.js:22:115497)
    at go.Lt (webpack-internal:///(app-pages-browser)/./node_modules/.pnpm/posthog-js@1.309.1/node_modules/posthog-js/dist/module.js:22:116384)
    at eval (webpack-internal:///(app-pages-browser)/./node_modules/.pnpm/posthog-js@1.309.1/node_modules/posthog-js/dist/module.js:22:116221) @ webpack-internal:///(app-pages-browser)/./node_modules/.pnpm/next@15.2.6_react-dom@19.0.0_react@19.0.0__react@19.0.0/node_modules/next/dist/client/components/globals/intercept-console-error.js:49
[   71424ms] [WARNING] [PostHog.js] Enqueued failed request for retry in 5472 @ webpack-internal:///(app-pages-browser)/./node_modules/.pnpm/posthog-js@1.309.1/node_modules/posthog-js/dist/module.js:21
[   71433ms] [ERROR] Failed to load resource: net::ERR_CONNECTION_REFUSED @ http://localhost:3111/__nextjs_original-stack-frames:0
[   72449ms] [ERROR] Failed to load resource: net::ERR_CONNECTION_REFUSED @ http://localhost:3111/ingest/s/?ip=0&_=1790129361615&ver=1.309.1&compression=gzip-js:0
[   72449ms] [ERROR] [PostHog.js] TypeError: Failed to fetch
    at method (webpack-internal:///(app-pages-browser)/./node_modules/.pnpm/posthog-js@1.309.1/node_modules/posthog-js/dist/module.js:22:71863)
    at eval (webpack-internal:///(app-pages-browser)/./node_modules/.pnpm/posthog-js@1.309.1/node_modules/posthog-js/dist/module.js:22:149004)
    at qo._send_request (webpack-internal:///(app-pages-browser)/./node_modules/.pnpm/posthog-js@1.309.1/node_modules/posthog-js/dist/module.js:22:149010)
    at go.retriableRequest (webpack-internal:///(app-pages-browser)/./node_modules/.pnpm/posthog-js@1.309.1/node_modules/posthog-js/dist/module.js:22:115497)
    at qo.Br (webpack-internal:///(app-pages-browser)/./node_modules/.pnpm/posthog-js@1.309.1/node_modules/posthog-js/dist/module.js:22:149216)
    at fo.eval [as xe] (webpack-internal:///(app-pages-browser)/./node_modules/.pnpm/posthog-js@1.309.1/node_modules/posthog-js/dist/module.js:22:142058)
    at e (webpack-internal:///(app-pages-browser)/./node_modules/.pnpm/posthog-js@1.309.1/node_modules/posthog-js/dist/module.js:22:114800)
    at eval (webpack-internal:///(app-pages-browser)/./node_modules/.pnpm/posthog-js@1.309.1/node_modules/posthog-js/dist/module.js:22:114822) @ webpack-internal:///(app-pages-browser)/./node_modules/.pnpm/next@15.2.6_react-dom@19.0.0_react@19.0.0__react@19.0.0/node_modules/next/dist/client/components/globals/intercept-console-error.js:49
[   72450ms] [WARNING] [PostHog.js] Enqueued failed request for retry in 2539 @ webpack-internal:///(app-pages-browser)/./node_modules/.pnpm/posthog-js@1.309.1/node_modules/posthog-js/dist/module.js:21
[   72450ms] [ERROR] Failed to load resource: net::ERR_CONNECTION_REFUSED @ http://localhost:3111/ingest/i/v0/e/?ip=0&_=1790129361618&ver=1.309.1&compression=gzip-js:0
[   72450ms] [ERROR] [PostHog.js] TypeError: Failed to fetch
    at method (webpack-internal:///(app-pages-browser)/./node_modules/.pnpm/posthog-js@1.309.1/node_modules/posthog-js/dist/module.js:22:71863)
    at eval (webpack-internal:///(app-pages-browser)/./node_modules/.pnpm/posthog-js@1.309.1/node_modules/posthog-js/dist/module.js:22:149004)
    at qo._send_request (webpack-internal:///(app-pages-browser)/./node_modules/.pnpm/posthog-js@1.309.1/node_modules/posthog-js/dist/module.js:22:149010)
    at go.retriableRequest (webpack-internal:///(app-pages-browser)/./node_modules/.pnpm/posthog-js@1.309.1/node_modules/posthog-js/dist/module.js:22:115497)
    at qo.Br (webpack-internal:///(app-pages-browser)/./node_modules/.pnpm/posthog-js@1.309.1/node_modules/posthog-js/dist/module.js:22:149216)
    at fo.eval [as xe] (webpack-internal:///(app-pages-browser)/./node_modules/.pnpm/posthog-js@1.309.1/node_modules/posthog-js/dist/module.js:22:142058)
    at e (webpack-internal:///(app-pages-browser)/./node_modules/.pnpm/posthog-js@1.309.1/node_modules/posthog-js/dist/module.js:22:114800)
    at eval (webpack-internal:///(app-pages-browser)/./node_modules/.pnpm/posthog-js@1.309.1/node_modules/posthog-js/dist/module.js:22:114822) @ webpack-internal:///(app-pages-browser)/./node_modules/.pnpm/next@15.2.6_react-dom@19.0.0_react@19.0.0__react@19.0.0/node_modules/next/dist/client/components/globals/intercept-console-error.js:49
[   72450ms] [WARNING] [PostHog.js] Enqueued failed request for retry in 3210 @ webpack-internal:///(app-pages-browser)/./node_modules/.pnpm/posthog-js@1.309.1/node_modules/posthog-js/dist/module.js:21
[   72458ms] [ERROR] Failed to load resource: net::ERR_CONNECTION_REFUSED @ http://localhost:3111/__nextjs_original-stack-frames:0
[   73437ms] [LOG] [PostHog.js] send "$snapshot" {uuid: 01a0cc06-56b1-7fee-8598-6db5c85ae237, event: $snapshot, properties: Object, timestamp: Tue Sep 22 2026 22:09:22 GMT-0400 (Eastern Daylight Time)} @ webpack-internal:///(app-pages-browser)/./node_modules/.pnpm/posthog-js@1.309.1/node_modules/posthog-js/dist/module.js:21
[   74426ms] [ERROR] Failed to load resource: net::ERR_CONNECTION_REFUSED @ http://localhost:3111/ingest/s/?retry_count=2&ip=0&_=1790129363595&ver=1.309.1&compression=gzip-js:0
[   74426ms] [ERROR] [PostHog.js] TypeError: Failed to fetch
    at method (webpack-internal:///(app-pages-browser)/./node_modules/.pnpm/posthog-js@1.309.1/node_modules/posthog-js/dist/module.js:22:71863)
    at eval (webpack-internal:///(app-pages-browser)/./node_modules/.pnpm/posthog-js@1.309.1/node_modules/posthog-js/dist/module.js:22:149004)
    at qo._send_request (webpack-internal:///(app-pages-browser)/./node_modules/.pnpm/posthog-js@1.309.1/node_modules/posthog-js/dist/module.js:22:149010)
    at go.retriableRequest (webpack-internal:///(app-pages-browser)/./node_modules/.pnpm/posthog-js@1.309.1/node_modules/posthog-js/dist/module.js:22:115497)
    at go.Lt (webpack-internal:///(app-pages-browser)/./node_modules/.pnpm/posthog-js@1.309.1/node_modules/posthog-js/dist/module.js:22:116384)
    at eval (webpack-internal:///(app-pages-browser)/./node_modules/.pnpm/posthog-js@1.309.1/node_modules/posthog-js/dist/module.js:22:116221) @ webpack-internal:///(app-pages-browser)/./node_modules/.pnpm/next@15.2.6_react-dom@19.0.0_react@19.0.0__react@19.0.0/node_modules/next/dist/client/components/globals/intercept-console-error.js:49
[   74426ms] [WARNING] [PostHog.js] Enqueued failed request for retry in 14601 @ webpack-internal:///(app-pages-browser)/./node_modules/.pnpm/posthog-js@1.309.1/node_modules/posthog-js/dist/module.js:21
[   74434ms] [ERROR] Failed to load resource: net::ERR_CONNECTION_REFUSED @ http://localhost:3111/__nextjs_original-stack-frames:0
[   76437ms] [LOG] [PostHog.js] send "$snapshot" {uuid: 01a0cc06-6269-70ee-8c38-e6f1f6a8b4a8, event: $snapshot, properties: Object, timestamp: Tue Sep 22 2026 22:09:25 GMT-0400 (Eastern Daylight Time)} @ webpack-internal:///(app-pages-browser)/./node_modules/.pnpm/posthog-js@1.309.1/node_modules/posthog-js/dist/module.js:21
[   76442ms] [ERROR] Failed to load resource: net::ERR_CONNECTION_REFUSED @ http://localhost:3111/ingest/s/?ip=0&_=1790129365609&ver=1.309.1&compression=gzip-js:0
[   76442ms] [ERROR] [PostHog.js] TypeError: Failed to fetch
    at method (webpack-internal:///(app-pages-browser)/./node_modules/.pnpm/posthog-js@1.309.1/node_modules/posthog-js/dist/module.js:22:71863)
    at eval (webpack-internal:///(app-pages-browser)/./node_modules/.pnpm/posthog-js@1.309.1/node_modules/posthog-js/dist/module.js:22:149004)
    at qo._send_request (webpack-internal:///(app-pages-browser)/./node_modules/.pnpm/posthog-js@1.309.1/node_modules/posthog-js/dist/module.js:22:149010)
    at go.retriableRequest (webpack-internal:///(app-pages-browser)/./node_modules/.pnpm/posthog-js@1.309.1/node_modules/posthog-js/dist/module.js:22:115497)
    at qo.Br (webpack-internal:///(app-pages-browser)/./node_modules/.pnpm/posthog-js@1.309.1/node_modules/posthog-js/dist/module.js:22:149216)
    at fo.eval [as xe] (webpack-internal:///(app-pages-browser)/./node_modules/.pnpm/posthog-js@1.309.1/node_modules/posthog-js/dist/module.js:22:142058)
    at e (webpack-internal:///(app-pages-browser)/./node_modules/.pnpm/posthog-js@1.309.1/node_modules/posthog-js/dist/module.js:22:114800)
    at eval (webpack-internal:///(app-pages-browser)/./node_modules/.pnpm/posthog-js@1.309.1/node_modules/posthog-js/dist/module.js:22:114822) @ webpack-internal:///(app-pages-browser)/./node_modules/.pnpm/next@15.2.6_react-dom@19.0.0_react@19.0.0__react@19.0.0/node_modules/next/dist/client/components/globals/intercept-console-error.js:49
[   76442ms] [WARNING] [PostHog.js] Enqueued failed request for retry in 3517 @ webpack-internal:///(app-pages-browser)/./node_modules/.pnpm/posthog-js@1.309.1/node_modules/posthog-js/dist/module.js:21
[   76454ms] [ERROR] Failed to load resource: net::ERR_CONNECTION_REFUSED @ http://localhost:3111/__nextjs_original-stack-frames:0
[   77429ms] [ERROR] Failed to load resource: net::ERR_CONNECTION_REFUSED @ http://localhost:3111/ingest/s/?retry_count=2&ip=0&_=1790129366597&ver=1.309.1&compression=gzip-js:0
[   77429ms] [ERROR] [PostHog.js] TypeError: Failed to fetch
    at method (webpack-internal:///(app-pages-browser)/./node_modules/.pnpm/posthog-js@1.309.1/node_modules/posthog-js/dist/module.js:22:71863)
    at eval (webpack-internal:///(app-pages-browser)/./node_modules/.pnpm/posthog-js@1.309.1/node_modules/posthog-js/dist/module.js:22:149004)
    at qo._send_request (webpack-internal:///(app-pages-browser)/./node_modules/.pnpm/posthog-js@1.309.1/node_modules/posthog-js/dist/module.js:22:149010)
    at go.retriableRequest (webpack-internal:///(app-pages-browser)/./node_modules/.pnpm/posthog-js@1.309.1/node_modules/posthog-js/dist/module.js:22:115497)
    at go.Lt (webpack-internal:///(app-pages-browser)/./node_modules/.pnpm/posthog-js@1.309.1/node_modules/posthog-js/dist/module.js:22:116384)
    at eval (webpack-internal:///(app-pages-browser)/./node_modules/.pnpm/posthog-js@1.309.1/node_modules/posthog-js/dist/module.js:22:116221) @ webpack-internal:///(app-pages-browser)/./node_modules/.pnpm/next@15.2.6_react-dom@19.0.0_react@19.0.0__react@19.0.0/node_modules/next/dist/client/components/globals/intercept-console-error.js:49
[   77429ms] [WARNING] [PostHog.js] Enqueued failed request for retry in 13348 @ webpack-internal:///(app-pages-browser)/./node_modules/.pnpm/posthog-js@1.309.1/node_modules/posthog-js/dist/module.js:21
[   77429ms] [ERROR] Failed to load resource: net::ERR_CONNECTION_REFUSED @ http://localhost:3111/ingest/s/?retry_count=1&ip=0&_=1790129366598&ver=1.309.1&compression=gzip-js:0
[   77429ms] [ERROR] [PostHog.js] TypeError: Failed to fetch
    at method (webpack-internal:///(app-pages-browser)/./node_modules/.pnpm/posthog-js@1.309.1/node_modules/posthog-js/dist/module.js:22:71863)
    at eval (webpack-internal:///(app-pages-browser)/./node_modules/.pnpm/posthog-js@1.309.1/node_modules/posthog-js/dist/module.js:22:149004)
    at qo._send_request (webpack-internal:///(app-pages-browser)/./node_modules/.pnpm/posthog-js@1.309.1/node_modules/posthog-js/dist/module.js:22:149010)
    at go.retriableRequest (webpack-internal:///(app-pages-browser)/./node_modules/.pnpm/posthog-js@1.309.1/node_modules/posthog-js/dist/module.js:22:115497)
    at go.Lt (webpack-internal:///(app-pages-browser)/./node_modules/.pnpm/posthog-js@1.309.1/node_modules/posthog-js/dist/module.js:22:116384)
    at eval (webpack-internal:///(app-pages-browser)/./node_modules/.pnpm/posthog-js@1.309.1/node_modules/posthog-js/dist/module.js:22:116221) @ webpack-internal:///(app-pages-browser)/./node_modules/.pnpm/next@15.2.6_react-dom@19.0.0_react@19.0.0__react@19.0.0/node_modules/next/dist/client/components/globals/intercept-console-error.js:49
[   77429ms] [WARNING] [PostHog.js] Enqueued failed request for retry in 5641 @ webpack-internal:///(app-pages-browser)/./node_modules/.pnpm/posthog-js@1.309.1/node_modules/posthog-js/dist/module.js:21
[   77434ms] [ERROR] Failed to load resource: net::ERR_CONNECTION_REFUSED @ http://localhost:3111/ingest/i/v0/e/?retry_count=1&ip=0&_=1790129366599&ver=1.309.1&compression=gzip-js:0
[   77434ms] [ERROR] [PostHog.js] TypeError: Failed to fetch
    at method (webpack-internal:///(app-pages-browser)/./node_modules/.pnpm/posthog-js@1.309.1/node_modules/posthog-js/dist/module.js:22:71863)
    at eval (webpack-internal:///(app-pages-browser)/./node_modules/.pnpm/posthog-js@1.309.1/node_modules/posthog-js/dist/module.js:22:149004)
    at qo._send_request (webpack-internal:///(app-pages-browser)/./node_modules/.pnpm/posthog-js@1.309.1/node_modules/posthog-js/dist/module.js:22:149010)
    at go.retriableRequest (webpack-internal:///(app-pages-browser)/./node_modules/.pnpm/posthog-js@1.309.1/node_modules/posthog-js/dist/module.js:22:115497)
    at go.Lt (webpack-internal:///(app-pages-browser)/./node_modules/.pnpm/posthog-js@1.309.1/node_modules/posthog-js/dist/module.js:22:116384)
    at eval (webpack-internal:///(app-pages-browser)/./node_modules/.pnpm/posthog-js@1.309.1/node_modules/posthog-js/dist/module.js:22:116221) @ webpack-internal:///(app-pages-browser)/./node_modules/.pnpm/next@15.2.6_react-dom@19.0.0_react@19.0.0__react@19.0.0/node_modules/next/dist/client/components/globals/intercept-console-error.js:49
[   77434ms] [WARNING] [PostHog.js] Enqueued failed request for retry in 5927 @ webpack-internal:///(app-pages-browser)/./node_modules/.pnpm/posthog-js@1.309.1/node_modules/posthog-js/dist/module.js:21
[   77441ms] [ERROR] Failed to load resource: net::ERR_CONNECTION_REFUSED @ http://localhost:3111/__nextjs_original-stack-frames:0
[   77445ms] [ERROR] Failed to load resource: net::ERR_CONNECTION_REFUSED @ http://localhost:3111/__nextjs_original-stack-frames:0
[   78457ms] [LOG] [PostHog.js] send "$snapshot" {uuid: 01a0cc06-6a4c-70d9-89e1-9f0a9fb36fea, event: $snapshot, properties: Object, timestamp: Tue Sep 22 2026 22:09:27 GMT-0400 (Eastern Daylight Time)} @ webpack-internal:///(app-pages-browser)/./node_modules/.pnpm/posthog-js@1.309.1/node_modules/posthog-js/dist/module.js:21
[   80432ms] [ERROR] Failed to load resource: net::ERR_CONNECTION_REFUSED @ http://localhost:3111/ingest/s/?retry_count=3&ip=0&_=1790129369601&ver=1.309.1&compression=gzip-js:0
[   80432ms] [ERROR] [PostHog.js] TypeError: Failed to fetch
    at method (webpack-internal:///(app-pages-browser)/./node_modules/.pnpm/posthog-js@1.309.1/node_modules/posthog-js/dist/module.js:22:71863)
    at eval (webpack-internal:///(app-pages-browser)/./node_modules/.pnpm/posthog-js@1.309.1/node_modules/posthog-js/dist/module.js:22:149004)
    at qo._send_request (webpack-internal:///(app-pages-browser)/./node_modules/.pnpm/posthog-js@1.309.1/node_modules/posthog-js/dist/module.js:22:149010)
    at go.retriableRequest (webpack-internal:///(app-pages-browser)/./node_modules/.pnpm/posthog-js@1.309.1/node_modules/posthog-js/dist/module.js:22:115497)
    at go.Lt (webpack-internal:///(app-pages-browser)/./node_modules/.pnpm/posthog-js@1.309.1/node_modules/posthog-js/dist/module.js:22:116384)
    at eval (webpack-internal:///(app-pages-browser)/./node_modules/.pnpm/posthog-js@1.309.1/node_modules/posthog-js/dist/module.js:22:116221) @ webpack-internal:///(app-pages-browser)/./node_modules/.pnpm/next@15.2.6_react-dom@19.0.0_react@19.0.0__react@19.0.0/node_modules/next/dist/client/components/globals/intercept-console-error.js:49
[   80432ms] [WARNING] [PostHog.js] Enqueued failed request for retry in 22071 @ webpack-internal:///(app-pages-browser)/./node_modules/.pnpm/posthog-js@1.309.1/node_modules/posthog-js/dist/module.js:21
[   80437ms] [ERROR] Failed to load resource: net::ERR_CONNECTION_REFUSED @ http://localhost:3111/ingest/s/?retry_count=3&ip=0&_=1790129369602&ver=1.309.1&compression=gzip-js:0
[   80437ms] [ERROR] [PostHog.js] TypeError: Failed to fetch
    at method (webpack-internal:///(app-pages-browser)/./node_modules/.pnpm/posthog-js@1.309.1/node_modules/posthog-js/dist/module.js:22:71863)
    at eval (webpack-internal:///(app-pages-browser)/./node_modules/.pnpm/posthog-js@1.309.1/node_modules/posthog-js/dist/module.js:22:149004)
    at qo._send_request (webpack-internal:///(app-pages-browser)/./node_modules/.pnpm/posthog-js@1.309.1/node_modules/posthog-js/dist/module.js:22:149010)
    at go.retriableRequest (webpack-internal:///(app-pages-browser)/./node_modules/.pnpm/posthog-js@1.309.1/node_modules/posthog-js/dist/module.js:22:115497)
    at go.Lt (webpack-internal:///(app-pages-browser)/./node_modules/.pnpm/posthog-js@1.309.1/node_modules/posthog-js/dist/module.js:22:116384)
    at eval (webpack-internal:///(app-pages-browser)/./node_modules/.pnpm/posthog-js@1.309.1/node_modules/posthog-js/dist/module.js:22:116221) @ webpack-internal:///(app-pages-browser)/./node_modules/.pnpm/next@15.2.6_react-dom@19.0.0_react@19.0.0__react@19.0.0/node_modules/next/dist/client/components/globals/intercept-console-error.js:49
[   80437ms] [WARNING] [PostHog.js] Enqueued failed request for retry in 19999 @ webpack-internal:///(app-pages-browser)/./node_modules/.pnpm/posthog-js@1.309.1/node_modules/posthog-js/dist/module.js:21
[   80437ms] [ERROR] Failed to load resource: net::ERR_CONNECTION_REFUSED @ http://localhost:3111/ingest/s/?retry_count=1&ip=0&_=1790129369602&ver=1.309.1&compression=gzip-js:0
[   80437ms] [ERROR] [PostHog.js] TypeError: Failed to fetch
    at method (webpack-internal:///(app-pages-browser)/./node_modules/.pnpm/posthog-js@1.309.1/node_modules/posthog-js/dist/module.js:22:71863)
    at eval (webpack-internal:///(app-pages-browser)/./node_modules/.pnpm/posthog-js@1.309.1/node_modules/posthog-js/dist/module.js:22:149004)
    at qo._send_request (webpack-internal:///(app-pages-browser)/./node_modules/.pnpm/posthog-js@1.309.1/node_modules/posthog-js/dist/module.js:22:149010)
    at go.retriableRequest (webpack-internal:///(app-pages-browser)/./node_modules/.pnpm/posthog-js@1.309.1/node_modules/posthog-js/dist/module.js:22:115497)
    at go.Lt (webpack-internal:///(app-pages-browser)/./node_modules/.pnpm/posthog-js@1.309.1/node_modules/posthog-js/dist/module.js:22:116384)
    at eval (webpack-internal:///(app-pages-browser)/./node_modules/.pnpm/posthog-js@1.309.1/node_modules/posthog-js/dist/module.js:22:116221) @ webpack-internal:///(app-pages-browser)/./node_modules/.pnpm/next@15.2.6_react-dom@19.0.0_react@19.0.0__react@19.0.0/node_modules/next/dist/client/components/globals/intercept-console-error.js:49
[   80437ms] [WARNING] [PostHog.js] Enqueued failed request for retry in 6553 @ webpack-internal:///(app-pages-browser)/./node_modules/.pnpm/posthog-js@1.309.1/node_modules/posthog-js/dist/module.js:21
[   80442ms] [ERROR] Failed to load resource: net::ERR_CONNECTION_REFUSED @ http://localhost:3111/__nextjs_original-stack-frames:0
[   80446ms] [ERROR] Failed to load resource: net::ERR_CONNECTION_REFUSED @ http://localhost:3111/__nextjs_original-stack-frames:0
[   81463ms] [ERROR] Failed to load resource: net::ERR_CONNECTION_REFUSED @ http://localhost:3111/ingest/s/?ip=0&_=1790129370630&ver=1.309.1&compression=gzip-js:0
[   81463ms] [ERROR] [PostHog.js] TypeError: Failed to fetch
    at method (webpack-internal:///(app-pages-browser)/./node_modules/.pnpm/posthog-js@1.309.1/node_modules/posthog-js/dist/module.js:22:71863)
    at eval (webpack-internal:///(app-pages-browser)/./node_modules/.pnpm/posthog-js@1.309.1/node_modules/posthog-js/dist/module.js:22:149004)
    at qo._send_request (webpack-internal:///(app-pages-browser)/./node_modules/.pnpm/posthog-js@1.309.1/node_modules/posthog-js/dist/module.js:22:149010)
    at go.retriableRequest (webpack-internal:///(app-pages-browser)/./node_modules/.pnpm/posthog-js@1.309.1/node_modules/posthog-js/dist/module.js:22:115497)
    at qo.Br (webpack-internal:///(app-pages-browser)/./node_modules/.pnpm/posthog-js@1.309.1/node_modules/posthog-js/dist/module.js:22:149216)
    at fo.eval [as xe] (webpack-internal:///(app-pages-browser)/./node_modules/.pnpm/posthog-js@1.309.1/node_modules/posthog-js/dist/module.js:22:142058)
    at e (webpack-internal:///(app-pages-browser)/./node_modules/.pnpm/posthog-js@1.309.1/node_modules/posthog-js/dist/module.js:22:114800)
    at eval (webpack-internal:///(app-pages-browser)/./node_modules/.pnpm/posthog-js@1.309.1/node_modules/posthog-js/dist/module.js:22:114822) @ webpack-internal:///(app-pages-browser)/./node_modules/.pnpm/next@15.2.6_react-dom@19.0.0_react@19.0.0__react@19.0.0/node_modules/next/dist/client/components/globals/intercept-console-error.js:49
[   81463ms] [WARNING] [PostHog.js] Enqueued failed request for retry in 3023 @ webpack-internal:///(app-pages-browser)/./node_modules/.pnpm/posthog-js@1.309.1/node_modules/posthog-js/dist/module.js:21
[   81471ms] [ERROR] Failed to load resource: net::ERR_CONNECTION_REFUSED @ http://localhost:3111/__nextjs_original-stack-frames:0
[   82452ms] [LOG] [PostHog.js] send "$snapshot" {uuid: 01a0cc06-79e8-73bf-9ac0-a600fe946812, event: $snapshot, properties: Object, timestamp: Tue Sep 22 2026 22:09:31 GMT-0400 (Eastern Daylight Time)} @ webpack-internal:///(app-pages-browser)/./node_modules/.pnpm/posthog-js@1.309.1/node_modules/posthog-js/dist/module.js:21
[   83436ms] [ERROR] Failed to load resource: net::ERR_CONNECTION_REFUSED @ http://localhost:3111/ingest/s/?retry_count=4&ip=0&_=1790129372604&ver=1.309.1&compression=gzip-js:0
[   83436ms] [ERROR] [PostHog.js] TypeError: Failed to fetch
    at method (webpack-internal:///(app-pages-browser)/./node_modules/.pnpm/posthog-js@1.309.1/node_modules/posthog-js/dist/module.js:22:71863)
    at eval (webpack-internal:///(app-pages-browser)/./node_modules/.pnpm/posthog-js@1.309.1/node_modules/posthog-js/dist/module.js:22:149004)
    at qo._send_request (webpack-internal:///(app-pages-browser)/./node_modules/.pnpm/posthog-js@1.309.1/node_modules/posthog-js/dist/module.js:22:149010)
    at go.retriableRequest (webpack-internal:///(app-pages-browser)/./node_modules/.pnpm/posthog-js@1.309.1/node_modules/posthog-js/dist/module.js:22:115497)
    at go.Lt (webpack-internal:///(app-pages-browser)/./node_modules/.pnpm/posthog-js@1.309.1/node_modules/posthog-js/dist/module.js:22:116384)
    at eval (webpack-internal:///(app-pages-browser)/./node_modules/.pnpm/posthog-js@1.309.1/node_modules/posthog-js/dist/module.js:22:116221) @ webpack-internal:///(app-pages-browser)/./node_modules/.pnpm/next@15.2.6_react-dom@19.0.0_react@19.0.0__react@19.0.0/node_modules/next/dist/client/components/globals/intercept-console-error.js:49
[   83436ms] [WARNING] [PostHog.js] Enqueued failed request for retry in 39257 @ webpack-internal:///(app-pages-browser)/./node_modules/.pnpm/posthog-js@1.309.1/node_modules/posthog-js/dist/module.js:21
[   83436ms] [ERROR] Failed to load resource: net::ERR_CONNECTION_REFUSED @ http://localhost:3111/ingest/s/?retry_count=3&ip=0&_=1790129372605&ver=1.309.1&compression=gzip-js:0
[   83436ms] [ERROR] [PostHog.js] TypeError: Failed to fetch
    at method (webpack-internal:///(app-pages-browser)/./node_modules/.pnpm/posthog-js@1.309.1/node_modules/posthog-js/dist/module.js:22:71863)
    at eval (webpack-internal:///(app-pages-browser)/./node_modules/.pnpm/posthog-js@1.309.1/node_modules/posthog-js/dist/module.js:22:149004)
    at qo._send_request (webpack-internal:///(app-pages-browser)/./node_modules/.pnpm/posthog-js@1.309.1/node_modules/posthog-js/dist/module.js:22:149010)
    at go.retriableRequest (webpack-internal:///(app-pages-browser)/./node_modules/.pnpm/posthog-js@1.309.1/node_modules/posthog-js/dist/module.js:22:115497)
    at go.Lt (webpack-internal:///(app-pages-browser)/./node_modules/.pnpm/posthog-js@1.309.1/node_modules/posthog-js/dist/module.js:22:116384)
    at eval (webpack-internal:///(app-pages-browser)/./node_modules/.pnpm/posthog-js@1.309.1/node_modules/posthog-js/dist/module.js:22:116221) @ webpack-internal:///(app-pages-browser)/./node_modules/.pnpm/next@15.2.6_react-dom@19.0.0_react@19.0.0__react@19.0.0/node_modules/next/dist/client/components/globals/intercept-console-error.js:49
[   83437ms] [WARNING] [PostHog.js] Enqueued failed request for retry in 29295 @ webpack-internal:///(app-pages-browser)/./node_modules/.pnpm/posthog-js@1.309.1/node_modules/posthog-js/dist/module.js:21
[   83437ms] [ERROR] Failed to load resource: net::ERR_CONNECTION_REFUSED @ http://localhost:3111/ingest/s/?retry_count=2&ip=0&_=1790129372606&ver=1.309.1&compression=gzip-js:0
[   83437ms] [ERROR] [PostHog.js] TypeError: Failed to fetch
    at method (webpack-internal:///(app-pages-browser)/./node_modules/.pnpm/posthog-js@1.309.1/node_modules/posthog-js/dist/module.js:22:71863)
    at eval (webpack-internal:///(app-pages-browser)/./node_modules/.pnpm/posthog-js@1.309.1/node_modules/posthog-js/dist/module.js:22:149004)
    at qo._send_request (webpack-internal:///(app-pages-browser)/./node_modules/.pnpm/posthog-js@1.309.1/node_modules/posthog-js/dist/module.js:22:149010)
    at go.retriableRequest (webpack-internal:///(app-pages-browser)/./node_modules/.pnpm/posthog-js@1.309.1/node_modules/posthog-js/dist/module.js:22:115497)
    at go.Lt (webpack-internal:///(app-pages-browser)/./node_modules/.pnpm/posthog-js@1.309.1/node_modules/posthog-js/dist/module.js:22:116384)
    at eval (webpack-internal:///(app-pages-browser)/./node_modules/.pnpm/posthog-js@1.309.1/node_modules/posthog-js/dist/module.js:22:116221) @ webpack-internal:///(app-pages-browser)/./node_modules/.pnpm/next@15.2.6_react-dom@19.0.0_react@19.0.0__react@19.0.0/node_modules/next/dist/client/components/globals/intercept-console-error.js:49
[   83437ms] [WARNING] [PostHog.js] Enqueued failed request for retry in 13413 @ webpack-internal:///(app-pages-browser)/./node_modules/.pnpm/posthog-js@1.309.1/node_modules/posthog-js/dist/module.js:21
[   83437ms] [ERROR] Failed to load resource: net::ERR_CONNECTION_REFUSED @ http://localhost:3111/ingest/i/v0/e/?retry_count=2&ip=0&_=1790129372607&ver=1.309.1&compression=gzip-js:0
[   83437ms] [ERROR] [PostHog.js] TypeError: Failed to fetch
    at method (webpack-internal:///(app-pages-browser)/./node_modules/.pnpm/posthog-js@1.309.1/node_modules/posthog-js/dist/module.js:22:71863)
    at eval (webpack-internal:///(app-pages-browser)/./node_modules/.pnpm/posthog-js@1.309.1/node_modules/posthog-js/dist/module.js:22:149004)
    at qo._send_request (webpack-internal:///(app-pages-browser)/./node_modules/.pnpm/posthog-js@1.309.1/node_modules/posthog-js/dist/module.js:22:149010)
    at go.retriableRequest (webpack-internal:///(app-pages-browser)/./node_modules/.pnpm/posthog-js@1.309.1/node_modules/posthog-js/dist/module.js:22:115497)
    at go.Lt (webpack-internal:///(app-pages-browser)/./node_modules/.pnpm/posthog-js@1.309.1/node_modules/posthog-js/dist/module.js:22:116384)
    at eval (webpack-internal:///(app-pages-browser)/./node_modules/.pnpm/posthog-js@1.309.1/node_modules/posthog-js/dist/module.js:22:116221) @ webpack-internal:///(app-pages-browser)/./node_modules/.pnpm/next@15.2.6_react-dom@19.0.0_react@19.0.0__react@19.0.0/node_modules/next/dist/client/components/globals/intercept-console-error.js:49
[   83437ms] [WARNING] [PostHog.js] Enqueued failed request for retry in 11309 @ webpack-internal:///(app-pages-browser)/./node_modules/.pnpm/posthog-js@1.309.1/node_modules/posthog-js/dist/module.js:21
[   83445ms] [ERROR] Failed to load resource: net::ERR_CONNECTION_REFUSED @ http://localhost:3111/__nextjs_original-stack-frames:0
[   85456ms] [LOG] [PostHog.js] send "$snapshot" {uuid: 01a0cc06-85a3-7427-8f27-372e096ef63d, event: $snapshot, properties: Object, timestamp: Tue Sep 22 2026 22:09:34 GMT-0400 (Eastern Daylight Time)} @ webpack-internal:///(app-pages-browser)/./node_modules/.pnpm/posthog-js@1.309.1/node_modules/posthog-js/dist/module.js:21
[   85458ms] [ERROR] Failed to load resource: net::ERR_CONNECTION_REFUSED @ http://localhost:3111/ingest/s/?ip=0&_=1790129374625&ver=1.309.1&compression=gzip-js:0
[   85458ms] [ERROR] [PostHog.js] TypeError: Failed to fetch
    at method (webpack-internal:///(app-pages-browser)/./node_modules/.pnpm/posthog-js@1.309.1/node_modules/posthog-js/dist/module.js:22:71863)
    at eval (webpack-internal:///(app-pages-browser)/./node_modules/.pnpm/posthog-js@1.309.1/node_modules/posthog-js/dist/module.js:22:149004)
    at qo._send_request (webpack-internal:///(app-pages-browser)/./node_modules/.pnpm/posthog-js@1.309.1/node_modules/posthog-js/dist/module.js:22:149010)
    at go.retriableRequest (webpack-internal:///(app-pages-browser)/./node_modules/.pnpm/posthog-js@1.309.1/node_modules/posthog-js/dist/module.js:22:115497)
    at qo.Br (webpack-internal:///(app-pages-browser)/./node_modules/.pnpm/posthog-js@1.309.1/node_modules/posthog-js/dist/module.js:22:149216)
    at fo.eval [as xe] (webpack-internal:///(app-pages-browser)/./node_modules/.pnpm/posthog-js@1.309.1/node_modules/posthog-js/dist/module.js:22:142058)
    at e (webpack-internal:///(app-pages-browser)/./node_modules/.pnpm/posthog-js@1.309.1/node_modules/posthog-js/dist/module.js:22:114800)
    at eval (webpack-internal:///(app-pages-browser)/./node_modules/.pnpm/posthog-js@1.309.1/node_modules/posthog-js/dist/module.js:22:114822) @ webpack-internal:///(app-pages-browser)/./node_modules/.pnpm/next@15.2.6_react-dom@19.0.0_react@19.0.0__react@19.0.0/node_modules/next/dist/client/components/globals/intercept-console-error.js:49
[   85458ms] [WARNING] [PostHog.js] Enqueued failed request for retry in 2912 @ webpack-internal:///(app-pages-browser)/./node_modules/.pnpm/posthog-js@1.309.1/node_modules/posthog-js/dist/module.js:21
[   85467ms] [ERROR] Failed to load resource: net::ERR_CONNECTION_REFUSED @ http://localhost:3111/__nextjs_original-stack-frames:0
[   86441ms] [ERROR] Failed to load resource: net::ERR_CONNECTION_REFUSED @ http://localhost:3111/ingest/s/?retry_count=4&ip=0&_=1790129375609&ver=1.309.1&compression=gzip-js:0
[   86441ms] [ERROR] [PostHog.js] TypeError: Failed to fetch
    at method (webpack-internal:///(app-pages-browser)/./node_modules/.pnpm/posthog-js@1.309.1/node_modules/posthog-js/dist/module.js:22:71863)
    at eval (webpack-internal:///(app-pages-browser)/./node_modules/.pnpm/posthog-js@1.309.1/node_modules/posthog-js/dist/module.js:22:149004)
    at qo._send_request (webpack-internal:///(app-pages-browser)/./node_modules/.pnpm/posthog-js@1.309.1/node_modules/posthog-js/dist/module.js:22:149010)
    at go.retriableRequest (webpack-internal:///(app-pages-browser)/./node_modules/.pnpm/posthog-js@1.309.1/node_modules/posthog-js/dist/module.js:22:115497)
    at go.Lt (webpack-internal:///(app-pages-browser)/./node_modules/.pnpm/posthog-js@1.309.1/node_modules/posthog-js/dist/module.js:22:116384)
    at eval (webpack-internal:///(app-pages-browser)/./node_modules/.pnpm/posthog-js@1.309.1/node_modules/posthog-js/dist/module.js:22:116221) @ webpack-internal:///(app-pages-browser)/./node_modules/.pnpm/next@15.2.6_react-dom@19.0.0_react@19.0.0__react@19.0.0/node_modules/next/dist/client/components/globals/intercept-console-error.js:49
[   86441ms] [WARNING] [PostHog.js] Enqueued failed request for retry in 46663 @ webpack-internal:///(app-pages-browser)/./node_modules/.pnpm/posthog-js@1.309.1/node_modules/posthog-js/dist/module.js:21
[   86441ms] [ERROR] Failed to load resource: net::ERR_CONNECTION_REFUSED @ http://localhost:3111/ingest/s/?retry_count=1&ip=0&_=1790129375611&ver=1.309.1&compression=gzip-js:0
[   86441ms] [ERROR] [PostHog.js] TypeError: Failed to fetch
    at method (webpack-internal:///(app-pages-browser)/./node_modules/.pnpm/posthog-js@1.309.1/node_modules/posthog-js/dist/module.js:22:71863)
    at eval (webpack-internal:///(app-pages-browser)/./node_modules/.pnpm/posthog-js@1.309.1/node_modules/posthog-js/dist/module.js:22:149004)
    at qo._send_request (webpack-internal:///(app-pages-browser)/./node_modules/.pnpm/posthog-js@1.309.1/node_modules/posthog-js/dist/module.js:22:149010)
    at go.retriableRequest (webpack-internal:///(app-pages-browser)/./node_modules/.pnpm/posthog-js@1.309.1/node_modules/posthog-js/dist/module.js:22:115497)
    at go.Lt (webpack-internal:///(app-pages-browser)/./node_modules/.pnpm/posthog-js@1.309.1/node_modules/posthog-js/dist/module.js:22:116384)
    at eval (webpack-internal:///(app-pages-browser)/./node_modules/.pnpm/posthog-js@1.309.1/node_modules/posthog-js/dist/module.js:22:116221) @ webpack-internal:///(app-pages-browser)/./node_modules/.pnpm/next@15.2.6_react-dom@19.0.0_react@19.0.0__react@19.0.0/node_modules/next/dist/client/components/globals/intercept-console-error.js:49
[   86441ms] [WARNING] [PostHog.js] Enqueued failed request for retry in 6824 @ webpack-internal:///(app-pages-browser)/./node_modules/.pnpm/posthog-js@1.309.1/node_modules/posthog-js/dist/module.js:21
[   86450ms] [ERROR] Failed to load resource: net::ERR_CONNECTION_REFUSED @ http://localhost:3111/__nextjs_original-stack-frames:0
[   87472ms] [LOG] [PostHog.js] send "$snapshot" {uuid: 01a0cc06-8d83-7a6e-a825-ca8facc784f1, event: $snapshot, properties: Object, timestamp: Tue Sep 22 2026 22:09:36 GMT-0400 (Eastern Daylight Time)} @ webpack-internal:///(app-pages-browser)/./node_modules/.pnpm/posthog-js@1.309.1/node_modules/posthog-js/dist/module.js:21
[   88460ms] [ERROR] Failed to load resource: net::ERR_CONNECTION_REFUSED @ http://localhost:3111/ingest/s/?ip=0&_=1790129377629&ver=1.309.1&compression=gzip-js:0
[   88461ms] [ERROR] [PostHog.js] TypeError: Failed to fetch
    at method (webpack-internal:///(app-pages-browser)/./node_modules/.pnpm/posthog-js@1.309.1/node_modules/posthog-js/dist/module.js:22:71863)
    at eval (webpack-internal:///(app-pages-browser)/./node_modules/.pnpm/posthog-js@1.309.1/node_modules/posthog-js/dist/module.js:22:149004)
    at qo._send_request (webpack-internal:///(app-pages-browser)/./node_modules/.pnpm/posthog-js@1.309.1/node_modules/posthog-js/dist/module.js:22:149010)
    at go.retriableRequest (webpack-internal:///(app-pages-browser)/./node_modules/.pnpm/posthog-js@1.309.1/node_modules/posthog-js/dist/module.js:22:115497)
    at qo.Br (webpack-internal:///(app-pages-browser)/./node_modules/.pnpm/posthog-js@1.309.1/node_modules/posthog-js/dist/module.js:22:149216)
    at fo.eval [as xe] (webpack-internal:///(app-pages-browser)/./node_modules/.pnpm/posthog-js@1.309.1/node_modules/posthog-js/dist/module.js:22:142058)
    at e (webpack-internal:///(app-pages-browser)/./node_modules/.pnpm/posthog-js@1.309.1/node_modules/posthog-js/dist/module.js:22:114800)
    at eval (webpack-internal:///(app-pages-browser)/./node_modules/.pnpm/posthog-js@1.309.1/node_modules/posthog-js/dist/module.js:22:114822) @ webpack-internal:///(app-pages-browser)/./node_modules/.pnpm/next@15.2.6_react-dom@19.0.0_react@19.0.0__react@19.0.0/node_modules/next/dist/client/components/globals/intercept-console-error.js:49
[   88461ms] [WARNING] [PostHog.js] Enqueued failed request for retry in 2472 @ webpack-internal:///(app-pages-browser)/./node_modules/.pnpm/posthog-js@1.309.1/node_modules/posthog-js/dist/module.js:21
[   88468ms] [ERROR] Failed to load resource: net::ERR_CONNECTION_REFUSED @ http://localhost:3111/__nextjs_original-stack-frames:0
[   89444ms] [ERROR] Failed to load resource: net::ERR_CONNECTION_REFUSED @ http://localhost:3111/ingest/s/?retry_count=3&ip=0&_=1790129378612&ver=1.309.1&compression=gzip-js:0
[   89444ms] [ERROR] [PostHog.js] TypeError: Failed to fetch
    at method (webpack-internal:///(app-pages-browser)/./node_modules/.pnpm/posthog-js@1.309.1/node_modules/posthog-js/dist/module.js:22:71863)
    at eval (webpack-internal:///(app-pages-browser)/./node_modules/.pnpm/posthog-js@1.309.1/node_modules/posthog-js/dist/module.js:22:149004)
    at qo._send_request (webpack-internal:///(app-pages-browser)/./node_modules/.pnpm/posthog-js@1.309.1/node_modules/posthog-js/dist/module.js:22:149010)
    at go.retriableRequest (webpack-internal:///(app-pages-browser)/./node_modules/.pnpm/posthog-js@1.309.1/node_modules/posthog-js/dist/module.js:22:115497)
    at go.Lt (webpack-internal:///(app-pages-browser)/./node_modules/.pnpm/posthog-js@1.309.1/node_modules/posthog-js/dist/module.js:22:116384)
    at eval (webpack-internal:///(app-pages-browser)/./node_modules/.pnpm/posthog-js@1.309.1/node_modules/posthog-js/dist/module.js:22:116221) @ webpack-internal:///(app-pages-browser)/./node_modules/.pnpm/next@15.2.6_react-dom@19.0.0_react@19.0.0__react@19.0.0/node_modules/next/dist/client/components/globals/intercept-console-error.js:49
[   89444ms] [WARNING] [PostHog.js] Enqueued failed request for retry in 24598 @ webpack-internal:///(app-pages-browser)/./node_modules/.pnpm/posthog-js@1.309.1/node_modules/posthog-js/dist/module.js:21
[   89445ms] [ERROR] Failed to load resource: net::ERR_CONNECTION_REFUSED @ http://localhost:3111/ingest/s/?retry_count=2&ip=0&_=1790129378614&ver=1.309.1&compression=gzip-js:0
[   89445ms] [ERROR] [PostHog.js] TypeError: Failed to fetch
    at method (webpack-internal:///(app-pages-browser)/./node_modules/.pnpm/posthog-js@1.309.1/node_modules/posthog-js/dist/module.js:22:71863)
    at eval (webpack-internal:///(app-pages-browser)/./node_modules/.pnpm/posthog-js@1.309.1/node_modules/posthog-js/dist/module.js:22:149004)
    at qo._send_request (webpack-internal:///(app-pages-browser)/./node_modules/.pnpm/posthog-js@1.309.1/node_modules/posthog-js/dist/module.js:22:149010)
    at go.retriableRequest (webpack-internal:///(app-pages-browser)/./node_modules/.pnpm/posthog-js@1.309.1/node_modules/posthog-js/dist/module.js:22:115497)
    at go.Lt (webpack-internal:///(app-pages-browser)/./node_modules/.pnpm/posthog-js@1.309.1/node_modules/posthog-js/dist/module.js:22:116384)
    at eval (webpack-internal:///(app-pages-browser)/./node_modules/.pnpm/posthog-js@1.309.1/node_modules/posthog-js/dist/module.js:22:116221) @ webpack-internal:///(app-pages-browser)/./node_modules/.pnpm/next@15.2.6_react-dom@19.0.0_react@19.0.0__react@19.0.0/node_modules/next/dist/client/components/globals/intercept-console-error.js:49
[   89445ms] [WARNING] [PostHog.js] Enqueued failed request for retry in 9819 @ webpack-internal:///(app-pages-browser)/./node_modules/.pnpm/posthog-js@1.309.1/node_modules/posthog-js/dist/module.js:21
[   89450ms] [ERROR] Failed to load resource: net::ERR_CONNECTION_REFUSED @ http://localhost:3111/ingest/s/?retry_count=1&ip=0&_=1790129378615&ver=1.309.1&compression=gzip-js:0
[   89450ms] [ERROR] [PostHog.js] TypeError: Failed to fetch
    at method (webpack-internal:///(app-pages-browser)/./node_modules/.pnpm/posthog-js@1.309.1/node_modules/posthog-js/dist/module.js:22:71863)
    at eval (webpack-internal:///(app-pages-browser)/./node_modules/.pnpm/posthog-js@1.309.1/node_modules/posthog-js/dist/module.js:22:149004)
    at qo._send_request (webpack-internal:///(app-pages-browser)/./node_modules/.pnpm/posthog-js@1.309.1/node_modules/posthog-js/dist/module.js:22:149010)
    at go.retriableRequest (webpack-internal:///(app-pages-browser)/./node_modules/.pnpm/posthog-js@1.309.1/node_modules/posthog-js/dist/module.js:22:115497)
    at go.Lt (webpack-internal:///(app-pages-browser)/./node_modules/.pnpm/posthog-js@1.309.1/node_modules/posthog-js/dist/module.js:22:116384)
    at eval (webpack-internal:///(app-pages-browser)/./node_modules/.pnpm/posthog-js@1.309.1/node_modules/posthog-js/dist/module.js:22:116221) @ webpack-internal:///(app-pages-browser)/./node_modules/.pnpm/next@15.2.6_react-dom@19.0.0_react@19.0.0__react@19.0.0/node_modules/next/dist/client/components/globals/intercept-console-error.js:49
[   89450ms] [WARNING] [PostHog.js] Enqueued failed request for retry in 4952 @ webpack-internal:///(app-pages-browser)/./node_modules/.pnpm/posthog-js@1.309.1/node_modules/posthog-js/dist/module.js:21
[   89458ms] [ERROR] Failed to load resource: net::ERR_CONNECTION_REFUSED @ http://localhost:3111/__nextjs_original-stack-frames:0
[   89462ms] [ERROR] Failed to load resource: net::ERR_CONNECTION_REFUSED @ http://localhost:3111/__nextjs_original-stack-frames:0
[   90473ms] [LOG] [PostHog.js] send "$snapshot" {uuid: 01a0cc06-993d-7618-bc79-a180292e3942, event: $snapshot, properties: Object, timestamp: Tue Sep 22 2026 22:09:39 GMT-0400 (Eastern Daylight Time)} @ webpack-internal:///(app-pages-browser)/./node_modules/.pnpm/posthog-js@1.309.1/node_modules/posthog-js/dist/module.js:21
[   92451ms] [ERROR] Failed to load resource: net::ERR_CONNECTION_REFUSED @ http://localhost:3111/ingest/s/?retry_count=4&ip=0&_=1790129381617&ver=1.309.1&compression=gzip-js:0
[   92451ms] [ERROR] [PostHog.js] TypeError: Failed to fetch
    at method (webpack-internal:///(app-pages-browser)/./node_modules/.pnpm/posthog-js@1.309.1/node_modules/posthog-js/dist/module.js:22:71863)
    at eval (webpack-internal:///(app-pages-browser)/./node_modules/.pnpm/posthog-js@1.309.1/node_modules/posthog-js/dist/module.js:22:149004)
    at qo._send_request (webpack-internal:///(app-pages-browser)/./node_modules/.pnpm/posthog-js@1.309.1/node_modules/posthog-js/dist/module.js:22:149010)
    at go.retriableRequest (webpack-internal:///(app-pages-browser)/./node_modules/.pnpm/posthog-js@1.309.1/node_modules/posthog-js/dist/module.js:22:115497)
    at go.Lt (webpack-internal:///(app-pages-browser)/./node_modules/.pnpm/posthog-js@1.309.1/node_modules/posthog-js/dist/module.js:22:116384)
    at eval (webpack-internal:///(app-pages-browser)/./node_modules/.pnpm/posthog-js@1.309.1/node_modules/posthog-js/dist/module.js:22:116221) @ webpack-internal:///(app-pages-browser)/./node_modules/.pnpm/next@15.2.6_react-dom@19.0.0_react@19.0.0__react@19.0.0/node_modules/next/dist/client/components/globals/intercept-console-error.js:49
[   92451ms] [WARNING] [PostHog.js] Enqueued failed request for retry in 44851 @ webpack-internal:///(app-pages-browser)/./node_modules/.pnpm/posthog-js@1.309.1/node_modules/posthog-js/dist/module.js:21
[   92451ms] [ERROR] Failed to load resource: net::ERR_CONNECTION_REFUSED @ http://localhost:3111/ingest/s/?retry_count=3&ip=0&_=1790129381619&ver=1.309.1&compression=gzip-js:0
[   92451ms] [ERROR] [PostHog.js] TypeError: Failed to fetch
    at method (webpack-internal:///(app-pages-browser)/./node_modules/.pnpm/posthog-js@1.309.1/node_modules/posthog-js/dist/module.js:22:71863)
    at eval (webpack-internal:///(app-pages-browser)/./node_modules/.pnpm/posthog-js@1.309.1/node_modules/posthog-js/dist/module.js:22:149004)
    at qo._send_request (webpack-internal:///(app-pages-browser)/./node_modules/.pnpm/posthog-js@1.309.1/node_modules/posthog-js/dist/module.js:22:149010)
    at go.retriableRequest (webpack-internal:///(app-pages-browser)/./node_modules/.pnpm/posthog-js@1.309.1/node_modules/posthog-js/dist/module.js:22:115497)
    at go.Lt (webpack-internal:///(app-pages-browser)/./node_modules/.pnpm/posthog-js@1.309.1/node_modules/posthog-js/dist/module.js:22:116384)
    at eval (webpack-internal:///(app-pages-browser)/./node_modules/.pnpm/posthog-js@1.309.1/node_modules/posthog-js/dist/module.js:22:116221) @ webpack-internal:///(app-pages-browser)/./node_modules/.pnpm/next@15.2.6_react-dom@19.0.0_react@19.0.0__react@19.0.0/node_modules/next/dist/client/components/globals/intercept-console-error.js:49
[   92451ms] [WARNING] [PostHog.js] Enqueued failed request for retry in 22119 @ webpack-internal:///(app-pages-browser)/./node_modules/.pnpm/posthog-js@1.309.1/node_modules/posthog-js/dist/module.js:21
[   92451ms] [ERROR] Failed to load resource: net::ERR_CONNECTION_REFUSED @ http://localhost:3111/ingest/s/?retry_count=1&ip=0&_=1790129381620&ver=1.309.1&compression=gzip-js:0
[   92451ms] [ERROR] [PostHog.js] TypeError: Failed to fetch
    at method (webpack-internal:///(app-pages-browser)/./node_modules/.pnpm/posthog-js@1.309.1/node_modules/posthog-js/dist/module.js:22:71863)
    at eval (webpack-internal:///(app-pages-browser)/./node_modules/.pnpm/posthog-js@1.309.1/node_modules/posthog-js/dist/module.js:22:149004)
    at qo._send_request (webpack-internal:///(app-pages-browser)/./node_modules/.pnpm/posthog-js@1.309.1/node_modules/posthog-js/dist/module.js:22:149010)
    at go.retriableRequest (webpack-internal:///(app-pages-browser)/./node_modules/.pnpm/posthog-js@1.309.1/node_modules/posthog-js/dist/module.js:22:115497)
    at go.Lt (webpack-internal:///(app-pages-browser)/./node_modules/.pnpm/posthog-js@1.309.1/node_modules/posthog-js/dist/module.js:22:116384)
    at eval (webpack-internal:///(app-pages-browser)/./node_modules/.pnpm/posthog-js@1.309.1/node_modules/posthog-js/dist/module.js:22:116221) @ webpack-internal:///(app-pages-browser)/./node_modules/.pnpm/next@15.2.6_react-dom@19.0.0_react@19.0.0__react@19.0.0/node_modules/next/dist/client/components/globals/intercept-console-error.js:49
[   92451ms] [WARNING] [PostHog.js] Enqueued failed request for retry in 7156 @ webpack-internal:///(app-pages-browser)/./node_modules/.pnpm/posthog-js@1.309.1/node_modules/posthog-js/dist/module.js:21
[   92461ms] [ERROR] Failed to load resource: net::ERR_CONNECTION_REFUSED @ http://localhost:3111/__nextjs_original-stack-frames:0
[   93483ms] [ERROR] Failed to load resource: net::ERR_CONNECTION_REFUSED @ http://localhost:3111/ingest/s/?ip=0&_=1790129382647&ver=1.309.1&compression=gzip-js:0
[   93483ms] [ERROR] [PostHog.js] TypeError: Failed to fetch
    at method (webpack-internal:///(app-pages-browser)/./node_modules/.pnpm/posthog-js@1.309.1/node_modules/posthog-js/dist/module.js:22:71863)
    at eval (webpack-internal:///(app-pages-browser)/./node_modules/.pnpm/posthog-js@1.309.1/node_modules/posthog-js/dist/module.js:22:149004)
    at qo._send_request (webpack-internal:///(app-pages-browser)/./node_modules/.pnpm/posthog-js@1.309.1/node_modules/posthog-js/dist/module.js:22:149010)
    at go.retriableRequest (webpack-internal:///(app-pages-browser)/./node_modules/.pnpm/posthog-js@1.309.1/node_modules/posthog-js/dist/module.js:22:115497)
    at qo.Br (webpack-internal:///(app-pages-browser)/./node_modules/.pnpm/posthog-js@1.309.1/node_modules/posthog-js/dist/module.js:22:149216)
    at fo.eval [as xe] (webpack-internal:///(app-pages-browser)/./node_modules/.pnpm/posthog-js@1.309.1/node_modules/posthog-js/dist/module.js:22:142058)
    at e (webpack-internal:///(app-pages-browser)/./node_modules/.pnpm/posthog-js@1.309.1/node_modules/posthog-js/dist/module.js:22:114800)
    at eval (webpack-internal:///(app-pages-browser)/./node_modules/.pnpm/posthog-js@1.309.1/node_modules/posthog-js/dist/module.js:22:114822) @ webpack-internal:///(app-pages-browser)/./node_modules/.pnpm/next@15.2.6_react-dom@19.0.0_react@19.0.0__react@19.0.0/node_modules/next/dist/client/components/globals/intercept-console-error.js:49
[   93483ms] [WARNING] [PostHog.js] Enqueued failed request for retry in 2833 @ webpack-internal:///(app-pages-browser)/./node_modules/.pnpm/posthog-js@1.309.1/node_modules/posthog-js/dist/module.js:21
[   93495ms] [ERROR] Failed to load resource: net::ERR_CONNECTION_REFUSED @ http://localhost:3111/__nextjs_original-stack-frames:0
[   94467ms] [LOG] [PostHog.js] send "$snapshot" {uuid: 01a0cc06-a8d6-7763-a56d-472be324ceed, event: $snapshot, properties: Object, timestamp: Tue Sep 22 2026 22:09:43 GMT-0400 (Eastern Daylight Time)} @ webpack-internal:///(app-pages-browser)/./node_modules/.pnpm/posthog-js@1.309.1/node_modules/posthog-js/dist/module.js:21
[   95454ms] [ERROR] Failed to load resource: net::ERR_CONNECTION_REFUSED @ http://localhost:3111/ingest/s/?retry_count=4&ip=0&_=1790129384623&ver=1.309.1&compression=gzip-js:0
[   95454ms] [ERROR] [PostHog.js] TypeError: Failed to fetch
    at method (webpack-internal:///(app-pages-browser)/./node_modules/.pnpm/posthog-js@1.309.1/node_modules/posthog-js/dist/module.js:22:71863)
    at eval (webpack-internal:///(app-pages-browser)/./node_modules/.pnpm/posthog-js@1.309.1/node_modules/posthog-js/dist/module.js:22:149004)
    at qo._send_request (webpack-internal:///(app-pages-browser)/./node_modules/.pnpm/posthog-js@1.309.1/node_modules/posthog-js/dist/module.js:22:149010)
    at go.retriableRequest (webpack-internal:///(app-pages-browser)/./node_modules/.pnpm/posthog-js@1.309.1/node_modules/posthog-js/dist/module.js:22:115497)
    at go.Lt (webpack-internal:///(app-pages-browser)/./node_modules/.pnpm/posthog-js@1.309.1/node_modules/posthog-js/dist/module.js:22:116384)
    at eval (webpack-internal:///(app-pages-browser)/./node_modules/.pnpm/posthog-js@1.309.1/node_modules/posthog-js/dist/module.js:22:116221) @ webpack-internal:///(app-pages-browser)/./node_modules/.pnpm/next@15.2.6_react-dom@19.0.0_react@19.0.0__react@19.0.0/node_modules/next/dist/client/components/globals/intercept-console-error.js:49
[   95454ms] [WARNING] [PostHog.js] Enqueued failed request for retry in 51151 @ webpack-internal:///(app-pages-browser)/./node_modules/.pnpm/posthog-js@1.309.1/node_modules/posthog-js/dist/module.js:21
[   95454ms] [ERROR] Failed to load resource: net::ERR_CONNECTION_REFUSED @ http://localhost:3111/ingest/i/v0/e/?retry_count=3&ip=0&_=1790129384624&ver=1.309.1&compression=gzip-js:0
[   95454ms] [ERROR] [PostHog.js] TypeError: Failed to fetch
    at method (webpack-internal:///(app-pages-browser)/./node_modules/.pnpm/posthog-js@1.309.1/node_modules/posthog-js/dist/module.js:22:71863)
    at eval (webpack-internal:///(app-pages-browser)/./node_modules/.pnpm/posthog-js@1.309.1/node_modules/posthog-js/dist/module.js:22:149004)
    at qo._send_request (webpack-internal:///(app-pages-browser)/./node_modules/.pnpm/posthog-js@1.309.1/node_modules/posthog-js/dist/module.js:22:149010)
    at go.retriableRequest (webpack-internal:///(app-pages-browser)/./node_modules/.pnpm/posthog-js@1.309.1/node_modules/posthog-js/dist/module.js:22:115497)
    at go.Lt (webpack-internal:///(app-pages-browser)/./node_modules/.pnpm/posthog-js@1.309.1/node_modules/posthog-js/dist/module.js:22:116384)
    at eval (webpack-internal:///(app-pages-browser)/./node_modules/.pnpm/posthog-js@1.309.1/node_modules/posthog-js/dist/module.js:22:116221) @ webpack-internal:///(app-pages-browser)/./node_modules/.pnpm/next@15.2.6_react-dom@19.0.0_react@19.0.0__react@19.0.0/node_modules/next/dist/client/components/globals/intercept-console-error.js:49
[   95454ms] [WARNING] [PostHog.js] Enqueued failed request for retry in 23108 @ webpack-internal:///(app-pages-browser)/./node_modules/.pnpm/posthog-js@1.309.1/node_modules/posthog-js/dist/module.js:21
[   95454ms] [ERROR] Failed to load resource: net::ERR_CONNECTION_REFUSED @ http://localhost:3111/ingest/s/?retry_count=2&ip=0&_=1790129384624&ver=1.309.1&compression=gzip-js:0
[   95454ms] [ERROR] [PostHog.js] TypeError: Failed to fetch
    at method (webpack-internal:///(app-pages-browser)/./node_modules/.pnpm/posthog-js@1.309.1/node_modules/posthog-js/dist/module.js:22:71863)
    at eval (webpack-internal:///(app-pages-browser)/./node_modules/.pnpm/posthog-js@1.309.1/node_modules/posthog-js/dist/module.js:22:149004)
    at qo._send_request (webpack-internal:///(app-pages-browser)/./node_modules/.pnpm/posthog-js@1.309.1/node_modules/posthog-js/dist/module.js:22:149010)
    at go.retriableRequest (webpack-internal:///(app-pages-browser)/./node_modules/.pnpm/posthog-js@1.309.1/node_modules/posthog-js/dist/module.js:22:115497)
    at go.Lt (webpack-internal:///(app-pages-browser)/./node_modules/.pnpm/posthog-js@1.309.1/node_modules/posthog-js/dist/module.js:22:116384)
    at eval (webpack-internal:///(app-pages-browser)/./node_modules/.pnpm/posthog-js@1.309.1/node_modules/posthog-js/dist/module.js:22:116221) @ webpack-internal:///(app-pages-browser)/./node_modules/.pnpm/next@15.2.6_react-dom@19.0.0_react@19.0.0__react@19.0.0/node_modules/next/dist/client/components/globals/intercept-console-error.js:49
[   95455ms] [WARNING] [PostHog.js] Enqueued failed request for retry in 9991 @ webpack-internal:///(app-pages-browser)/./node_modules/.pnpm/posthog-js@1.309.1/node_modules/posthog-js/dist/module.js:21
[   95459ms] [ERROR] Failed to load resource: net::ERR_CONNECTION_REFUSED @ http://localhost:3111/ingest/s/?retry_count=2&ip=0&_=1790129384625&ver=1.309.1&compression=gzip-js:0
[   95459ms] [ERROR] [PostHog.js] TypeError: Failed to fetch
    at method (webpack-internal:///(app-pages-browser)/./node_modules/.pnpm/posthog-js@1.309.1/node_modules/posthog-js/dist/module.js:22:71863)
    at eval (webpack-internal:///(app-pages-browser)/./node_modules/.pnpm/posthog-js@1.309.1/node_modules/posthog-js/dist/module.js:22:149004)
    at qo._send_request (webpack-internal:///(app-pages-browser)/./node_modules/.pnpm/posthog-js@1.309.1/node_modules/posthog-js/dist/module.js:22:149010)
    at go.retriableRequest (webpack-internal:///(app-pages-browser)/./node_modules/.pnpm/posthog-js@1.309.1/node_modules/posthog-js/dist/module.js:22:115497)
    at go.Lt (webpack-internal:///(app-pages-browser)/./node_modules/.pnpm/posthog-js@1.309.1/node_modules/posthog-js/dist/module.js:22:116384)
    at eval (webpack-internal:///(app-pages-browser)/./node_modules/.pnpm/posthog-js@1.309.1/node_modules/posthog-js/dist/module.js:22:116221) @ webpack-internal:///(app-pages-browser)/./node_modules/.pnpm/next@15.2.6_react-dom@19.0.0_react@19.0.0__react@19.0.0/node_modules/next/dist/client/components/globals/intercept-console-error.js:49
[   95459ms] [WARNING] [PostHog.js] Enqueued failed request for retry in 12394 @ webpack-internal:///(app-pages-browser)/./node_modules/.pnpm/posthog-js@1.309.1/node_modules/posthog-js/dist/module.js:21
[   95464ms] [ERROR] Failed to load resource: net::ERR_CONNECTION_REFUSED @ http://localhost:3111/__nextjs_original-stack-frames:0
[   95468ms] [ERROR] Failed to load resource: net::ERR_CONNECTION_REFUSED @ http://localhost:3111/__nextjs_original-stack-frames:0
[   97472ms] [ERROR] Failed to load resource: net::ERR_CONNECTION_REFUSED @ http://localhost:3111/ingest/s/?ip=0&_=1790129386640&ver=1.309.1&compression=gzip-js:0
[   97473ms] [ERROR] [PostHog.js] TypeError: Failed to fetch
    at method (webpack-internal:///(app-pages-browser)/./node_modules/.pnpm/posthog-js@1.309.1/node_modules/posthog-js/dist/module.js:22:71863)
    at eval (webpack-internal:///(app-pages-browser)/./node_modules/.pnpm/posthog-js@1.309.1/node_modules/posthog-js/dist/module.js:22:149004)
    at qo._send_request (webpack-internal:///(app-pages-browser)/./node_modules/.pnpm/posthog-js@1.309.1/node_modules/posthog-js/dist/module.js:22:149010)
    at go.retriableRequest (webpack-internal:///(app-pages-browser)/./node_modules/.pnpm/posthog-js@1.309.1/node_modules/posthog-js/dist/module.js:22:115497)
    at qo.Br (webpack-internal:///(app-pages-browser)/./node_modules/.pnpm/posthog-js@1.309.1/node_modules/posthog-js/dist/module.js:22:149216)
    at fo.eval [as xe] (webpack-internal:///(app-pages-browser)/./node_modules/.pnpm/posthog-js@1.309.1/node_modules/posthog-js/dist/module.js:22:142058)
    at e (webpack-internal:///(app-pages-browser)/./node_modules/.pnpm/posthog-js@1.309.1/node_modules/posthog-js/dist/module.js:22:114800)
    at eval (webpack-internal:///(app-pages-browser)/./node_modules/.pnpm/posthog-js@1.309.1/node_modules/posthog-js/dist/module.js:22:114822) @ webpack-internal:///(app-pages-browser)/./node_modules/.pnpm/next@15.2.6_react-dom@19.0.0_react@19.0.0__react@19.0.0/node_modules/next/dist/client/components/globals/intercept-console-error.js:49
[   97473ms] [WARNING] [PostHog.js] Enqueued failed request for retry in 3183 @ webpack-internal:///(app-pages-browser)/./node_modules/.pnpm/posthog-js@1.309.1/node_modules/posthog-js/dist/module.js:21
[   97474ms] [LOG] [PostHog.js] send "$snapshot" {uuid: 01a0cc06-b495-76e1-9ee8-9ceab627cc83, event: $snapshot, properties: Object, timestamp: Tue Sep 22 2026 22:09:46 GMT-0400 (Eastern Daylight Time)} @ webpack-internal:///(app-pages-browser)/./node_modules/.pnpm/posthog-js@1.309.1/node_modules/posthog-js/dist/module.js:21
[   97488ms] [ERROR] Failed to load resource: net::ERR_CONNECTION_REFUSED @ http://localhost:3111/__nextjs_original-stack-frames:0
[   98460ms] [ERROR] Failed to load resource: net::ERR_CONNECTION_REFUSED @ http://localhost:3111/ingest/s/?retry_count=3&ip=0&_=1790129387626&ver=1.309.1&compression=gzip-js:0
[   98461ms] [ERROR] [PostHog.js] TypeError: Failed to fetch
    at method (webpack-internal:///(app-pages-browser)/./node_modules/.pnpm/posthog-js@1.309.1/node_modules/posthog-js/dist/module.js:22:71863)
    at eval (webpack-internal:///(app-pages-browser)/./node_modules/.pnpm/posthog-js@1.309.1/node_modules/posthog-js/dist/module.js:22:149004)
    at qo._send_request (webpack-internal:///(app-pages-browser)/./node_modules/.pnpm/posthog-js@1.309.1/node_modules/posthog-js/dist/module.js:22:149010)
    at go.retriableRequest (webpack-internal:///(app-pages-browser)/./node_modules/.pnpm/posthog-js@1.309.1/node_modules/posthog-js/dist/module.js:22:115497)
    at go.Lt (webpack-internal:///(app-pages-browser)/./node_modules/.pnpm/posthog-js@1.309.1/node_modules/posthog-js/dist/module.js:22:116384)
    at eval (webpack-internal:///(app-pages-browser)/./node_modules/.pnpm/posthog-js@1.309.1/node_modules/posthog-js/dist/module.js:22:116221) @ webpack-internal:///(app-pages-browser)/./node_modules/.pnpm/next@15.2.6_react-dom@19.0.0_react@19.0.0__react@19.0.0/node_modules/next/dist/client/components/globals/intercept-console-error.js:49
[   98461ms] [WARNING] [PostHog.js] Enqueued failed request for retry in 18709 @ webpack-internal:///(app-pages-browser)/./node_modules/.pnpm/posthog-js@1.309.1/node_modules/posthog-js/dist/module.js:21
[   98461ms] [ERROR] Failed to load resource: net::ERR_CONNECTION_REFUSED @ http://localhost:3111/ingest/s/?retry_count=1&ip=0&_=1790129387630&ver=1.309.1&compression=gzip-js:0
[   98461ms] [ERROR] [PostHog.js] TypeError: Failed to fetch
    at method (webpack-internal:///(app-pages-browser)/./node_modules/.pnpm/posthog-js@1.309.1/node_modules/posthog-js/dist/module.js:22:71863)
    at eval (webpack-internal:///(app-pages-browser)/./node_modules/.pnpm/posthog-js@1.309.1/node_modules/posthog-js/dist/module.js:22:149004)
    at qo._send_request (webpack-internal:///(app-pages-browser)/./node_modules/.pnpm/posthog-js@1.309.1/node_modules/posthog-js/dist/module.js:22:149010)
    at go.retriableRequest (webpack-internal:///(app-pages-browser)/./node_modules/.pnpm/posthog-js@1.309.1/node_modules/posthog-js/dist/module.js:22:115497)
    at go.Lt (webpack-internal:///(app-pages-browser)/./node_modules/.pnpm/posthog-js@1.309.1/node_modules/posthog-js/dist/module.js:22:116384)
    at eval (webpack-internal:///(app-pages-browser)/./node_modules/.pnpm/posthog-js@1.309.1/node_modules/posthog-js/dist/module.js:22:116221) @ webpack-internal:///(app-pages-browser)/./node_modules/.pnpm/next@15.2.6_react-dom@19.0.0_react@19.0.0__react@19.0.0/node_modules/next/dist/client/components/globals/intercept-console-error.js:49
[   98461ms] [WARNING] [PostHog.js] Enqueued failed request for retry in 5085 @ webpack-internal:///(app-pages-browser)/./node_modules/.pnpm/posthog-js@1.309.1/node_modules/posthog-js/dist/module.js:21
[   98468ms] [ERROR] Failed to load resource: net::ERR_CONNECTION_REFUSED @ http://localhost:3111/__nextjs_original-stack-frames:0
[   99497ms] [LOG] [PostHog.js] send "$snapshot" {uuid: 01a0cc06-bc7d-7a73-89fb-21ac54ca53a4, event: $snapshot, properties: Object, timestamp: Tue Sep 22 2026 22:09:48 GMT-0400 (Eastern Daylight Time)} @ webpack-internal:///(app-pages-browser)/./node_modules/.pnpm/posthog-js@1.309.1/node_modules/posthog-js/dist/module.js:21
[  100477ms] [ERROR] Failed to load resource: net::ERR_CONNECTION_REFUSED @ http://localhost:3111/ingest/s/?ip=0&_=1790129389646&ver=1.309.1&compression=gzip-js:0
[  100477ms] [ERROR] [PostHog.js] TypeError: Failed to fetch
    at method (webpack-internal:///(app-pages-browser)/./node_modules/.pnpm/posthog-js@1.309.1/node_modules/posthog-js/dist/module.js:22:71863)
    at eval (webpack-internal:///(app-pages-browser)/./node_modules/.pnpm/posthog-js@1.309.1/node_modules/posthog-js/dist/module.js:22:149004)
    at qo._send_request (webpack-internal:///(app-pages-browser)/./node_modules/.pnpm/posthog-js@1.309.1/node_modules/posthog-js/dist/module.js:22:149010)
    at go.retriableRequest (webpack-internal:///(app-pages-browser)/./node_modules/.pnpm/posthog-js@1.309.1/node_modules/posthog-js/dist/module.js:22:115497)
    at qo.Br (webpack-internal:///(app-pages-browser)/./node_modules/.pnpm/posthog-js@1.309.1/node_modules/posthog-js/dist/module.js:22:149216)
    at fo.eval [as xe] (webpack-internal:///(app-pages-browser)/./node_modules/.pnpm/posthog-js@1.309.1/node_modules/posthog-js/dist/module.js:22:142058)
    at e (webpack-internal:///(app-pages-browser)/./node_modules/.pnpm/posthog-js@1.309.1/node_modules/posthog-js/dist/module.js:22:114800)
    at eval (webpack-internal:///(app-pages-browser)/./node_modules/.pnpm/posthog-js@1.309.1/node_modules/posthog-js/dist/module.js:22:114822) @ webpack-internal:///(app-pages-browser)/./node_modules/.pnpm/next@15.2.6_react-dom@19.0.0_react@19.0.0__react@19.0.0/node_modules/next/dist/client/components/globals/intercept-console-error.js:49
[  100477ms] [WARNING] [PostHog.js] Enqueued failed request for retry in 3238 @ webpack-internal:///(app-pages-browser)/./node_modules/.pnpm/posthog-js@1.309.1/node_modules/posthog-js/dist/module.js:21
[  100488ms] [ERROR] Failed to load resource: net::ERR_CONNECTION_REFUSED @ http://localhost:3111/__nextjs_original-stack-frames:0
[  101463ms] [ERROR] Failed to load resource: net::ERR_CONNECTION_REFUSED @ http://localhost:3111/ingest/s/?retry_count=4&ip=0&_=1790129390632&ver=1.309.1&compression=gzip-js:0
[  101463ms] [ERROR] [PostHog.js] TypeError: Failed to fetch
    at method (webpack-internal:///(app-pages-browser)/./node_modules/.pnpm/posthog-js@1.309.1/node_modules/posthog-js/dist/module.js:22:71863)
    at eval (webpack-internal:///(app-pages-browser)/./node_modules/.pnpm/posthog-js@1.309.1/node_modules/posthog-js/dist/module.js:22:149004)
    at qo._send_request (webpack-internal:///(app-pages-browser)/./node_modules/.pnpm/posthog-js@1.309.1/node_modules/posthog-js/dist/module.js:22:149010)
    at go.retriableRequest (webpack-internal:///(app-pages-browser)/./node_modules/.pnpm/posthog-js@1.309.1/node_modules/posthog-js/dist/module.js:22:115497)
    at go.Lt (webpack-internal:///(app-pages-browser)/./node_modules/.pnpm/posthog-js@1.309.1/node_modules/posthog-js/dist/module.js:22:116384)
    at eval (webpack-internal:///(app-pages-browser)/./node_modules/.pnpm/posthog-js@1.309.1/node_modules/posthog-js/dist/module.js:22:116221) @ webpack-internal:///(app-pages-browser)/./node_modules/.pnpm/next@15.2.6_react-dom@19.0.0_react@19.0.0__react@19.0.0/node_modules/next/dist/client/components/globals/intercept-console-error.js:49
[  101463ms] [WARNING] [PostHog.js] Enqueued failed request for retry in 42758 @ webpack-internal:///(app-pages-browser)/./node_modules/.pnpm/posthog-js@1.309.1/node_modules/posthog-js/dist/module.js:21
[  101464ms] [ERROR] Failed to load resource: net::ERR_CONNECTION_REFUSED @ http://localhost:3111/ingest/s/?retry_count=3&ip=0&_=1790129390633&ver=1.309.1&compression=gzip-js:0
[  101464ms] [ERROR] [PostHog.js] TypeError: Failed to fetch
    at method (webpack-internal:///(app-pages-browser)/./node_modules/.pnpm/posthog-js@1.309.1/node_modules/posthog-js/dist/module.js:22:71863)
    at eval (webpack-internal:///(app-pages-browser)/./node_modules/.pnpm/posthog-js@1.309.1/node_modules/posthog-js/dist/module.js:22:149004)
    at qo._send_request (webpack-internal:///(app-pages-browser)/./node_modules/.pnpm/posthog-js@1.309.1/node_modules/posthog-js/dist/module.js:22:149010)
    at go.retriableRequest (webpack-internal:///(app-pages-browser)/./node_modules/.pnpm/posthog-js@1.309.1/node_modules/posthog-js/dist/module.js:22:115497)
    at go.Lt (webpack-internal:///(app-pages-browser)/./node_modules/.pnpm/posthog-js@1.309.1/node_modules/posthog-js/dist/module.js:22:116384)
    at eval (webpack-internal:///(app-pages-browser)/./node_modules/.pnpm/posthog-js@1.309.1/node_modules/posthog-js/dist/module.js:22:116221) @ webpack-internal:///(app-pages-browser)/./node_modules/.pnpm/next@15.2.6_react-dom@19.0.0_react@19.0.0__react@19.0.0/node_modules/next/dist/client/components/globals/intercept-console-error.js:49
[  101464ms] [WARNING] [PostHog.js] Enqueued failed request for retry in 27709 @ webpack-internal:///(app-pages-browser)/./node_modules/.pnpm/posthog-js@1.309.1/node_modules/posthog-js/dist/module.js:21
[  101464ms] [ERROR] Failed to load resource: net::ERR_CONNECTION_REFUSED @ http://localhost:3111/ingest/s/?retry_count=2&ip=0&_=1790129390633&ver=1.309.1&compression=gzip-js:0
[  101464ms] [ERROR] [PostHog.js] TypeError: Failed to fetch
    at method (webpack-internal:///(app-pages-browser)/./node_modules/.pnpm/posthog-js@1.309.1/node_modules/posthog-js/dist/module.js:22:71863)
    at eval (webpack-internal:///(app-pages-browser)/./node_modules/.pnpm/posthog-js@1.309.1/node_modules/posthog-js/dist/module.js:22:149004)
    at qo._send_request (webpack-internal:///(app-pages-browser)/./node_modules/.pnpm/posthog-js@1.309.1/node_modules/posthog-js/dist/module.js:22:149010)
    at go.retriableRequest (webpack-internal:///(app-pages-browser)/./node_modules/.pnpm/posthog-js@1.309.1/node_modules/posthog-js/dist/module.js:22:115497)
    at go.Lt (webpack-internal:///(app-pages-browser)/./node_modules/.pnpm/posthog-js@1.309.1/node_modules/posthog-js/dist/module.js:22:116384)
    at eval (webpack-internal:///(app-pages-browser)/./node_modules/.pnpm/posthog-js@1.309.1/node_modules/posthog-js/dist/module.js:22:116221) @ webpack-internal:///(app-pages-browser)/./node_modules/.pnpm/next@15.2.6_react-dom@19.0.0_react@19.0.0__react@19.0.0/node_modules/next/dist/client/components/globals/intercept-console-error.js:49
[  101464ms] [WARNING] [PostHog.js] Enqueued failed request for retry in 14029 @ webpack-internal:///(app-pages-browser)/./node_modules/.pnpm/posthog-js@1.309.1/node_modules/posthog-js/dist/module.js:21
[  101464ms] [ERROR] Failed to load resource: net::ERR_CONNECTION_REFUSED @ http://localhost:3111/ingest/s/?retry_count=1&ip=0&_=1790129390634&ver=1.309.1&compression=gzip-js:0
[  101464ms] [ERROR] [PostHog.js] TypeError: Failed to fetch
    at method (webpack-internal:///(app-pages-browser)/./node_modules/.pnpm/posthog-js@1.309.1/node_modules/posthog-js/dist/module.js:22:71863)
    at eval (webpack-internal:///(app-pages-browser)/./node_modules/.pnpm/posthog-js@1.309.1/node_modules/posthog-js/dist/module.js:22:149004)
    at qo._send_request (webpack-internal:///(app-pages-browser)/./node_modules/.pnpm/posthog-js@1.309.1/node_modules/posthog-js/dist/module.js:22:149010)
    at go.retriableRequest (webpack-internal:///(app-pages-browser)/./node_modules/.pnpm/posthog-js@1.309.1/node_modules/posthog-js/dist/module.js:22:115497)
    at go.Lt (webpack-internal:///(app-pages-browser)/./node_modules/.pnpm/posthog-js@1.309.1/node_modules/posthog-js/dist/module.js:22:116384)
    at eval (webpack-internal:///(app-pages-browser)/./node_modules/.pnpm/posthog-js@1.309.1/node_modules/posthog-js/dist/module.js:22:116221) @ webpack-internal:///(app-pages-browser)/./node_modules/.pnpm/next@15.2.6_react-dom@19.0.0_react@19.0.0__react@19.0.0/node_modules/next/dist/client/components/globals/intercept-console-error.js:49
[  101464ms] [WARNING] [PostHog.js] Enqueued failed request for retry in 5099 @ webpack-internal:///(app-pages-browser)/./node_modules/.pnpm/posthog-js@1.309.1/node_modules/posthog-js/dist/module.js:21
[  101471ms] [ERROR] Failed to load resource: net::ERR_CONNECTION_REFUSED @ http://localhost:3111/__nextjs_original-stack-frames:0
[  102496ms] [LOG] [PostHog.js] send "$snapshot" {uuid: 01a0cc06-c833-7a37-aa9c-6ba26a22ff80, event: $snapshot, properties: Object, timestamp: Tue Sep 22 2026 22:09:51 GMT-0400 (Eastern Daylight Time)} @ webpack-internal:///(app-pages-browser)/./node_modules/.pnpm/posthog-js@1.309.1/node_modules/posthog-js/dist/module.js:21
[  104469ms] [ERROR] Failed to load resource: net::ERR_CONNECTION_REFUSED @ http://localhost:3111/ingest/s/?retry_count=4&ip=0&_=1790129393636&ver=1.309.1&compression=gzip-js:0
[  104469ms] [ERROR] [PostHog.js] TypeError: Failed to fetch
    at method (webpack-internal:///(app-pages-browser)/./node_modules/.pnpm/posthog-js@1.309.1/node_modules/posthog-js/dist/module.js:22:71863)
    at eval (webpack-internal:///(app-pages-browser)/./node_modules/.pnpm/posthog-js@1.309.1/node_modules/posthog-js/dist/module.js:22:149004)
    at qo._send_request (webpack-internal:///(app-pages-browser)/./node_modules/.pnpm/posthog-js@1.309.1/node_modules/posthog-js/dist/module.js:22:149010)
    at go.retriableRequest (webpack-internal:///(app-pages-browser)/./node_modules/.pnpm/posthog-js@1.309.1/node_modules/posthog-js/dist/module.js:22:115497)
    at go.Lt (webpack-internal:///(app-pages-browser)/./node_modules/.pnpm/posthog-js@1.309.1/node_modules/posthog-js/dist/module.js:22:116384)
    at eval (webpack-internal:///(app-pages-browser)/./node_modules/.pnpm/posthog-js@1.309.1/node_modules/posthog-js/dist/module.js:22:116221) @ webpack-internal:///(app-pages-browser)/./node_modules/.pnpm/next@15.2.6_react-dom@19.0.0_react@19.0.0__react@19.0.0/node_modules/next/dist/client/components/globals/intercept-console-error.js:49
[  104470ms] [WARNING] [PostHog.js] Enqueued failed request for retry in 47052 @ webpack-internal:///(app-pages-browser)/./node_modules/.pnpm/posthog-js@1.309.1/node_modules/posthog-js/dist/module.js:21
[  104470ms] [ERROR] Failed to load resource: net::ERR_CONNECTION_REFUSED @ http://localhost:3111/ingest/s/?retry_count=2&ip=0&_=1790129393638&ver=1.309.1&compression=gzip-js:0
[  104470ms] [ERROR] [PostHog.js] TypeError: Failed to fetch
    at method (webpack-internal:///(app-pages-browser)/./node_modules/.pnpm/posthog-js@1.309.1/node_modules/posthog-js/dist/module.js:22:71863)
    at eval (webpack-internal:///(app-pages-browser)/./node_modules/.pnpm/posthog-js@1.309.1/node_modules/posthog-js/dist/module.js:22:149004)
    at qo._send_request (webpack-internal:///(app-pages-browser)/./node_modules/.pnpm/posthog-js@1.309.1/node_modules/posthog-js/dist/module.js:22:149010)
    at go.retriableRequest (webpack-internal:///(app-pages-browser)/./node_modules/.pnpm/posthog-js@1.309.1/node_modules/posthog-js/dist/module.js:22:115497)
    at go.Lt (webpack-internal:///(app-pages-browser)/./node_modules/.pnpm/posthog-js@1.309.1/node_modules/posthog-js/dist/module.js:22:116384)
    at eval (webpack-internal:///(app-pages-browser)/./node_modules/.pnpm/posthog-js@1.309.1/node_modules/posthog-js/dist/module.js:22:116221) @ webpack-internal:///(app-pages-browser)/./node_modules/.pnpm/next@15.2.6_react-dom@19.0.0_react@19.0.0__react@19.0.0/node_modules/next/dist/client/components/globals/intercept-console-error.js:49
[  104470ms] [WARNING] [PostHog.js] Enqueued failed request for retry in 12422 @ webpack-internal:///(app-pages-browser)/./node_modules/.pnpm/posthog-js@1.309.1/node_modules/posthog-js/dist/module.js:21
[  104470ms] [ERROR] Failed to load resource: net::ERR_CONNECTION_REFUSED @ http://localhost:3111/ingest/s/?retry_count=1&ip=0&_=1790129393639&ver=1.309.1&compression=gzip-js:0
[  104470ms] [ERROR] [PostHog.js] TypeError: Failed to fetch
    at method (webpack-internal:///(app-pages-browser)/./node_modules/.pnpm/posthog-js@1.309.1/node_modules/posthog-js/dist/module.js:22:71863)
    at eval (webpack-internal:///(app-pages-browser)/./node_modules/.pnpm/posthog-js@1.309.1/node_modules/posthog-js/dist/module.js:22:149004)
    at qo._send_request (webpack-internal:///(app-pages-browser)/./node_modules/.pnpm/posthog-js@1.309.1/node_modules/posthog-js/dist/module.js:22:149010)
    at go.retriableRequest (webpack-internal:///(app-pages-browser)/./node_modules/.pnpm/posthog-js@1.309.1/node_modules/posthog-js/dist/module.js:22:115497)
    at go.Lt (webpack-internal:///(app-pages-browser)/./node_modules/.pnpm/posthog-js@1.309.1/node_modules/posthog-js/dist/module.js:22:116384)
    at eval (webpack-internal:///(app-pages-browser)/./node_modules/.pnpm/posthog-js@1.309.1/node_modules/posthog-js/dist/module.js:22:116221) @ webpack-internal:///(app-pages-browser)/./node_modules/.pnpm/next@15.2.6_react-dom@19.0.0_react@19.0.0__react@19.0.0/node_modules/next/dist/client/components/globals/intercept-console-error.js:49
[  104470ms] [WARNING] [PostHog.js] Enqueued failed request for retry in 7486 @ webpack-internal:///(app-pages-browser)/./node_modules/.pnpm/posthog-js@1.309.1/node_modules/posthog-js/dist/module.js:21
[  104479ms] [ERROR] Failed to load resource: net::ERR_CONNECTION_REFUSED @ http://localhost:3111/__nextjs_original-stack-frames:0
[  105500ms] [ERROR] Failed to load resource: net::ERR_CONNECTION_REFUSED @ http://localhost:3111/ingest/s/?ip=0&_=1790129394669&ver=1.309.1&compression=gzip-js:0
[  105500ms] [ERROR] [PostHog.js] TypeError: Failed to fetch
    at method (webpack-internal:///(app-pages-browser)/./node_modules/.pnpm/posthog-js@1.309.1/node_modules/posthog-js/dist/module.js:22:71863)
    at eval (webpack-internal:///(app-pages-browser)/./node_modules/.pnpm/posthog-js@1.309.1/node_modules/posthog-js/dist/module.js:22:149004)
    at qo._send_request (webpack-internal:///(app-pages-browser)/./node_modules/.pnpm/posthog-js@1.309.1/node_modules/posthog-js/dist/module.js:22:149010)
    at go.retriableRequest (webpack-internal:///(app-pages-browser)/./node_modules/.pnpm/posthog-js@1.309.1/node_modules/posthog-js/dist/module.js:22:115497)
    at qo.Br (webpack-internal:///(app-pages-browser)/./node_modules/.pnpm/posthog-js@1.309.1/node_modules/posthog-js/dist/module.js:22:149216)
    at fo.eval [as xe] (webpack-internal:///(app-pages-browser)/./node_modules/.pnpm/posthog-js@1.309.1/node_modules/posthog-js/dist/module.js:22:142058)
    at e (webpack-internal:///(app-pages-browser)/./node_modules/.pnpm/posthog-js@1.309.1/node_modules/posthog-js/dist/module.js:22:114800)
    at eval (webpack-internal:///(app-pages-browser)/./node_modules/.pnpm/posthog-js@1.309.1/node_modules/posthog-js/dist/module.js:22:114822) @ webpack-internal:///(app-pages-browser)/./node_modules/.pnpm/next@15.2.6_react-dom@19.0.0_react@19.0.0__react@19.0.0/node_modules/next/dist/client/components/globals/intercept-console-error.js:49
[  105500ms] [WARNING] [PostHog.js] Enqueued failed request for retry in 2654 @ webpack-internal:///(app-pages-browser)/./node_modules/.pnpm/posthog-js@1.309.1/node_modules/posthog-js/dist/module.js:21
[  105507ms] [ERROR] Failed to load resource: net::ERR_CONNECTION_REFUSED @ http://localhost:3111/__nextjs_original-stack-frames:0
[  106487ms] [LOG] [PostHog.js] send "$snapshot" {uuid: 01a0cc06-d7cb-793f-abca-48ee93dee971, event: $snapshot, properties: Object, timestamp: Tue Sep 22 2026 22:09:55 GMT-0400 (Eastern Daylight Time)} @ webpack-internal:///(app-pages-browser)/./node_modules/.pnpm/posthog-js@1.309.1/node_modules/posthog-js/dist/module.js:21
[  107474ms] [ERROR] Failed to load resource: net::ERR_CONNECTION_REFUSED @ http://localhost:3111/ingest/s/?retry_count=3&ip=0&_=1790129396641&ver=1.309.1&compression=gzip-js:0
[  107474ms] [ERROR] [PostHog.js] TypeError: Failed to fetch
    at method (webpack-internal:///(app-pages-browser)/./node_modules/.pnpm/posthog-js@1.309.1/node_modules/posthog-js/dist/module.js:22:71863)
    at eval (webpack-internal:///(app-pages-browser)/./node_modules/.pnpm/posthog-js@1.309.1/node_modules/posthog-js/dist/module.js:22:149004)
    at qo._send_request (webpack-internal:///(app-pages-browser)/./node_modules/.pnpm/posthog-js@1.309.1/node_modules/posthog-js/dist/module.js:22:149010)
    at go.retriableRequest (webpack-internal:///(app-pages-browser)/./node_modules/.pnpm/posthog-js@1.309.1/node_modules/posthog-js/dist/module.js:22:115497)
    at go.Lt (webpack-internal:///(app-pages-browser)/./node_modules/.pnpm/posthog-js@1.309.1/node_modules/posthog-js/dist/module.js:22:116384)
    at eval (webpack-internal:///(app-pages-browser)/./node_modules/.pnpm/posthog-js@1.309.1/node_modules/posthog-js/dist/module.js:22:116221) @ webpack-internal:///(app-pages-browser)/./node_modules/.pnpm/next@15.2.6_react-dom@19.0.0_react@19.0.0__react@19.0.0/node_modules/next/dist/client/components/globals/intercept-console-error.js:49
[  107474ms] [WARNING] [PostHog.js] Enqueued failed request for retry in 26177 @ webpack-internal:///(app-pages-browser)/./node_modules/.pnpm/posthog-js@1.309.1/node_modules/posthog-js/dist/module.js:21
[  107474ms] [ERROR] Failed to load resource: net::ERR_CONNECTION_REFUSED @ http://localhost:3111/ingest/s/?retry_count=2&ip=0&_=1790129396642&ver=1.309.1&compression=gzip-js:0
[  107474ms] [ERROR] [PostHog.js] TypeError: Failed to fetch
    at method (webpack-internal:///(app-pages-browser)/./node_modules/.pnpm/posthog-js@1.309.1/node_modules/posthog-js/dist/module.js:22:71863)
    at eval (webpack-internal:///(app-pages-browser)/./node_modules/.pnpm/posthog-js@1.309.1/node_modules/posthog-js/dist/module.js:22:149004)
    at qo._send_request (webpack-internal:///(app-pages-browser)/./node_modules/.pnpm/posthog-js@1.309.1/node_modules/posthog-js/dist/module.js:22:149010)
    at go.retriableRequest (webpack-internal:///(app-pages-browser)/./node_modules/.pnpm/posthog-js@1.309.1/node_modules/posthog-js/dist/module.js:22:115497)
    at go.Lt (webpack-internal:///(app-pages-browser)/./node_modules/.pnpm/posthog-js@1.309.1/node_modules/posthog-js/dist/module.js:22:116384)
    at eval (webpack-internal:///(app-pages-browser)/./node_modules/.pnpm/posthog-js@1.309.1/node_modules/posthog-js/dist/module.js:22:116221) @ webpack-internal:///(app-pages-browser)/./node_modules/.pnpm/next@15.2.6_react-dom@19.0.0_react@19.0.0__react@19.0.0/node_modules/next/dist/client/components/globals/intercept-console-error.js:49
[  107475ms] [WARNING] [PostHog.js] Enqueued failed request for retry in 14165 @ webpack-internal:///(app-pages-browser)/./node_modules/.pnpm/posthog-js@1.309.1/node_modules/posthog-js/dist/module.js:21
[  107484ms] [ERROR] Failed to load resource: net::ERR_CONNECTION_REFUSED @ http://localhost:3111/__nextjs_original-stack-frames:0
[  109491ms] [LOG] [PostHog.js] send "$snapshot" {uuid: 01a0cc06-e386-7d6f-b20f-1a97d15abc7b, event: $snapshot, properties: Object, timestamp: Tue Sep 22 2026 22:09:58 GMT-0400 (Eastern Daylight Time)} @ webpack-internal:///(app-pages-browser)/./node_modules/.pnpm/posthog-js@1.309.1/node_modules/posthog-js/dist/module.js:21
[  109492ms] [ERROR] Failed to load resource: net::ERR_CONNECTION_REFUSED @ http://localhost:3111/ingest/s/?ip=0&_=1790129398660&ver=1.309.1&compression=gzip-js:0
[  109492ms] [ERROR] [PostHog.js] TypeError: Failed to fetch
    at method (webpack-internal:///(app-pages-browser)/./node_modules/.pnpm/posthog-js@1.309.1/node_modules/posthog-js/dist/module.js:22:71863)
    at eval (webpack-internal:///(app-pages-browser)/./node_modules/.pnpm/posthog-js@1.309.1/node_modules/posthog-js/dist/module.js:22:149004)
    at qo._send_request (webpack-internal:///(app-pages-browser)/./node_modules/.pnpm/posthog-js@1.309.1/node_modules/posthog-js/dist/module.js:22:149010)
    at go.retriableRequest (webpack-internal:///(app-pages-browser)/./node_modules/.pnpm/posthog-js@1.309.1/node_modules/posthog-js/dist/module.js:22:115497)
    at qo.Br (webpack-internal:///(app-pages-browser)/./node_modules/.pnpm/posthog-js@1.309.1/node_modules/posthog-js/dist/module.js:22:149216)
    at fo.eval [as xe] (webpack-internal:///(app-pages-browser)/./node_modules/.pnpm/posthog-js@1.309.1/node_modules/posthog-js/dist/module.js:22:142058)
    at e (webpack-internal:///(app-pages-browser)/./node_modules/.pnpm/posthog-js@1.309.1/node_modules/posthog-js/dist/module.js:22:114800)
    at eval (webpack-internal:///(app-pages-browser)/./node_modules/.pnpm/posthog-js@1.309.1/node_modules/posthog-js/dist/module.js:22:114822) @ webpack-internal:///(app-pages-browser)/./node_modules/.pnpm/next@15.2.6_react-dom@19.0.0_react@19.0.0__react@19.0.0/node_modules/next/dist/client/components/globals/intercept-console-error.js:49
[  109492ms] [WARNING] [PostHog.js] Enqueued failed request for retry in 3452 @ webpack-internal:///(app-pages-browser)/./node_modules/.pnpm/posthog-js@1.309.1/node_modules/posthog-js/dist/module.js:21
[  109501ms] [ERROR] Failed to load resource: net::ERR_CONNECTION_REFUSED @ http://localhost:3111/__nextjs_original-stack-frames:0
[  110477ms] [ERROR] Failed to load resource: net::ERR_CONNECTION_REFUSED @ http://localhost:3111/ingest/s/?retry_count=3&ip=0&_=1790129399645&ver=1.309.1&compression=gzip-js:0
[  110478ms] [ERROR] [PostHog.js] TypeError: Failed to fetch
    at method (webpack-internal:///(app-pages-browser)/./node_modules/.pnpm/posthog-js@1.309.1/node_modules/posthog-js/dist/module.js:22:71863)
    at eval (webpack-internal:///(app-pages-browser)/./node_modules/.pnpm/posthog-js@1.309.1/node_modules/posthog-js/dist/module.js:22:149004)
    at qo._send_request (webpack-internal:///(app-pages-browser)/./node_modules/.pnpm/posthog-js@1.309.1/node_modules/posthog-js/dist/module.js:22:149010)
    at go.retriableRequest (webpack-internal:///(app-pages-browser)/./node_modules/.pnpm/posthog-js@1.309.1/node_modules/posthog-js/dist/module.js:22:115497)
    at go.Lt (webpack-internal:///(app-pages-browser)/./node_modules/.pnpm/posthog-js@1.309.1/node_modules/posthog-js/dist/module.js:22:116384)
    at eval (webpack-internal:///(app-pages-browser)/./node_modules/.pnpm/posthog-js@1.309.1/node_modules/posthog-js/dist/module.js:22:116221) @ webpack-internal:///(app-pages-browser)/./node_modules/.pnpm/next@15.2.6_react-dom@19.0.0_react@19.0.0__react@19.0.0/node_modules/next/dist/client/components/globals/intercept-console-error.js:49
[  110478ms] [WARNING] [PostHog.js] Enqueued failed request for retry in 28523 @ webpack-internal:///(app-pages-browser)/./node_modules/.pnpm/posthog-js@1.309.1/node_modules/posthog-js/dist/module.js:21
[  110478ms] [ERROR] Failed to load resource: net::ERR_CONNECTION_REFUSED @ http://localhost:3111/ingest/s/?retry_count=1&ip=0&_=1790129399647&ver=1.309.1&compression=gzip-js:0
[  110478ms] [ERROR] [PostHog.js] TypeError: Failed to fetch
    at method (webpack-internal:///(app-pages-browser)/./node_modules/.pnpm/posthog-js@1.309.1/node_modules/posthog-js/dist/module.js:22:71863)
    at eval (webpack-internal:///(app-pages-browser)/./node_modules/.pnpm/posthog-js@1.309.1/node_modules/posthog-js/dist/module.js:22:149004)
    at qo._send_request (webpack-internal:///(app-pages-browser)/./node_modules/.pnpm/posthog-js@1.309.1/node_modules/posthog-js/dist/module.js:22:149010)
    at go.retriableRequest (webpack-internal:///(app-pages-browser)/./node_modules/.pnpm/posthog-js@1.309.1/node_modules/posthog-js/dist/module.js:22:115497)
    at go.Lt (webpack-internal:///(app-pages-browser)/./node_modules/.pnpm/posthog-js@1.309.1/node_modules/posthog-js/dist/module.js:22:116384)
    at eval (webpack-internal:///(app-pages-browser)/./node_modules/.pnpm/posthog-js@1.309.1/node_modules/posthog-js/dist/module.js:22:116221) @ webpack-internal:///(app-pages-browser)/./node_modules/.pnpm/next@15.2.6_react-dom@19.0.0_react@19.0.0__react@19.0.0/node_modules/next/dist/client/components/globals/intercept-console-error.js:49
[  110478ms] [WARNING] [PostHog.js] Enqueued failed request for retry in 4755 @ webpack-internal:///(app-pages-browser)/./node_modules/.pnpm/posthog-js@1.309.1/node_modules/posthog-js/dist/module.js:21
[  110486ms] [ERROR] Failed to load resource: net::ERR_CONNECTION_REFUSED @ http://localhost:3111/__nextjs_original-stack-frames:0
[  111510ms] [LOG] [PostHog.js] send "$snapshot" {uuid: 01a0cc06-eb69-716e-8dcf-df37c90aa31d, event: $snapshot, properties: Object, timestamp: Tue Sep 22 2026 22:10:00 GMT-0400 (Eastern Daylight Time)} @ webpack-internal:///(app-pages-browser)/./node_modules/.pnpm/posthog-js@1.309.1/node_modules/posthog-js/dist/module.js:21
[  112493ms] [ERROR] Failed to load resource: net::ERR_CONNECTION_REFUSED @ http://localhost:3111/ingest/s/?ip=0&_=1790129401663&ver=1.309.1&compression=gzip-js:0
[  112493ms] [ERROR] [PostHog.js] TypeError: Failed to fetch
    at method (webpack-internal:///(app-pages-browser)/./node_modules/.pnpm/posthog-js@1.309.1/node_modules/posthog-js/dist/module.js:22:71863)
    at eval (webpack-internal:///(app-pages-browser)/./node_modules/.pnpm/posthog-js@1.309.1/node_modules/posthog-js/dist/module.js:22:149004)
    at qo._send_request (webpack-internal:///(app-pages-browser)/./node_modules/.pnpm/posthog-js@1.309.1/node_modules/posthog-js/dist/module.js:22:149010)
    at go.retriableRequest (webpack-internal:///(app-pages-browser)/./node_modules/.pnpm/posthog-js@1.309.1/node_modules/posthog-js/dist/module.js:22:115497)
    at qo.Br (webpack-internal:///(app-pages-browser)/./node_modules/.pnpm/posthog-js@1.309.1/node_modules/posthog-js/dist/module.js:22:149216)
    at fo.eval [as xe] (webpack-internal:///(app-pages-browser)/./node_modules/.pnpm/posthog-js@1.309.1/node_modules/posthog-js/dist/module.js:22:142058)
    at e (webpack-internal:///(app-pages-browser)/./node_modules/.pnpm/posthog-js@1.309.1/node_modules/posthog-js/dist/module.js:22:114800)
    at eval (webpack-internal:///(app-pages-browser)/./node_modules/.pnpm/posthog-js@1.309.1/node_modules/posthog-js/dist/module.js:22:114822) @ webpack-internal:///(app-pages-browser)/./node_modules/.pnpm/next@15.2.6_react-dom@19.0.0_react@19.0.0__react@19.0.0/node_modules/next/dist/client/components/globals/intercept-console-error.js:49
[  112493ms] [WARNING] [PostHog.js] Enqueued failed request for retry in 3579 @ webpack-internal:///(app-pages-browser)/./node_modules/.pnpm/posthog-js@1.309.1/node_modules/posthog-js/dist/module.js:21
[  112502ms] [ERROR] Failed to load resource: net::ERR_CONNECTION_REFUSED @ http://localhost:3111/__nextjs_original-stack-frames:0
[  113481ms] [ERROR] Failed to load resource: net::ERR_CONNECTION_REFUSED @ http://localhost:3111/ingest/s/?retry_count=4&ip=0&_=1790129402650&ver=1.309.1&compression=gzip-js:0
[  113481ms] [ERROR] [PostHog.js] TypeError: Failed to fetch
    at method (webpack-internal:///(app-pages-browser)/./node_modules/.pnpm/posthog-js@1.309.1/node_modules/posthog-js/dist/module.js:22:71863)
    at eval (webpack-internal:///(app-pages-browser)/./node_modules/.pnpm/posthog-js@1.309.1/node_modules/posthog-js/dist/module.js:22:149004)
    at qo._send_request (webpack-internal:///(app-pages-browser)/./node_modules/.pnpm/posthog-js@1.309.1/node_modules/posthog-js/dist/module.js:22:149010)
    at go.retriableRequest (webpack-internal:///(app-pages-browser)/./node_modules/.pnpm/posthog-js@1.309.1/node_modules/posthog-js/dist/module.js:22:115497)
    at go.Lt (webpack-internal:///(app-pages-browser)/./node_modules/.pnpm/posthog-js@1.309.1/node_modules/posthog-js/dist/module.js:22:116384)
    at eval (webpack-internal:///(app-pages-browser)/./node_modules/.pnpm/posthog-js@1.309.1/node_modules/posthog-js/dist/module.js:22:116221) @ webpack-internal:///(app-pages-browser)/./node_modules/.pnpm/next@15.2.6_react-dom@19.0.0_react@19.0.0__react@19.0.0/node_modules/next/dist/client/components/globals/intercept-console-error.js:49
[  113482ms] [WARNING] [PostHog.js] Enqueued failed request for retry in 42879 @ webpack-internal:///(app-pages-browser)/./node_modules/.pnpm/posthog-js@1.309.1/node_modules/posthog-js/dist/module.js:21
[  113482ms] [ERROR] Failed to load resource: net::ERR_CONNECTION_REFUSED @ http://localhost:3111/ingest/s/?retry_count=2&ip=0&_=1790129402651&ver=1.309.1&compression=gzip-js:0
[  113482ms] [ERROR] [PostHog.js] TypeError: Failed to fetch
    at method (webpack-internal:///(app-pages-browser)/./node_modules/.pnpm/posthog-js@1.309.1/node_modules/posthog-js/dist/module.js:22:71863)
    at eval (webpack-internal:///(app-pages-browser)/./node_modules/.pnpm/posthog-js@1.309.1/node_modules/posthog-js/dist/module.js:22:149004)
    at qo._send_request (webpack-internal:///(app-pages-browser)/./node_modules/.pnpm/posthog-js@1.309.1/node_modules/posthog-js/dist/module.js:22:149010)
    at go.retriableRequest (webpack-internal:///(app-pages-browser)/./node_modules/.pnpm/posthog-js@1.309.1/node_modules/posthog-js/dist/module.js:22:115497)
    at go.Lt (webpack-internal:///(app-pages-browser)/./node_modules/.pnpm/posthog-js@1.309.1/node_modules/posthog-js/dist/module.js:22:116384)
    at eval (webpack-internal:///(app-pages-browser)/./node_modules/.pnpm/posthog-js@1.309.1/node_modules/posthog-js/dist/module.js:22:116221) @ webpack-internal:///(app-pages-browser)/./node_modules/.pnpm/next@15.2.6_react-dom@19.0.0_react@19.0.0__react@19.0.0/node_modules/next/dist/client/components/globals/intercept-console-error.js:49
[  113482ms] [WARNING] [PostHog.js] Enqueued failed request for retry in 13349 @ webpack-internal:///(app-pages-browser)/./node_modules/.pnpm/posthog-js@1.309.1/node_modules/posthog-js/dist/module.js:21
[  113487ms] [ERROR] Failed to load resource: net::ERR_CONNECTION_REFUSED @ http://localhost:3111/ingest/s/?retry_count=1&ip=0&_=1790129402652&ver=1.309.1&compression=gzip-js:0
[  113487ms] [ERROR] [PostHog.js] TypeError: Failed to fetch
    at method (webpack-internal:///(app-pages-browser)/./node_modules/.pnpm/posthog-js@1.309.1/node_modules/posthog-js/dist/module.js:22:71863)
    at eval (webpack-internal:///(app-pages-browser)/./node_modules/.pnpm/posthog-js@1.309.1/node_modules/posthog-js/dist/module.js:22:149004)
    at qo._send_request (webpack-internal:///(app-pages-browser)/./node_modules/.pnpm/posthog-js@1.309.1/node_modules/posthog-js/dist/module.js:22:149010)
    at go.retriableRequest (webpack-internal:///(app-pages-browser)/./node_modules/.pnpm/posthog-js@1.309.1/node_modules/posthog-js/dist/module.js:22:115497)
    at go.Lt (webpack-internal:///(app-pages-browser)/./node_modules/.pnpm/posthog-js@1.309.1/node_modules/posthog-js/dist/module.js:22:116384)
    at eval (webpack-internal:///(app-pages-browser)/./node_modules/.pnpm/posthog-js@1.309.1/node_modules/posthog-js/dist/module.js:22:116221) @ webpack-internal:///(app-pages-browser)/./node_modules/.pnpm/next@15.2.6_react-dom@19.0.0_react@19.0.0__react@19.0.0/node_modules/next/dist/client/components/globals/intercept-console-error.js:49
[  113487ms] [WARNING] [PostHog.js] Enqueued failed request for retry in 6285 @ webpack-internal:///(app-pages-browser)/./node_modules/.pnpm/posthog-js@1.309.1/node_modules/posthog-js/dist/module.js:21
[  113492ms] [ERROR] Failed to load resource: net::ERR_CONNECTION_REFUSED @ http://localhost:3111/__nextjs_original-stack-frames:0
[  113497ms] [ERROR] Failed to load resource: net::ERR_CONNECTION_REFUSED @ http://localhost:3111/__nextjs_original-stack-frames:0
[  114505ms] [LOG] [PostHog.js] send "$snapshot" {uuid: 01a0cc06-f71c-78c7-9746-75301bf8579d, event: $snapshot, properties: Object, timestamp: Tue Sep 22 2026 22:10:03 GMT-0400 (Eastern Daylight Time)} @ webpack-internal:///(app-pages-browser)/./node_modules/.pnpm/posthog-js@1.309.1/node_modules/posthog-js/dist/module.js:21
[  116486ms] [ERROR] Failed to load resource: net::ERR_CONNECTION_REFUSED @ http://localhost:3111/ingest/s/?retry_count=4&ip=0&_=1790129405653&ver=1.309.1&compression=gzip-js:0
[  116487ms] [ERROR] [PostHog.js] TypeError: Failed to fetch
    at method (webpack-internal:///(app-pages-browser)/./node_modules/.pnpm/posthog-js@1.309.1/node_modules/posthog-js/dist/module.js:22:71863)
    at eval (webpack-internal:///(app-pages-browser)/./node_modules/.pnpm/posthog-js@1.309.1/node_modules/posthog-js/dist/module.js:22:149004)
    at qo._send_request (webpack-internal:///(app-pages-browser)/./node_modules/.pnpm/posthog-js@1.309.1/node_modules/posthog-js/dist/module.js:22:149010)
    at go.retriableRequest (webpack-internal:///(app-pages-browser)/./node_modules/.pnpm/posthog-js@1.309.1/node_modules/posthog-js/dist/module.js:22:115497)
    at go.Lt (webpack-internal:///(app-pages-browser)/./node_modules/.pnpm/posthog-js@1.309.1/node_modules/posthog-js/dist/module.js:22:116384)
    at eval (webpack-internal:///(app-pages-browser)/./node_modules/.pnpm/posthog-js@1.309.1/node_modules/posthog-js/dist/module.js:22:116221) @ webpack-internal:///(app-pages-browser)/./node_modules/.pnpm/next@15.2.6_react-dom@19.0.0_react@19.0.0__react@19.0.0/node_modules/next/dist/client/components/globals/intercept-console-error.js:49
[  116487ms] [WARNING] [PostHog.js] Enqueued failed request for retry in 39676 @ webpack-internal:///(app-pages-browser)/./node_modules/.pnpm/posthog-js@1.309.1/node_modules/posthog-js/dist/module.js:21
[  116487ms] [ERROR] Failed to load resource: net::ERR_CONNECTION_REFUSED @ http://localhost:3111/ingest/s/?retry_count=4&ip=0&_=1790129405655&ver=1.309.1&compression=gzip-js:0
[  116487ms] [ERROR] [PostHog.js] TypeError: Failed to fetch
    at method (webpack-internal:///(app-pages-browser)/./node_modules/.pnpm/posthog-js@1.309.1/node_modules/posthog-js/dist/module.js:22:71863)
    at eval (webpack-internal:///(app-pages-browser)/./node_modules/.pnpm/posthog-js@1.309.1/node_modules/posthog-js/dist/module.js:22:149004)
    at qo._send_request (webpack-internal:///(app-pages-browser)/./node_modules/.pnpm/posthog-js@1.309.1/node_modules/posthog-js/dist/module.js:22:149010)
    at go.retriableRequest (webpack-internal:///(app-pages-browser)/./node_modules/.pnpm/posthog-js@1.309.1/node_modules/posthog-js/dist/module.js:22:115497)
    at go.Lt (webpack-internal:///(app-pages-browser)/./node_modules/.pnpm/posthog-js@1.309.1/node_modules/posthog-js/dist/module.js:22:116384)
    at eval (webpack-internal:///(app-pages-browser)/./node_modules/.pnpm/posthog-js@1.309.1/node_modules/posthog-js/dist/module.js:22:116221) @ webpack-internal:///(app-pages-browser)/./node_modules/.pnpm/next@15.2.6_react-dom@19.0.0_react@19.0.0__react@19.0.0/node_modules/next/dist/client/components/globals/intercept-console-error.js:49
[  116487ms] [WARNING] [PostHog.js] Enqueued failed request for retry in 55612 @ webpack-internal:///(app-pages-browser)/./node_modules/.pnpm/posthog-js@1.309.1/node_modules/posthog-js/dist/module.js:21
[  116487ms] [ERROR] Failed to load resource: net::ERR_CONNECTION_REFUSED @ http://localhost:3111/ingest/s/?retry_count=3&ip=0&_=1790129405656&ver=1.309.1&compression=gzip-js:0
[  116487ms] [ERROR] [PostHog.js] TypeError: Failed to fetch
    at method (webpack-internal:///(app-pages-browser)/./node_modules/.pnpm/posthog-js@1.309.1/node_modules/posthog-js/dist/module.js:22:71863)
    at eval (webpack-internal:///(app-pages-browser)/./node_modules/.pnpm/posthog-js@1.309.1/node_modules/posthog-js/dist/module.js:22:149004)
    at qo._send_request (webpack-internal:///(app-pages-browser)/./node_modules/.pnpm/posthog-js@1.309.1/node_modules/posthog-js/dist/module.js:22:149010)
    at go.retriableRequest (webpack-internal:///(app-pages-browser)/./node_modules/.pnpm/posthog-js@1.309.1/node_modules/posthog-js/dist/module.js:22:115497)
    at go.Lt (webpack-internal:///(app-pages-browser)/./node_modules/.pnpm/posthog-js@1.309.1/node_modules/posthog-js/dist/module.js:22:116384)
    at eval (webpack-internal:///(app-pages-browser)/./node_modules/.pnpm/posthog-js@1.309.1/node_modules/posthog-js/dist/module.js:22:116221) @ webpack-internal:///(app-pages-browser)/./node_modules/.pnpm/next@15.2.6_react-dom@19.0.0_react@19.0.0__react@19.0.0/node_modules/next/dist/client/components/globals/intercept-console-error.js:49
[  116487ms] [WARNING] [PostHog.js] Enqueued failed request for retry in 21023 @ webpack-internal:///(app-pages-browser)/./node_modules/.pnpm/posthog-js@1.309.1/node_modules/posthog-js/dist/module.js:21
[  116487ms] [ERROR] Failed to load resource: net::ERR_CONNECTION_REFUSED @ http://localhost:3111/ingest/s/?retry_count=2&ip=0&_=1790129405657&ver=1.309.1&compression=gzip-js:0
[  116487ms] [ERROR] [PostHog.js] TypeError: Failed to fetch
    at method (webpack-internal:///(app-pages-browser)/./node_modules/.pnpm/posthog-js@1.309.1/node_modules/posthog-js/dist/module.js:22:71863)
    at eval (webpack-internal:///(app-pages-browser)/./node_modules/.pnpm/posthog-js@1.309.1/node_modules/posthog-js/dist/module.js:22:149004)
    at qo._send_request (webpack-internal:///(app-pages-browser)/./node_modules/.pnpm/posthog-js@1.309.1/node_modules/posthog-js/dist/module.js:22:149010)
    at go.retriableRequest (webpack-internal:///(app-pages-browser)/./node_modules/.pnpm/posthog-js@1.309.1/node_modules/posthog-js/dist/module.js:22:115497)
    at go.Lt (webpack-internal:///(app-pages-browser)/./node_modules/.pnpm/posthog-js@1.309.1/node_modules/posthog-js/dist/module.js:22:116384)
    at eval (webpack-internal:///(app-pages-browser)/./node_modules/.pnpm/posthog-js@1.309.1/node_modules/posthog-js/dist/module.js:22:116221) @ webpack-internal:///(app-pages-browser)/./node_modules/.pnpm/next@15.2.6_react-dom@19.0.0_react@19.0.0__react@19.0.0/node_modules/next/dist/client/components/globals/intercept-console-error.js:49
[  116487ms] [WARNING] [PostHog.js] Enqueued failed request for retry in 9676 @ webpack-internal:///(app-pages-browser)/./node_modules/.pnpm/posthog-js@1.309.1/node_modules/posthog-js/dist/module.js:21
[  116487ms] [ERROR] Failed to load resource: net::ERR_CONNECTION_REFUSED @ http://localhost:3111/ingest/s/?retry_count=1&ip=0&_=1790129405657&ver=1.309.1&compression=gzip-js:0
[  116487ms] [ERROR] [PostHog.js] TypeError: Failed to fetch
    at method (webpack-internal:///(app-pages-browser)/./node_modules/.pnpm/posthog-js@1.309.1/node_modules/posthog-js/dist/module.js:22:71863)
    at eval (webpack-internal:///(app-pages-browser)/./node_modules/.pnpm/posthog-js@1.309.1/node_modules/posthog-js/dist/module.js:22:149004)
    at qo._send_request (webpack-internal:///(app-pages-browser)/./node_modules/.pnpm/posthog-js@1.309.1/node_modules/posthog-js/dist/module.js:22:149010)
    at go.retriableRequest (webpack-internal:///(app-pages-browser)/./node_modules/.pnpm/posthog-js@1.309.1/node_modules/posthog-js/dist/module.js:22:115497)
    at go.Lt (webpack-internal:///(app-pages-browser)/./node_modules/.pnpm/posthog-js@1.309.1/node_modules/posthog-js/dist/module.js:22:116384)
    at eval (webpack-internal:///(app-pages-browser)/./node_modules/.pnpm/posthog-js@1.309.1/node_modules/posthog-js/dist/module.js:22:116221) @ webpack-internal:///(app-pages-browser)/./node_modules/.pnpm/next@15.2.6_react-dom@19.0.0_react@19.0.0__react@19.0.0/node_modules/next/dist/client/components/globals/intercept-console-error.js:49
[  116487ms] [WARNING] [PostHog.js] Enqueued failed request for retry in 6847 @ webpack-internal:///(app-pages-browser)/./node_modules/.pnpm/posthog-js@1.309.1/node_modules/posthog-js/dist/module.js:21
[  116494ms] [ERROR] Failed to load resource: net::ERR_CONNECTION_REFUSED @ http://localhost:3111/__nextjs_original-stack-frames:0
[  117508ms] [ERROR] Failed to load resource: net::ERR_CONNECTION_REFUSED @ http://localhost:3111/ingest/s/?ip=0&_=1790129406678&ver=1.309.1&compression=gzip-js:0
[  117508ms] [ERROR] [PostHog.js] TypeError: Failed to fetch
    at method (webpack-internal:///(app-pages-browser)/./node_modules/.pnpm/posthog-js@1.309.1/node_modules/posthog-js/dist/module.js:22:71863)
    at eval (webpack-internal:///(app-pages-browser)/./node_modules/.pnpm/posthog-js@1.309.1/node_modules/posthog-js/dist/module.js:22:149004)
    at qo._send_request (webpack-internal:///(app-pages-browser)/./node_modules/.pnpm/posthog-js@1.309.1/node_modules/posthog-js/dist/module.js:22:149010)
    at go.retriableRequest (webpack-internal:///(app-pages-browser)/./node_modules/.pnpm/posthog-js@1.309.1/node_modules/posthog-js/dist/module.js:22:115497)
    at qo.Br (webpack-internal:///(app-pages-browser)/./node_modules/.pnpm/posthog-js@1.309.1/node_modules/posthog-js/dist/module.js:22:149216)
    at fo.eval [as xe] (webpack-internal:///(app-pages-browser)/./node_modules/.pnpm/posthog-js@1.309.1/node_modules/posthog-js/dist/module.js:22:142058)
    at e (webpack-internal:///(app-pages-browser)/./node_modules/.pnpm/posthog-js@1.309.1/node_modules/posthog-js/dist/module.js:22:114800)
    at eval (webpack-internal:///(app-pages-browser)/./node_modules/.pnpm/posthog-js@1.309.1/node_modules/posthog-js/dist/module.js:22:114822) @ webpack-internal:///(app-pages-browser)/./node_modules/.pnpm/next@15.2.6_react-dom@19.0.0_react@19.0.0__react@19.0.0/node_modules/next/dist/client/components/globals/intercept-console-error.js:49
[  117509ms] [WARNING] [PostHog.js] Enqueued failed request for retry in 3268 @ webpack-internal:///(app-pages-browser)/./node_modules/.pnpm/posthog-js@1.309.1/node_modules/posthog-js/dist/module.js:21
[  117520ms] [ERROR] Failed to load resource: net::ERR_CONNECTION_REFUSED @ http://localhost:3111/__nextjs_original-stack-frames:0
[  118498ms] [LOG] [PostHog.js] send "$snapshot" {uuid: 01a0cc07-06b6-7dd2-97f4-87a724992e51, event: $snapshot, properties: Object, timestamp: Tue Sep 22 2026 22:10:07 GMT-0400 (Eastern Daylight Time)} @ webpack-internal:///(app-pages-browser)/./node_modules/.pnpm/posthog-js@1.309.1/node_modules/posthog-js/dist/module.js:21
[  119491ms] [ERROR] Failed to load resource: net::ERR_CONNECTION_REFUSED @ http://localhost:3111/ingest/i/v0/e/?retry_count=4&ip=0&_=1790129408659&ver=1.309.1&compression=gzip-js:0
[  119491ms] [ERROR] [PostHog.js] TypeError: Failed to fetch
    at method (webpack-internal:///(app-pages-browser)/./node_modules/.pnpm/posthog-js@1.309.1/node_modules/posthog-js/dist/module.js:22:71863)
    at eval (webpack-internal:///(app-pages-browser)/./node_modules/.pnpm/posthog-js@1.309.1/node_modules/posthog-js/dist/module.js:22:149004)
    at qo._send_request (webpack-internal:///(app-pages-browser)/./node_modules/.pnpm/posthog-js@1.309.1/node_modules/posthog-js/dist/module.js:22:149010)
    at go.retriableRequest (webpack-internal:///(app-pages-browser)/./node_modules/.pnpm/posthog-js@1.309.1/node_modules/posthog-js/dist/module.js:22:115497)
    at go.Lt (webpack-internal:///(app-pages-browser)/./node_modules/.pnpm/posthog-js@1.309.1/node_modules/posthog-js/dist/module.js:22:116384)
    at eval (webpack-internal:///(app-pages-browser)/./node_modules/.pnpm/posthog-js@1.309.1/node_modules/posthog-js/dist/module.js:22:116221) @ webpack-internal:///(app-pages-browser)/./node_modules/.pnpm/next@15.2.6_react-dom@19.0.0_react@19.0.0__react@19.0.0/node_modules/next/dist/client/components/globals/intercept-console-error.js:49
[  119491ms] [WARNING] [PostHog.js] Enqueued failed request for retry in 51881 @ webpack-internal:///(app-pages-browser)/./node_modules/.pnpm/posthog-js@1.309.1/node_modules/posthog-js/dist/module.js:21
[  119491ms] [ERROR] Failed to load resource: net::ERR_CONNECTION_REFUSED @ http://localhost:3111/ingest/s/?retry_count=4&ip=0&_=1790129408660&ver=1.309.1&compression=gzip-js:0
[  119491ms] [ERROR] [PostHog.js] TypeError: Failed to fetch
    at method (webpack-internal:///(app-pages-browser)/./node_modules/.pnpm/posthog-js@1.309.1/node_modules/posthog-js/dist/module.js:22:71863)
    at eval (webpack-internal:///(app-pages-browser)/./node_modules/.pnpm/posthog-js@1.309.1/node_modules/posthog-js/dist/module.js:22:149004)
    at qo._send_request (webpack-internal:///(app-pages-browser)/./node_modules/.pnpm/posthog-js@1.309.1/node_modules/posthog-js/dist/module.js:22:149010)
    at go.retriableRequest (webpack-internal:///(app-pages-browser)/./node_modules/.pnpm/posthog-js@1.309.1/node_modules/posthog-js/dist/module.js:22:115497)
    at go.Lt (webpack-internal:///(app-pages-browser)/./node_modules/.pnpm/posthog-js@1.309.1/node_modules/posthog-js/dist/module.js:22:116384)
    at eval (webpack-internal:///(app-pages-browser)/./node_modules/.pnpm/posthog-js@1.309.1/node_modules/posthog-js/dist/module.js:22:116221) @ webpack-internal:///(app-pages-browser)/./node_modules/.pnpm/next@15.2.6_react-dom@19.0.0_react@19.0.0__react@19.0.0/node_modules/next/dist/client/components/globals/intercept-console-error.js:49
[  119491ms] [WARNING] [PostHog.js] Enqueued failed request for retry in 38755 @ webpack-internal:///(app-pages-browser)/./node_modules/.pnpm/posthog-js@1.309.1/node_modules/posthog-js/dist/module.js:21
[  119491ms] [ERROR] Failed to load resource: net::ERR_CONNECTION_REFUSED @ http://localhost:3111/ingest/s/?retry_count=3&ip=0&_=1790129408661&ver=1.309.1&compression=gzip-js:0
[  119491ms] [ERROR] [PostHog.js] TypeError: Failed to fetch
    at method (webpack-internal:///(app-pages-browser)/./node_modules/.pnpm/posthog-js@1.309.1/node_modules/posthog-js/dist/module.js:22:71863)
    at eval (webpack-internal:///(app-pages-browser)/./node_modules/.pnpm/posthog-js@1.309.1/node_modules/posthog-js/dist/module.js:22:149004)
    at qo._send_request (webpack-internal:///(app-pages-browser)/./node_modules/.pnpm/posthog-js@1.309.1/node_modules/posthog-js/dist/module.js:22:149010)
    at go.retriableRequest (webpack-internal:///(app-pages-browser)/./node_modules/.pnpm/posthog-js@1.309.1/node_modules/posthog-js/dist/module.js:22:115497)
    at go.Lt (webpack-internal:///(app-pages-browser)/./node_modules/.pnpm/posthog-js@1.309.1/node_modules/posthog-js/dist/module.js:22:116384)
    at eval (webpack-internal:///(app-pages-browser)/./node_modules/.pnpm/posthog-js@1.309.1/node_modules/posthog-js/dist/module.js:22:116221) @ webpack-internal:///(app-pages-browser)/./node_modules/.pnpm/next@15.2.6_react-dom@19.0.0_react@19.0.0__react@19.0.0/node_modules/next/dist/client/components/globals/intercept-console-error.js:49
[  119491ms] [WARNING] [PostHog.js] Enqueued failed request for retry in 27492 @ webpack-internal:///(app-pages-browser)/./node_modules/.pnpm/posthog-js@1.309.1/node_modules/posthog-js/dist/module.js:21
[  119499ms] [ERROR] Failed to load resource: net::ERR_CONNECTION_REFUSED @ http://localhost:3111/__nextjs_original-stack-frames:0
[  121502ms] [ERROR] Failed to load resource: net::ERR_CONNECTION_REFUSED @ http://localhost:3111/ingest/s/?ip=0&_=1790129410670&ver=1.309.1&compression=gzip-js:0
[  121502ms] [ERROR] [PostHog.js] TypeError: Failed to fetch
    at method (webpack-internal:///(app-pages-browser)/./node_modules/.pnpm/posthog-js@1.309.1/node_modules/posthog-js/dist/module.js:22:71863)
    at eval (webpack-internal:///(app-pages-browser)/./node_modules/.pnpm/posthog-js@1.309.1/node_modules/posthog-js/dist/module.js:22:149004)
    at qo._send_request (webpack-internal:///(app-pages-browser)/./node_modules/.pnpm/posthog-js@1.309.1/node_modules/posthog-js/dist/module.js:22:149010)
    at go.retriableRequest (webpack-internal:///(app-pages-browser)/./node_modules/.pnpm/posthog-js@1.309.1/node_modules/posthog-js/dist/module.js:22:115497)
    at qo.Br (webpack-internal:///(app-pages-browser)/./node_modules/.pnpm/posthog-js@1.309.1/node_modules/posthog-js/dist/module.js:22:149216)
    at fo.eval [as xe] (webpack-internal:///(app-pages-browser)/./node_modules/.pnpm/posthog-js@1.309.1/node_modules/posthog-js/dist/module.js:22:142058)
    at e (webpack-internal:///(app-pages-browser)/./node_modules/.pnpm/posthog-js@1.309.1/node_modules/posthog-js/dist/module.js:22:114800)
    at eval (webpack-internal:///(app-pages-browser)/./node_modules/.pnpm/posthog-js@1.309.1/node_modules/posthog-js/dist/module.js:22:114822) @ webpack-internal:///(app-pages-browser)/./node_modules/.pnpm/next@15.2.6_react-dom@19.0.0_react@19.0.0__react@19.0.0/node_modules/next/dist/client/components/globals/intercept-console-error.js:49
[  121502ms] [WARNING] [PostHog.js] Enqueued failed request for retry in 2279 @ webpack-internal:///(app-pages-browser)/./node_modules/.pnpm/posthog-js@1.309.1/node_modules/posthog-js/dist/module.js:21
[  121503ms] [LOG] [PostHog.js] send "$snapshot" {uuid: 01a0cc07-1272-73f4-9bfc-a08785aa9575, event: $snapshot, properties: Object, timestamp: Tue Sep 22 2026 22:10:10 GMT-0400 (Eastern Daylight Time)} @ webpack-internal:///(app-pages-browser)/./node_modules/.pnpm/posthog-js@1.309.1/node_modules/posthog-js/dist/module.js:21
[  121511ms] [ERROR] Failed to load resource: net::ERR_CONNECTION_REFUSED @ http://localhost:3111/__nextjs_original-stack-frames:0
[  122493ms] [ERROR] Failed to load resource: net::ERR_CONNECTION_REFUSED @ http://localhost:3111/ingest/s/?retry_count=3&ip=0&_=1790129411662&ver=1.309.1&compression=gzip-js:0
[  122493ms] [ERROR] [PostHog.js] TypeError: Failed to fetch
    at method (webpack-internal:///(app-pages-browser)/./node_modules/.pnpm/posthog-js@1.309.1/node_modules/posthog-js/dist/module.js:22:71863)
    at eval (webpack-internal:///(app-pages-browser)/./node_modules/.pnpm/posthog-js@1.309.1/node_modules/posthog-js/dist/module.js:22:149004)
    at qo._send_request (webpack-internal:///(app-pages-browser)/./node_modules/.pnpm/posthog-js@1.309.1/node_modules/posthog-js/dist/module.js:22:149010)
    at go.retriableRequest (webpack-internal:///(app-pages-browser)/./node_modules/.pnpm/posthog-js@1.309.1/node_modules/posthog-js/dist/module.js:22:115497)
    at go.Lt (webpack-internal:///(app-pages-browser)/./node_modules/.pnpm/posthog-js@1.309.1/node_modules/posthog-js/dist/module.js:22:116384)
    at eval (webpack-internal:///(app-pages-browser)/./node_modules/.pnpm/posthog-js@1.309.1/node_modules/posthog-js/dist/module.js:22:116221) @ webpack-internal:///(app-pages-browser)/./node_modules/.pnpm/next@15.2.6_react-dom@19.0.0_react@19.0.0__react@19.0.0/node_modules/next/dist/client/components/globals/intercept-console-error.js:49
[  122493ms] [WARNING] [PostHog.js] Enqueued failed request for retry in 26702 @ webpack-internal:///(app-pages-browser)/./node_modules/.pnpm/posthog-js@1.309.1/node_modules/posthog-js/dist/module.js:21
[  122493ms] [ERROR] Failed to load resource: net::ERR_CONNECTION_REFUSED @ http://localhost:3111/ingest/s/?retry_count=2&ip=0&_=1790129411663&ver=1.309.1&compression=gzip-js:0
[  122493ms] [ERROR] [PostHog.js] TypeError: Failed to fetch
    at method (webpack-internal:///(app-pages-browser)/./node_modules/.pnpm/posthog-js@1.309.1/node_modules/posthog-js/dist/module.js:22:71863)
    at eval (webpack-internal:///(app-pages-browser)/./node_modules/.pnpm/posthog-js@1.309.1/node_modules/posthog-js/dist/module.js:22:149004)
    at qo._send_request (webpack-internal:///(app-pages-browser)/./node_modules/.pnpm/posthog-js@1.309.1/node_modules/posthog-js/dist/module.js:22:149010)
    at go.retriableRequest (webpack-internal:///(app-pages-browser)/./node_modules/.pnpm/posthog-js@1.309.1/node_modules/posthog-js/dist/module.js:22:115497)
    at go.Lt (webpack-internal:///(app-pages-browser)/./node_modules/.pnpm/posthog-js@1.309.1/node_modules/posthog-js/dist/module.js:22:116384)
    at eval (webpack-internal:///(app-pages-browser)/./node_modules/.pnpm/posthog-js@1.309.1/node_modules/posthog-js/dist/module.js:22:116221) @ webpack-internal:///(app-pages-browser)/./node_modules/.pnpm/next@15.2.6_react-dom@19.0.0_react@19.0.0__react@19.0.0/node_modules/next/dist/client/components/globals/intercept-console-error.js:49
[  122493ms] [WARNING] [PostHog.js] Enqueued failed request for retry in 10482 @ webpack-internal:///(app-pages-browser)/./node_modules/.pnpm/posthog-js@1.309.1/node_modules/posthog-js/dist/module.js:21
[  122498ms] [ERROR] Failed to load resource: net::ERR_CONNECTION_REFUSED @ http://localhost:3111/ingest/s/?retry_count=1&ip=0&_=1790129411664&ver=1.309.1&compression=gzip-js:0
[  122498ms] [ERROR] [PostHog.js] TypeError: Failed to fetch
    at method (webpack-internal:///(app-pages-browser)/./node_modules/.pnpm/posthog-js@1.309.1/node_modules/posthog-js/dist/module.js:22:71863)
    at eval (webpack-internal:///(app-pages-browser)/./node_modules/.pnpm/posthog-js@1.309.1/node_modules/posthog-js/dist/module.js:22:149004)
    at qo._send_request (webpack-internal:///(app-pages-browser)/./node_modules/.pnpm/posthog-js@1.309.1/node_modules/posthog-js/dist/module.js:22:149010)
    at go.retriableRequest (webpack-internal:///(app-pages-browser)/./node_modules/.pnpm/posthog-js@1.309.1/node_modules/posthog-js/dist/module.js:22:115497)
    at go.Lt (webpack-internal:///(app-pages-browser)/./node_modules/.pnpm/posthog-js@1.309.1/node_modules/posthog-js/dist/module.js:22:116384)
    at eval (webpack-internal:///(app-pages-browser)/./node_modules/.pnpm/posthog-js@1.309.1/node_modules/posthog-js/dist/module.js:22:116221) @ webpack-internal:///(app-pages-browser)/./node_modules/.pnpm/next@15.2.6_react-dom@19.0.0_react@19.0.0__react@19.0.0/node_modules/next/dist/client/components/globals/intercept-console-error.js:49
[  122498ms] [WARNING] [PostHog.js] Enqueued failed request for retry in 5303 @ webpack-internal:///(app-pages-browser)/./node_modules/.pnpm/posthog-js@1.309.1/node_modules/posthog-js/dist/module.js:21
[  122504ms] [ERROR] Failed to load resource: net::ERR_CONNECTION_REFUSED @ http://localhost:3111/__nextjs_original-stack-frames:0
[  122508ms] [ERROR] Failed to load resource: net::ERR_CONNECTION_REFUSED @ http://localhost:3111/__nextjs_original-stack-frames:0
[  123519ms] [LOG] [PostHog.js] send "$snapshot" {uuid: 01a0cc07-1a52-7dbf-a256-630d62982a37, event: $snapshot, properties: Object, timestamp: Tue Sep 22 2026 22:10:12 GMT-0400 (Eastern Daylight Time)} @ webpack-internal:///(app-pages-browser)/./node_modules/.pnpm/posthog-js@1.309.1/node_modules/posthog-js/dist/module.js:21
[  124507ms] [ERROR] Failed to load resource: net::ERR_CONNECTION_REFUSED @ http://localhost:3111/ingest/s/?ip=0&_=1790129413676&ver=1.309.1&compression=gzip-js:0
[  124507ms] [ERROR] [PostHog.js] TypeError: Failed to fetch
    at method (webpack-internal:///(app-pages-browser)/./node_modules/.pnpm/posthog-js@1.309.1/node_modules/posthog-js/dist/module.js:22:71863)
    at eval (webpack-internal:///(app-pages-browser)/./node_modules/.pnpm/posthog-js@1.309.1/node_modules/posthog-js/dist/module.js:22:149004)
    at qo._send_request (webpack-internal:///(app-pages-browser)/./node_modules/.pnpm/posthog-js@1.309.1/node_modules/posthog-js/dist/module.js:22:149010)
    at go.retriableRequest (webpack-internal:///(app-pages-browser)/./node_modules/.pnpm/posthog-js@1.309.1/node_modules/posthog-js/dist/module.js:22:115497)
    at qo.Br (webpack-internal:///(app-pages-browser)/./node_modules/.pnpm/posthog-js@1.309.1/node_modules/posthog-js/dist/module.js:22:149216)
    at fo.eval [as xe] (webpack-internal:///(app-pages-browser)/./node_modules/.pnpm/posthog-js@1.309.1/node_modules/posthog-js/dist/module.js:22:142058)
    at e (webpack-internal:///(app-pages-browser)/./node_modules/.pnpm/posthog-js@1.309.1/node_modules/posthog-js/dist/module.js:22:114800)
    at eval (webpack-internal:///(app-pages-browser)/./node_modules/.pnpm/posthog-js@1.309.1/node_modules/posthog-js/dist/module.js:22:114822) @ webpack-internal:///(app-pages-browser)/./node_modules/.pnpm/next@15.2.6_react-dom@19.0.0_react@19.0.0__react@19.0.0/node_modules/next/dist/client/components/globals/intercept-console-error.js:49
[  124507ms] [WARNING] [PostHog.js] Enqueued failed request for retry in 3444 @ webpack-internal:///(app-pages-browser)/./node_modules/.pnpm/posthog-js@1.309.1/node_modules/posthog-js/dist/module.js:21
[  124514ms] [ERROR] Failed to load resource: net::ERR_CONNECTION_REFUSED @ http://localhost:3111/__nextjs_original-stack-frames:0
[  125499ms] [ERROR] Failed to load resource: net::ERR_CONNECTION_REFUSED @ http://localhost:3111/ingest/s/?retry_count=5&ip=0&_=1790129414666&ver=1.309.1&compression=gzip-js:0
[  125499ms] [ERROR] [PostHog.js] TypeError: Failed to fetch
    at method (webpack-internal:///(app-pages-browser)/./node_modules/.pnpm/posthog-js@1.309.1/node_modules/posthog-js/dist/module.js:22:71863)
    at eval (webpack-internal:///(app-pages-browser)/./node_modules/.pnpm/posthog-js@1.309.1/node_modules/posthog-js/dist/module.js:22:149004)
    at qo._send_request (webpack-internal:///(app-pages-browser)/./node_modules/.pnpm/posthog-js@1.309.1/node_modules/posthog-js/dist/module.js:22:149010)
    at go.retriableRequest (webpack-internal:///(app-pages-browser)/./node_modules/.pnpm/posthog-js@1.309.1/node_modules/posthog-js/dist/module.js:22:115497)
    at go.Lt (webpack-internal:///(app-pages-browser)/./node_modules/.pnpm/posthog-js@1.309.1/node_modules/posthog-js/dist/module.js:22:116384)
    at eval (webpack-internal:///(app-pages-browser)/./node_modules/.pnpm/posthog-js@1.309.1/node_modules/posthog-js/dist/module.js:22:116221) @ webpack-internal:///(app-pages-browser)/./node_modules/.pnpm/next@15.2.6_react-dom@19.0.0_react@19.0.0__react@19.0.0/node_modules/next/dist/client/components/globals/intercept-console-error.js:49
[  125499ms] [WARNING] [PostHog.js] Enqueued failed request for retry in 88779 @ webpack-internal:///(app-pages-browser)/./node_modules/.pnpm/posthog-js@1.309.1/node_modules/posthog-js/dist/module.js:21
[  125499ms] [ERROR] Failed to load resource: net::ERR_CONNECTION_REFUSED @ http://localhost:3111/ingest/s/?retry_count=2&ip=0&_=1790129414668&ver=1.309.1&compression=gzip-js:0
[  125499ms] [ERROR] [PostHog.js] TypeError: Failed to fetch
    at method (webpack-internal:///(app-pages-browser)/./node_modules/.pnpm/posthog-js@1.309.1/node_modules/posthog-js/dist/module.js:22:71863)
    at eval (webpack-internal:///(app-pages-browser)/./node_modules/.pnpm/posthog-js@1.309.1/node_modules/posthog-js/dist/module.js:22:149004)
    at qo._send_request (webpack-internal:///(app-pages-browser)/./node_modules/.pnpm/posthog-js@1.309.1/node_modules/posthog-js/dist/module.js:22:149010)
    at go.retriableRequest (webpack-internal:///(app-pages-browser)/./node_modules/.pnpm/posthog-js@1.309.1/node_modules/posthog-js/dist/module.js:22:115497)
    at go.Lt (webpack-internal:///(app-pages-browser)/./node_modules/.pnpm/posthog-js@1.309.1/node_modules/posthog-js/dist/module.js:22:116384)
    at eval (webpack-internal:///(app-pages-browser)/./node_modules/.pnpm/posthog-js@1.309.1/node_modules/posthog-js/dist/module.js:22:116221) @ webpack-internal:///(app-pages-browser)/./node_modules/.pnpm/next@15.2.6_react-dom@19.0.0_react@19.0.0__react@19.0.0/node_modules/next/dist/client/components/globals/intercept-console-error.js:49
[  125499ms] [WARNING] [PostHog.js] Enqueued failed request for retry in 10279 @ webpack-internal:///(app-pages-browser)/./node_modules/.pnpm/posthog-js@1.309.1/node_modules/posthog-js/dist/module.js:21
[  125503ms] [ERROR] Failed to load resource: net::ERR_CONNECTION_REFUSED @ http://localhost:3111/ingest/s/?retry_count=1&ip=0&_=1790129414669&ver=1.309.1&compression=gzip-js:0
[  125503ms] [ERROR] [PostHog.js] TypeError: Failed to fetch
    at method (webpack-internal:///(app-pages-browser)/./node_modules/.pnpm/posthog-js@1.309.1/node_modules/posthog-js/dist/module.js:22:71863)
    at eval (webpack-internal:///(app-pages-browser)/./node_modules/.pnpm/posthog-js@1.309.1/node_modules/posthog-js/dist/module.js:22:149004)
    at qo._send_request (webpack-internal:///(app-pages-browser)/./node_modules/.pnpm/posthog-js@1.309.1/node_modules/posthog-js/dist/module.js:22:149010)
    at go.retriableRequest (webpack-internal:///(app-pages-browser)/./node_modules/.pnpm/posthog-js@1.309.1/node_modules/posthog-js/dist/module.js:22:115497)
    at go.Lt (webpack-internal:///(app-pages-browser)/./node_modules/.pnpm/posthog-js@1.309.1/node_modules/posthog-js/dist/module.js:22:116384)
    at eval (webpack-internal:///(app-pages-browser)/./node_modules/.pnpm/posthog-js@1.309.1/node_modules/posthog-js/dist/module.js:22:116221) @ webpack-internal:///(app-pages-browser)/./node_modules/.pnpm/next@15.2.6_react-dom@19.0.0_react@19.0.0__react@19.0.0/node_modules/next/dist/client/components/globals/intercept-console-error.js:49
[  125503ms] [WARNING] [PostHog.js] Enqueued failed request for retry in 4827 @ webpack-internal:///(app-pages-browser)/./node_modules/.pnpm/posthog-js@1.309.1/node_modules/posthog-js/dist/module.js:21
[  125509ms] [ERROR] Failed to load resource: net::ERR_CONNECTION_REFUSED @ http://localhost:3111/__nextjs_original-stack-frames:0
[  125513ms] [ERROR] Failed to load resource: net::ERR_CONNECTION_REFUSED @ http://localhost:3111/__nextjs_original-stack-frames:0
[  126517ms] [LOG] [PostHog.js] send "$snapshot" {uuid: 01a0cc07-2609-7dbe-ba49-55dd564e9082, event: $snapshot, properties: Object, timestamp: Tue Sep 22 2026 22:10:15 GMT-0400 (Eastern Daylight Time)} @ webpack-internal:///(app-pages-browser)/./node_modules/.pnpm/posthog-js@1.309.1/node_modules/posthog-js/dist/module.js:21
[  128503ms] [ERROR] Failed to load resource: net::ERR_CONNECTION_REFUSED @ http://localhost:3111/ingest/s/?retry_count=3&ip=0&_=1790129417670&ver=1.309.1&compression=gzip-js:0
[  128503ms] [ERROR] [PostHog.js] TypeError: Failed to fetch
    at method (webpack-internal:///(app-pages-browser)/./node_modules/.pnpm/posthog-js@1.309.1/node_modules/posthog-js/dist/module.js:22:71863)
    at eval (webpack-internal:///(app-pages-browser)/./node_modules/.pnpm/posthog-js@1.309.1/node_modules/posthog-js/dist/module.js:22:149004)
    at qo._send_request (webpack-internal:///(app-pages-browser)/./node_modules/.pnpm/posthog-js@1.309.1/node_modules/posthog-js/dist/module.js:22:149010)
    at go.retriableRequest (webpack-internal:///(app-pages-browser)/./node_modules/.pnpm/posthog-js@1.309.1/node_modules/posthog-js/dist/module.js:22:115497)
    at go.Lt (webpack-internal:///(app-pages-browser)/./node_modules/.pnpm/posthog-js@1.309.1/node_modules/posthog-js/dist/module.js:22:116384)
    at eval (webpack-internal:///(app-pages-browser)/./node_modules/.pnpm/posthog-js@1.309.1/node_modules/posthog-js/dist/module.js:22:116221) @ webpack-internal:///(app-pages-browser)/./node_modules/.pnpm/next@15.2.6_react-dom@19.0.0_react@19.0.0__react@19.0.0/node_modules/next/dist/client/components/globals/intercept-console-error.js:49
[  128504ms] [WARNING] [PostHog.js] Enqueued failed request for retry in 25144 @ webpack-internal:///(app-pages-browser)/./node_modules/.pnpm/posthog-js@1.309.1/node_modules/posthog-js/dist/module.js:21
[  128504ms] [ERROR] Failed to load resource: net::ERR_CONNECTION_REFUSED @ http://localhost:3111/ingest/s/?retry_count=3&ip=0&_=1790129417672&ver=1.309.1&compression=gzip-js:0
[  128504ms] [ERROR] [PostHog.js] TypeError: Failed to fetch
    at method (webpack-internal:///(app-pages-browser)/./node_modules/.pnpm/posthog-js@1.309.1/node_modules/posthog-js/dist/module.js:22:71863)
    at eval (webpack-internal:///(app-pages-browser)/./node_modules/.pnpm/posthog-js@1.309.1/node_modules/posthog-js/dist/module.js:22:149004)
    at qo._send_request (webpack-internal:///(app-pages-browser)/./node_modules/.pnpm/posthog-js@1.309.1/node_modules/posthog-js/dist/module.js:22:149010)
    at go.retriableRequest (webpack-internal:///(app-pages-browser)/./node_modules/.pnpm/posthog-js@1.309.1/node_modules/posthog-js/dist/module.js:22:115497)
    at go.Lt (webpack-internal:///(app-pages-browser)/./node_modules/.pnpm/posthog-js@1.309.1/node_modules/posthog-js/dist/module.js:22:116384)
    at eval (webpack-internal:///(app-pages-browser)/./node_modules/.pnpm/posthog-js@1.309.1/node_modules/posthog-js/dist/module.js:22:116221) @ webpack-internal:///(app-pages-browser)/./node_modules/.pnpm/next@15.2.6_react-dom@19.0.0_react@19.0.0__react@19.0.0/node_modules/next/dist/client/components/globals/intercept-console-error.js:49
[  128504ms] [WARNING] [PostHog.js] Enqueued failed request for retry in 29515 @ webpack-internal:///(app-pages-browser)/./node_modules/.pnpm/posthog-js@1.309.1/node_modules/posthog-js/dist/module.js:21
[  128504ms] [ERROR] Failed to load resource: net::ERR_CONNECTION_REFUSED @ http://localhost:3111/ingest/s/?retry_count=2&ip=0&_=1790129417673&ver=1.309.1&compression=gzip-js:0
[  128504ms] [ERROR] [PostHog.js] TypeError: Failed to fetch
    at method (webpack-internal:///(app-pages-browser)/./node_modules/.pnpm/posthog-js@1.309.1/node_modules/posthog-js/dist/module.js:22:71863)
    at eval (webpack-internal:///(app-pages-browser)/./node_modules/.pnpm/posthog-js@1.309.1/node_modules/posthog-js/dist/module.js:22:149004)
    at qo._send_request (webpack-internal:///(app-pages-browser)/./node_modules/.pnpm/posthog-js@1.309.1/node_modules/posthog-js/dist/module.js:22:149010)
    at go.retriableRequest (webpack-internal:///(app-pages-browser)/./node_modules/.pnpm/posthog-js@1.309.1/node_modules/posthog-js/dist/module.js:22:115497)
    at go.Lt (webpack-internal:///(app-pages-browser)/./node_modules/.pnpm/posthog-js@1.309.1/node_modules/posthog-js/dist/module.js:22:116384)
    at eval (webpack-internal:///(app-pages-browser)/./node_modules/.pnpm/posthog-js@1.309.1/node_modules/posthog-js/dist/module.js:22:116221) @ webpack-internal:///(app-pages-browser)/./node_modules/.pnpm/next@15.2.6_react-dom@19.0.0_react@19.0.0__react@19.0.0/node_modules/next/dist/client/components/globals/intercept-console-error.js:49
[  128504ms] [WARNING] [PostHog.js] Enqueued failed request for retry in 12230 @ webpack-internal:///(app-pages-browser)/./node_modules/.pnpm/posthog-js@1.309.1/node_modules/posthog-js/dist/module.js:21
[  128508ms] [ERROR] Failed to load resource: net::ERR_CONNECTION_REFUSED @ http://localhost:3111/ingest/s/?retry_count=1&ip=0&_=1790129417674&ver=1.309.1&compression=gzip-js:0
[  128508ms] [ERROR] [PostHog.js] TypeError: Failed to fetch
    at method (webpack-internal:///(app-pages-browser)/./node_modules/.pnpm/posthog-js@1.309.1/node_modules/posthog-js/dist/module.js:22:71863)
    at eval (webpack-internal:///(app-pages-browser)/./node_modules/.pnpm/posthog-js@1.309.1/node_modules/posthog-js/dist/module.js:22:149004)
    at qo._send_request (webpack-internal:///(app-pages-browser)/./node_modules/.pnpm/posthog-js@1.309.1/node_modules/posthog-js/dist/module.js:22:149010)
    at go.retriableRequest (webpack-internal:///(app-pages-browser)/./node_modules/.pnpm/posthog-js@1.309.1/node_modules/posthog-js/dist/module.js:22:115497)
    at go.Lt (webpack-internal:///(app-pages-browser)/./node_modules/.pnpm/posthog-js@1.309.1/node_modules/posthog-js/dist/module.js:22:116384)
    at eval (webpack-internal:///(app-pages-browser)/./node_modules/.pnpm/posthog-js@1.309.1/node_modules/posthog-js/dist/module.js:22:116221) @ webpack-internal:///(app-pages-browser)/./node_modules/.pnpm/next@15.2.6_react-dom@19.0.0_react@19.0.0__react@19.0.0/node_modules/next/dist/client/components/globals/intercept-console-error.js:49
[  128509ms] [WARNING] [PostHog.js] Enqueued failed request for retry in 7068 @ webpack-internal:///(app-pages-browser)/./node_modules/.pnpm/posthog-js@1.309.1/node_modules/posthog-js/dist/module.js:21
[  128515ms] [ERROR] Failed to load resource: net::ERR_CONNECTION_REFUSED @ http://localhost:3111/__nextjs_original-stack-frames:0
[  128519ms] [ERROR] Failed to load resource: net::ERR_CONNECTION_REFUSED @ http://localhost:3111/__nextjs_original-stack-frames:0
[  129520ms] [ERROR] Failed to load resource: net::ERR_CONNECTION_REFUSED @ http://localhost:3111/ingest/s/?ip=0&_=1790129418689&ver=1.309.1&compression=gzip-js:0
[  129520ms] [ERROR] [PostHog.js] TypeError: Failed to fetch
    at method (webpack-internal:///(app-pages-browser)/./node_modules/.pnpm/posthog-js@1.309.1/node_modules/posthog-js/dist/module.js:22:71863)
    at eval (webpack-internal:///(app-pages-browser)/./node_modules/.pnpm/posthog-js@1.309.1/node_modules/posthog-js/dist/module.js:22:149004)
    at qo._send_request (webpack-internal:///(app-pages-browser)/./node_modules/.pnpm/posthog-js@1.309.1/node_modules/posthog-js/dist/module.js:22:149010)
    at go.retriableRequest (webpack-internal:///(app-pages-browser)/./node_modules/.pnpm/posthog-js@1.309.1/node_modules/posthog-js/dist/module.js:22:115497)
    at qo.Br (webpack-internal:///(app-pages-browser)/./node_modules/.pnpm/posthog-js@1.309.1/node_modules/posthog-js/dist/module.js:22:149216)
    at fo.eval [as xe] (webpack-internal:///(app-pages-browser)/./node_modules/.pnpm/posthog-js@1.309.1/node_modules/posthog-js/dist/module.js:22:142058)
    at e (webpack-internal:///(app-pages-browser)/./node_modules/.pnpm/posthog-js@1.309.1/node_modules/posthog-js/dist/module.js:22:114800)
    at eval (webpack-internal:///(app-pages-browser)/./node_modules/.pnpm/posthog-js@1.309.1/node_modules/posthog-js/dist/module.js:22:114822) @ webpack-internal:///(app-pages-browser)/./node_modules/.pnpm/next@15.2.6_react-dom@19.0.0_react@19.0.0__react@19.0.0/node_modules/next/dist/client/components/globals/intercept-console-error.js:49
[  129520ms] [WARNING] [PostHog.js] Enqueued failed request for retry in 3684 @ webpack-internal:///(app-pages-browser)/./node_modules/.pnpm/posthog-js@1.309.1/node_modules/posthog-js/dist/module.js:21
[  129530ms] [ERROR] Failed to load resource: net::ERR_CONNECTION_REFUSED @ http://localhost:3111/__nextjs_original-stack-frames:0
[  130525ms] [LOG] [PostHog.js] send "$snapshot" {uuid: 01a0cc07-35b0-7d52-901d-4f8184960fa8, event: $snapshot, properties: Object, timestamp: Tue Sep 22 2026 22:10:19 GMT-0400 (Eastern Daylight Time)} @ webpack-internal:///(app-pages-browser)/./node_modules/.pnpm/posthog-js@1.309.1/node_modules/posthog-js/dist/module.js:21
[  131510ms] [ERROR] Failed to load resource: net::ERR_CONNECTION_REFUSED @ http://localhost:3111/ingest/s/?retry_count=4&ip=0&_=1790129420676&ver=1.309.1&compression=gzip-js:0
[  131510ms] [ERROR] [PostHog.js] TypeError: Failed to fetch
    at method (webpack-internal:///(app-pages-browser)/./node_modules/.pnpm/posthog-js@1.309.1/node_modules/posthog-js/dist/module.js:22:71863)
    at eval (webpack-internal:///(app-pages-browser)/./node_modules/.pnpm/posthog-js@1.309.1/node_modules/posthog-js/dist/module.js:22:149004)
    at qo._send_request (webpack-internal:///(app-pages-browser)/./node_modules/.pnpm/posthog-js@1.309.1/node_modules/posthog-js/dist/module.js:22:149010)
    at go.retriableRequest (webpack-internal:///(app-pages-browser)/./node_modules/.pnpm/posthog-js@1.309.1/node_modules/posthog-js/dist/module.js:22:115497)
    at go.Lt (webpack-internal:///(app-pages-browser)/./node_modules/.pnpm/posthog-js@1.309.1/node_modules/posthog-js/dist/module.js:22:116384)
    at eval (webpack-internal:///(app-pages-browser)/./node_modules/.pnpm/posthog-js@1.309.1/node_modules/posthog-js/dist/module.js:22:116221) @ webpack-internal:///(app-pages-browser)/./node_modules/.pnpm/next@15.2.6_react-dom@19.0.0_react@19.0.0__react@19.0.0/node_modules/next/dist/client/components/globals/intercept-console-error.js:49
[  131510ms] [WARNING] [PostHog.js] Enqueued failed request for retry in 47958 @ webpack-internal:///(app-pages-browser)/./node_modules/.pnpm/posthog-js@1.309.1/node_modules/posthog-js/dist/module.js:21
[  131510ms] [ERROR] Failed to load resource: net::ERR_CONNECTION_REFUSED @ http://localhost:3111/ingest/s/?retry_count=2&ip=0&_=1790129420680&ver=1.309.1&compression=gzip-js:0
[  131510ms] [ERROR] [PostHog.js] TypeError: Failed to fetch
    at method (webpack-internal:///(app-pages-browser)/./node_modules/.pnpm/posthog-js@1.309.1/node_modules/posthog-js/dist/module.js:22:71863)
    at eval (webpack-internal:///(app-pages-browser)/./node_modules/.pnpm/posthog-js@1.309.1/node_modules/posthog-js/dist/module.js:22:149004)
    at qo._send_request (webpack-internal:///(app-pages-browser)/./node_modules/.pnpm/posthog-js@1.309.1/node_modules/posthog-js/dist/module.js:22:149010)
    at go.retriableRequest (webpack-internal:///(app-pages-browser)/./node_modules/.pnpm/posthog-js@1.309.1/node_modules/posthog-js/dist/module.js:22:115497)
    at go.Lt (webpack-internal:///(app-pages-browser)/./node_modules/.pnpm/posthog-js@1.309.1/node_modules/posthog-js/dist/module.js:22:116384)
    at eval (webpack-internal:///(app-pages-browser)/./node_modules/.pnpm/posthog-js@1.309.1/node_modules/posthog-js/dist/module.js:22:116221) @ webpack-internal:///(app-pages-browser)/./node_modules/.pnpm/next@15.2.6_react-dom@19.0.0_react@19.0.0__react@19.0.0/node_modules/next/dist/client/components/globals/intercept-console-error.js:49
[  131511ms] [WARNING] [PostHog.js] Enqueued failed request for retry in 13614 @ webpack-internal:///(app-pages-browser)/./node_modules/.pnpm/posthog-js@1.309.1/node_modules/posthog-js/dist/module.js:21
[  131520ms] [ERROR] Failed to load resource: net::ERR_CONNECTION_REFUSED @ http://localhost:3111/__nextjs_original-stack-frames:0
[  133523ms] [LOG] [PostHog.js] send "$snapshot" {uuid: 01a0cc07-4166-7321-9c6b-8f5bdd37a612, event: $snapshot, properties: Object, timestamp: Tue Sep 22 2026 22:10:22 GMT-0400 (Eastern Daylight Time)} @ webpack-internal:///(app-pages-browser)/./node_modules/.pnpm/posthog-js@1.309.1/node_modules/posthog-js/dist/module.js:21
[  133529ms] [ERROR] Failed to load resource: net::ERR_CONNECTION_REFUSED @ http://localhost:3111/ingest/s/?ip=0&_=1790129422698&ver=1.309.1&compression=gzip-js:0
[  133529ms] [ERROR] [PostHog.js] TypeError: Failed to fetch
    at method (webpack-internal:///(app-pages-browser)/./node_modules/.pnpm/posthog-js@1.309.1/node_modules/posthog-js/dist/module.js:22:71863)
    at eval (webpack-internal:///(app-pages-browser)/./node_modules/.pnpm/posthog-js@1.309.1/node_modules/posthog-js/dist/module.js:22:149004)
    at qo._send_request (webpack-internal:///(app-pages-browser)/./node_modules/.pnpm/posthog-js@1.309.1/node_modules/posthog-js/dist/module.js:22:149010)
    at go.retriableRequest (webpack-internal:///(app-pages-browser)/./node_modules/.pnpm/posthog-js@1.309.1/node_modules/posthog-js/dist/module.js:22:115497)
    at qo.Br (webpack-internal:///(app-pages-browser)/./node_modules/.pnpm/posthog-js@1.309.1/node_modules/posthog-js/dist/module.js:22:149216)
    at fo.eval [as xe] (webpack-internal:///(app-pages-browser)/./node_modules/.pnpm/posthog-js@1.309.1/node_modules/posthog-js/dist/module.js:22:142058)
    at e (webpack-internal:///(app-pages-browser)/./node_modules/.pnpm/posthog-js@1.309.1/node_modules/posthog-js/dist/module.js:22:114800)
    at eval (webpack-internal:///(app-pages-browser)/./node_modules/.pnpm/posthog-js@1.309.1/node_modules/posthog-js/dist/module.js:22:114822) @ webpack-internal:///(app-pages-browser)/./node_modules/.pnpm/next@15.2.6_react-dom@19.0.0_react@19.0.0__react@19.0.0/node_modules/next/dist/client/components/globals/intercept-console-error.js:49
[  133530ms] [WARNING] [PostHog.js] Enqueued failed request for retry in 2700 @ webpack-internal:///(app-pages-browser)/./node_modules/.pnpm/posthog-js@1.309.1/node_modules/posthog-js/dist/module.js:21
[  133537ms] [ERROR] Failed to load resource: net::ERR_CONNECTION_REFUSED @ http://localhost:3111/__nextjs_original-stack-frames:0
[  134516ms] [ERROR] Failed to load resource: net::ERR_CONNECTION_REFUSED @ http://localhost:3111/ingest/s/?retry_count=5&ip=0&_=1790129423682&ver=1.309.1&compression=gzip-js:0
[  134516ms] [ERROR] [PostHog.js] TypeError: Failed to fetch
    at method (webpack-internal:///(app-pages-browser)/./node_modules/.pnpm/posthog-js@1.309.1/node_modules/posthog-js/dist/module.js:22:71863)
    at eval (webpack-internal:///(app-pages-browser)/./node_modules/.pnpm/posthog-js@1.309.1/node_modules/posthog-js/dist/module.js:22:149004)
    at qo._send_request (webpack-internal:///(app-pages-browser)/./node_modules/.pnpm/posthog-js@1.309.1/node_modules/posthog-js/dist/module.js:22:149010)
    at go.retriableRequest (webpack-internal:///(app-pages-browser)/./node_modules/.pnpm/posthog-js@1.309.1/node_modules/posthog-js/dist/module.js:22:115497)
    at go.Lt (webpack-internal:///(app-pages-browser)/./node_modules/.pnpm/posthog-js@1.309.1/node_modules/posthog-js/dist/module.js:22:116384)
    at eval (webpack-internal:///(app-pages-browser)/./node_modules/.pnpm/posthog-js@1.309.1/node_modules/posthog-js/dist/module.js:22:116221) @ webpack-internal:///(app-pages-browser)/./node_modules/.pnpm/next@15.2.6_react-dom@19.0.0_react@19.0.0__react@19.0.0/node_modules/next/dist/client/components/globals/intercept-console-error.js:49
[  134516ms] [WARNING] [PostHog.js] Enqueued failed request for retry in 104406 @ webpack-internal:///(app-pages-browser)/./node_modules/.pnpm/posthog-js@1.309.1/node_modules/posthog-js/dist/module.js:21
[  134516ms] [ERROR] Failed to load resource: net::ERR_CONNECTION_REFUSED @ http://localhost:3111/ingest/s/?retry_count=4&ip=0&_=1790129423685&ver=1.309.1&compression=gzip-js:0
[  134516ms] [ERROR] [PostHog.js] TypeError: Failed to fetch
    at method (webpack-internal:///(app-pages-browser)/./node_modules/.pnpm/posthog-js@1.309.1/node_modules/posthog-js/dist/module.js:22:71863)
    at eval (webpack-internal:///(app-pages-browser)/./node_modules/.pnpm/posthog-js@1.309.1/node_modules/posthog-js/dist/module.js:22:149004)
    at qo._send_request (webpack-internal:///(app-pages-browser)/./node_modules/.pnpm/posthog-js@1.309.1/node_modules/posthog-js/dist/module.js:22:149010)
    at go.retriableRequest (webpack-internal:///(app-pages-browser)/./node_modules/.pnpm/posthog-js@1.309.1/node_modules/posthog-js/dist/module.js:22:115497)
    at go.Lt (webpack-internal:///(app-pages-browser)/./node_modules/.pnpm/posthog-js@1.309.1/node_modules/posthog-js/dist/module.js:22:116384)
    at eval (webpack-internal:///(app-pages-browser)/./node_modules/.pnpm/posthog-js@1.309.1/node_modules/posthog-js/dist/module.js:22:116221) @ webpack-internal:///(app-pages-browser)/./node_modules/.pnpm/next@15.2.6_react-dom@19.0.0_react@19.0.0__react@19.0.0/node_modules/next/dist/client/components/globals/intercept-console-error.js:49
[  134516ms] [WARNING] [PostHog.js] Enqueued failed request for retry in 42169 @ webpack-internal:///(app-pages-browser)/./node_modules/.pnpm/posthog-js@1.309.1/node_modules/posthog-js/dist/module.js:21
[  134516ms] [ERROR] Failed to load resource: net::ERR_CONNECTION_REFUSED @ http://localhost:3111/ingest/s/?retry_count=3&ip=0&_=1790129423685&ver=1.309.1&compression=gzip-js:0
[  134516ms] [ERROR] [PostHog.js] TypeError: Failed to fetch
    at method (webpack-internal:///(app-pages-browser)/./node_modules/.pnpm/posthog-js@1.309.1/node_modules/posthog-js/dist/module.js:22:71863)
    at eval (webpack-internal:///(app-pages-browser)/./node_modules/.pnpm/posthog-js@1.309.1/node_modules/posthog-js/dist/module.js:22:149004)
    at qo._send_request (webpack-internal:///(app-pages-browser)/./node_modules/.pnpm/posthog-js@1.309.1/node_modules/posthog-js/dist/module.js:22:149010)
    at go.retriableRequest (webpack-internal:///(app-pages-browser)/./node_modules/.pnpm/posthog-js@1.309.1/node_modules/posthog-js/dist/module.js:22:115497)
    at go.Lt (webpack-internal:///(app-pages-browser)/./node_modules/.pnpm/posthog-js@1.309.1/node_modules/posthog-js/dist/module.js:22:116384)
    at eval (webpack-internal:///(app-pages-browser)/./node_modules/.pnpm/posthog-js@1.309.1/node_modules/posthog-js/dist/module.js:22:116221) @ webpack-internal:///(app-pages-browser)/./node_modules/.pnpm/next@15.2.6_react-dom@19.0.0_react@19.0.0__react@19.0.0/node_modules/next/dist/client/components/globals/intercept-console-error.js:49
[  134517ms] [WARNING] [PostHog.js] Enqueued failed request for retry in 23887 @ webpack-internal:///(app-pages-browser)/./node_modules/.pnpm/posthog-js@1.309.1/node_modules/posthog-js/dist/module.js:21
[  134517ms] [ERROR] Failed to load resource: net::ERR_CONNECTION_REFUSED @ http://localhost:3111/ingest/s/?retry_count=1&ip=0&_=1790129423686&ver=1.309.1&compression=gzip-js:0
[  134517ms] [ERROR] [PostHog.js] TypeError: Failed to fetch
    at method (webpack-internal:///(app-pages-browser)/./node_modules/.pnpm/posthog-js@1.309.1/node_modules/posthog-js/dist/module.js:22:71863)
    at eval (webpack-internal:///(app-pages-browser)/./node_modules/.pnpm/posthog-js@1.309.1/node_modules/posthog-js/dist/module.js:22:149004)
    at qo._send_request (webpack-internal:///(app-pages-browser)/./node_modules/.pnpm/posthog-js@1.309.1/node_modules/posthog-js/dist/module.js:22:149010)
    at go.retriableRequest (webpack-internal:///(app-pages-browser)/./node_modules/.pnpm/posthog-js@1.309.1/node_modules/posthog-js/dist/module.js:22:115497)
    at go.Lt (webpack-internal:///(app-pages-browser)/./node_modules/.pnpm/posthog-js@1.309.1/node_modules/posthog-js/dist/module.js:22:116384)
    at eval (webpack-internal:///(app-pages-browser)/./node_modules/.pnpm/posthog-js@1.309.1/node_modules/posthog-js/dist/module.js:22:116221) @ webpack-internal:///(app-pages-browser)/./node_modules/.pnpm/next@15.2.6_react-dom@19.0.0_react@19.0.0__react@19.0.0/node_modules/next/dist/client/components/globals/intercept-console-error.js:49
[  134517ms] [WARNING] [PostHog.js] Enqueued failed request for retry in 5870 @ webpack-internal:///(app-pages-browser)/./node_modules/.pnpm/posthog-js@1.309.1/node_modules/posthog-js/dist/module.js:21
[  134525ms] [ERROR] Failed to load resource: net::ERR_CONNECTION_REFUSED @ http://localhost:3111/__nextjs_original-stack-frames:0
[  135545ms] [LOG] [PostHog.js] send "$snapshot" {uuid: 01a0cc07-494c-7739-8d89-c63e7dfb194a, event: $snapshot, properties: Object, timestamp: Tue Sep 22 2026 22:10:24 GMT-0400 (Eastern Daylight Time)} @ webpack-internal:///(app-pages-browser)/./node_modules/.pnpm/posthog-js@1.309.1/node_modules/posthog-js/dist/module.js:21
[  137520ms] [ERROR] Failed to load resource: net::ERR_CONNECTION_REFUSED @ http://localhost:3111/ingest/s/?retry_count=5&ip=0&_=1790129426687&ver=1.309.1&compression=gzip-js:0
[  137520ms] [ERROR] [PostHog.js] TypeError: Failed to fetch
    at method (webpack-internal:///(app-pages-browser)/./node_modules/.pnpm/posthog-js@1.309.1/node_modules/posthog-js/dist/module.js:22:71863)
    at eval (webpack-internal:///(app-pages-browser)/./node_modules/.pnpm/posthog-js@1.309.1/node_modules/posthog-js/dist/module.js:22:149004)
    at qo._send_request (webpack-internal:///(app-pages-browser)/./node_modules/.pnpm/posthog-js@1.309.1/node_modules/posthog-js/dist/module.js:22:149010)
    at go.retriableRequest (webpack-internal:///(app-pages-browser)/./node_modules/.pnpm/posthog-js@1.309.1/node_modules/posthog-js/dist/module.js:22:115497)
    at go.Lt (webpack-internal:///(app-pages-browser)/./node_modules/.pnpm/posthog-js@1.309.1/node_modules/posthog-js/dist/module.js:22:116384)
    at eval (webpack-internal:///(app-pages-browser)/./node_modules/.pnpm/posthog-js@1.309.1/node_modules/posthog-js/dist/module.js:22:116221) @ webpack-internal:///(app-pages-browser)/./node_modules/.pnpm/next@15.2.6_react-dom@19.0.0_react@19.0.0__react@19.0.0/node_modules/next/dist/client/components/globals/intercept-console-error.js:49
[  137520ms] [WARNING] [PostHog.js] Enqueued failed request for retry in 113508 @ webpack-internal:///(app-pages-browser)/./node_modules/.pnpm/posthog-js@1.309.1/node_modules/posthog-js/dist/module.js:21
[  137520ms] [ERROR] Failed to load resource: net::ERR_CONNECTION_REFUSED @ http://localhost:3111/ingest/s/?retry_count=4&ip=0&_=1790129426688&ver=1.309.1&compression=gzip-js:0
[  137520ms] [ERROR] [PostHog.js] TypeError: Failed to fetch
    at method (webpack-internal:///(app-pages-browser)/./node_modules/.pnpm/posthog-js@1.309.1/node_modules/posthog-js/dist/module.js:22:71863)
    at eval (webpack-internal:///(app-pages-browser)/./node_modules/.pnpm/posthog-js@1.309.1/node_modules/posthog-js/dist/module.js:22:149004)
    at qo._send_request (webpack-internal:///(app-pages-browser)/./node_modules/.pnpm/posthog-js@1.309.1/node_modules/posthog-js/dist/module.js:22:149010)
    at go.retriableRequest (webpack-internal:///(app-pages-browser)/./node_modules/.pnpm/posthog-js@1.309.1/node_modules/posthog-js/dist/module.js:22:115497)
    at go.Lt (webpack-internal:///(app-pages-browser)/./node_modules/.pnpm/posthog-js@1.309.1/node_modules/posthog-js/dist/module.js:22:116384)
    at eval (webpack-internal:///(app-pages-browser)/./node_modules/.pnpm/posthog-js@1.309.1/node_modules/posthog-js/dist/module.js:22:116221) @ webpack-internal:///(app-pages-browser)/./node_modules/.pnpm/next@15.2.6_react-dom@19.0.0_react@19.0.0__react@19.0.0/node_modules/next/dist/client/components/globals/intercept-console-error.js:49
[  137520ms] [WARNING] [PostHog.js] Enqueued failed request for retry in 37149 @ webpack-internal:///(app-pages-browser)/./node_modules/.pnpm/posthog-js@1.309.1/node_modules/posthog-js/dist/module.js:21
[  137520ms] [ERROR] Failed to load resource: net::ERR_CONNECTION_REFUSED @ http://localhost:3111/ingest/s/?retry_count=3&ip=0&_=1790129426689&ver=1.309.1&compression=gzip-js:0
[  137520ms] [ERROR] [PostHog.js] TypeError: Failed to fetch
    at method (webpack-internal:///(app-pages-browser)/./node_modules/.pnpm/posthog-js@1.309.1/node_modules/posthog-js/dist/module.js:22:71863)
    at eval (webpack-internal:///(app-pages-browser)/./node_modules/.pnpm/posthog-js@1.309.1/node_modules/posthog-js/dist/module.js:22:149004)
    at qo._send_request (webpack-internal:///(app-pages-browser)/./node_modules/.pnpm/posthog-js@1.309.1/node_modules/posthog-js/dist/module.js:22:149010)
    at go.retriableRequest (webpack-internal:///(app-pages-browser)/./node_modules/.pnpm/posthog-js@1.309.1/node_modules/posthog-js/dist/module.js:22:115497)
    at go.Lt (webpack-internal:///(app-pages-browser)/./node_modules/.pnpm/posthog-js@1.309.1/node_modules/posthog-js/dist/module.js:22:116384)
    at eval (webpack-internal:///(app-pages-browser)/./node_modules/.pnpm/posthog-js@1.309.1/node_modules/posthog-js/dist/module.js:22:116221) @ webpack-internal:///(app-pages-browser)/./node_modules/.pnpm/next@15.2.6_react-dom@19.0.0_react@19.0.0__react@19.0.0/node_modules/next/dist/client/components/globals/intercept-console-error.js:49
[  137520ms] [WARNING] [PostHog.js] Enqueued failed request for retry in 25474 @ webpack-internal:///(app-pages-browser)/./node_modules/.pnpm/posthog-js@1.309.1/node_modules/posthog-js/dist/module.js:21
[  137520ms] [ERROR] Failed to load resource: net::ERR_CONNECTION_REFUSED @ http://localhost:3111/ingest/s/?retry_count=2&ip=0&_=1790129426689&ver=1.309.1&compression=gzip-js:0
[  137520ms] [ERROR] [PostHog.js] TypeError: Failed to fetch
    at method (webpack-internal:///(app-pages-browser)/./node_modules/.pnpm/posthog-js@1.309.1/node_modules/posthog-js/dist/module.js:22:71863)
    at eval (webpack-internal:///(app-pages-browser)/./node_modules/.pnpm/posthog-js@1.309.1/node_modules/posthog-js/dist/module.js:22:149004)
    at qo._send_request (webpack-internal:///(app-pages-browser)/./node_modules/.pnpm/posthog-js@1.309.1/node_modules/posthog-js/dist/module.js:22:149010)
    at go.retriableRequest (webpack-internal:///(app-pages-browser)/./node_modules/.pnpm/posthog-js@1.309.1/node_modules/posthog-js/dist/module.js:22:115497)
    at go.Lt (webpack-internal:///(app-pages-browser)/./node_modules/.pnpm/posthog-js@1.309.1/node_modules/posthog-js/dist/module.js:22:116384)
    at eval (webpack-internal:///(app-pages-browser)/./node_modules/.pnpm/posthog-js@1.309.1/node_modules/posthog-js/dist/module.js:22:116221) @ webpack-internal:///(app-pages-browser)/./node_modules/.pnpm/next@15.2.6_react-dom@19.0.0_react@19.0.0__react@19.0.0/node_modules/next/dist/client/components/globals/intercept-console-error.js:49
[  137520ms] [WARNING] [PostHog.js] Enqueued failed request for retry in 14188 @ webpack-internal:///(app-pages-browser)/./node_modules/.pnpm/posthog-js@1.309.1/node_modules/posthog-js/dist/module.js:21
[  137524ms] [ERROR] Failed to load resource: net::ERR_CONNECTION_REFUSED @ http://localhost:3111/ingest/s/?retry_count=1&ip=0&_=1790129426690&ver=1.309.1&compression=gzip-js:0
[  137525ms] [ERROR] [PostHog.js] TypeError: Failed to fetch
    at method (webpack-internal:///(app-pages-browser)/./node_modules/.pnpm/posthog-js@1.309.1/node_modules/posthog-js/dist/module.js:22:71863)
    at eval (webpack-internal:///(app-pages-browser)/./node_modules/.pnpm/posthog-js@1.309.1/node_modules/posthog-js/dist/module.js:22:149004)
    at qo._send_request (webpack-internal:///(app-pages-browser)/./node_modules/.pnpm/posthog-js@1.309.1/node_modules/posthog-js/dist/module.js:22:149010)
    at go.retriableRequest (webpack-internal:///(app-pages-browser)/./node_modules/.pnpm/posthog-js@1.309.1/node_modules/posthog-js/dist/module.js:22:115497)
    at go.Lt (webpack-internal:///(app-pages-browser)/./node_modules/.pnpm/posthog-js@1.309.1/node_modules/posthog-js/dist/module.js:22:116384)
    at eval (webpack-internal:///(app-pages-browser)/./node_modules/.pnpm/posthog-js@1.309.1/node_modules/posthog-js/dist/module.js:22:116221) @ webpack-internal:///(app-pages-browser)/./node_modules/.pnpm/next@15.2.6_react-dom@19.0.0_react@19.0.0__react@19.0.0/node_modules/next/dist/client/components/globals/intercept-console-error.js:49
[  137525ms] [WARNING] [PostHog.js] Enqueued failed request for retry in 6891 @ webpack-internal:///(app-pages-browser)/./node_modules/.pnpm/posthog-js@1.309.1/node_modules/posthog-js/dist/module.js:21
[  137531ms] [ERROR] Failed to load resource: net::ERR_CONNECTION_REFUSED @ http://localhost:3111/__nextjs_original-stack-frames:0
[  137535ms] [ERROR] Failed to load resource: net::ERR_CONNECTION_REFUSED @ http://localhost:3111/__nextjs_original-stack-frames:0
[  138549ms] [ERROR] Failed to load resource: net::ERR_CONNECTION_REFUSED @ http://localhost:3111/ingest/s/?ip=0&_=1790129427718&ver=1.309.1&compression=gzip-js:0
[  138550ms] [ERROR] [PostHog.js] TypeError: Failed to fetch
    at method (webpack-internal:///(app-pages-browser)/./node_modules/.pnpm/posthog-js@1.309.1/node_modules/posthog-js/dist/module.js:22:71863)
    at eval (webpack-internal:///(app-pages-browser)/./node_modules/.pnpm/posthog-js@1.309.1/node_modules/posthog-js/dist/module.js:22:149004)
    at qo._send_request (webpack-internal:///(app-pages-browser)/./node_modules/.pnpm/posthog-js@1.309.1/node_modules/posthog-js/dist/module.js:22:149010)
    at go.retriableRequest (webpack-internal:///(app-pages-browser)/./node_modules/.pnpm/posthog-js@1.309.1/node_modules/posthog-js/dist/module.js:22:115497)
    at qo.Br (webpack-internal:///(app-pages-browser)/./node_modules/.pnpm/posthog-js@1.309.1/node_modules/posthog-js/dist/module.js:22:149216)
    at fo.eval [as xe] (webpack-internal:///(app-pages-browser)/./node_modules/.pnpm/posthog-js@1.309.1/node_modules/posthog-js/dist/module.js:22:142058)
    at e (webpack-internal:///(app-pages-browser)/./node_modules/.pnpm/posthog-js@1.309.1/node_modules/posthog-js/dist/module.js:22:114800)
    at eval (webpack-internal:///(app-pages-browser)/./node_modules/.pnpm/posthog-js@1.309.1/node_modules/posthog-js/dist/module.js:22:114822) @ webpack-internal:///(app-pages-browser)/./node_modules/.pnpm/next@15.2.6_react-dom@19.0.0_react@19.0.0__react@19.0.0/node_modules/next/dist/client/components/globals/intercept-console-error.js:49
[  138550ms] [WARNING] [PostHog.js] Enqueued failed request for retry in 2593 @ webpack-internal:///(app-pages-browser)/./node_modules/.pnpm/posthog-js@1.309.1/node_modules/posthog-js/dist/module.js:21
[  138557ms] [ERROR] Failed to load resource: net::ERR_CONNECTION_REFUSED @ http://localhost:3111/__nextjs_original-stack-frames:0
[  139540ms] [LOG] [PostHog.js] send "$snapshot" {uuid: 01a0cc07-58e7-7895-b7d2-c6640b551c96, event: $snapshot, properties: Object, timestamp: Tue Sep 22 2026 22:10:28 GMT-0400 (Eastern Daylight Time)} @ webpack-internal:///(app-pages-browser)/./node_modules/.pnpm/posthog-js@1.309.1/node_modules/posthog-js/dist/module.js:21
[  140526ms] [ERROR] Failed to load resource: net::ERR_CONNECTION_REFUSED @ http://localhost:3111/ingest/s/?retry_count=4&ip=0&_=1790129429692&ver=1.309.1&compression=gzip-js:0
[  140526ms] [ERROR] [PostHog.js] TypeError: Failed to fetch
    at method (webpack-internal:///(app-pages-browser)/./node_modules/.pnpm/posthog-js@1.309.1/node_modules/posthog-js/dist/module.js:22:71863)
    at eval (webpack-internal:///(app-pages-browser)/./node_modules/.pnpm/posthog-js@1.309.1/node_modules/posthog-js/dist/module.js:22:149004)
    at qo._send_request (webpack-internal:///(app-pages-browser)/./node_modules/.pnpm/posthog-js@1.309.1/node_modules/posthog-js/dist/module.js:22:149010)
    at go.retriableRequest (webpack-internal:///(app-pages-browser)/./node_modules/.pnpm/posthog-js@1.309.1/node_modules/posthog-js/dist/module.js:22:115497)
    at go.Lt (webpack-internal:///(app-pages-browser)/./node_modules/.pnpm/posthog-js@1.309.1/node_modules/posthog-js/dist/module.js:22:116384)
    at eval (webpack-internal:///(app-pages-browser)/./node_modules/.pnpm/posthog-js@1.309.1/node_modules/posthog-js/dist/module.js:22:116221) @ webpack-internal:///(app-pages-browser)/./node_modules/.pnpm/next@15.2.6_react-dom@19.0.0_react@19.0.0__react@19.0.0/node_modules/next/dist/client/components/globals/intercept-console-error.js:49
[  140526ms] [WARNING] [PostHog.js] Enqueued failed request for retry in 46792 @ webpack-internal:///(app-pages-browser)/./node_modules/.pnpm/posthog-js@1.309.1/node_modules/posthog-js/dist/module.js:21
[  140526ms] [ERROR] Failed to load resource: net::ERR_CONNECTION_REFUSED @ http://localhost:3111/ingest/s/?retry_count=2&ip=0&_=1790129429696&ver=1.309.1&compression=gzip-js:0
[  140526ms] [ERROR] [PostHog.js] TypeError: Failed to fetch
    at method (webpack-internal:///(app-pages-browser)/./node_modules/.pnpm/posthog-js@1.309.1/node_modules/posthog-js/dist/module.js:22:71863)
    at eval (webpack-internal:///(app-pages-browser)/./node_modules/.pnpm/posthog-js@1.309.1/node_modules/posthog-js/dist/module.js:22:149004)
    at qo._send_request (webpack-internal:///(app-pages-browser)/./node_modules/.pnpm/posthog-js@1.309.1/node_modules/posthog-js/dist/module.js:22:149010)
    at go.retriableRequest (webpack-internal:///(app-pages-browser)/./node_modules/.pnpm/posthog-js@1.309.1/node_modules/posthog-js/dist/module.js:22:115497)
    at go.Lt (webpack-internal:///(app-pages-browser)/./node_modules/.pnpm/posthog-js@1.309.1/node_modules/posthog-js/dist/module.js:22:116384)
    at eval (webpack-internal:///(app-pages-browser)/./node_modules/.pnpm/posthog-js@1.309.1/node_modules/posthog-js/dist/module.js:22:116221) @ webpack-internal:///(app-pages-browser)/./node_modules/.pnpm/next@15.2.6_react-dom@19.0.0_react@19.0.0__react@19.0.0/node_modules/next/dist/client/components/globals/intercept-console-error.js:49
[  140526ms] [WARNING] [PostHog.js] Enqueued failed request for retry in 14322 @ webpack-internal:///(app-pages-browser)/./node_modules/.pnpm/posthog-js@1.309.1/node_modules/posthog-js/dist/module.js:21
[  140534ms] [ERROR] Failed to load resource: net::ERR_CONNECTION_REFUSED @ http://localhost:3111/__nextjs_original-stack-frames:0
[  142537ms] [LOG] [PostHog.js] send "$snapshot" {uuid: 01a0cc07-649c-7dea-9987-7b9763a12894, event: $snapshot, properties: Object, timestamp: Tue Sep 22 2026 22:10:31 GMT-0400 (Eastern Daylight Time)} @ webpack-internal:///(app-pages-browser)/./node_modules/.pnpm/posthog-js@1.309.1/node_modules/posthog-js/dist/module.js:21
[  142542ms] [ERROR] Failed to load resource: net::ERR_CONNECTION_REFUSED @ http://localhost:3111/ingest/s/?ip=0&_=1790129431711&ver=1.309.1&compression=gzip-js:0
[  142542ms] [ERROR] [PostHog.js] TypeError: Failed to fetch
    at method (webpack-internal:///(app-pages-browser)/./node_modules/.pnpm/posthog-js@1.309.1/node_modules/posthog-js/dist/module.js:22:71863)
    at eval (webpack-internal:///(app-pages-browser)/./node_modules/.pnpm/posthog-js@1.309.1/node_modules/posthog-js/dist/module.js:22:149004)
    at qo._send_request (webpack-internal:///(app-pages-browser)/./node_modules/.pnpm/posthog-js@1.309.1/node_modules/posthog-js/dist/module.js:22:149010)
    at go.retriableRequest (webpack-internal:///(app-pages-browser)/./node_modules/.pnpm/posthog-js@1.309.1/node_modules/posthog-js/dist/module.js:22:115497)
    at qo.Br (webpack-internal:///(app-pages-browser)/./node_modules/.pnpm/posthog-js@1.309.1/node_modules/posthog-js/dist/module.js:22:149216)
    at fo.eval [as xe] (webpack-internal:///(app-pages-browser)/./node_modules/.pnpm/posthog-js@1.309.1/node_modules/posthog-js/dist/module.js:22:142058)
    at e (webpack-internal:///(app-pages-browser)/./node_modules/.pnpm/posthog-js@1.309.1/node_modules/posthog-js/dist/module.js:22:114800)
    at eval (webpack-internal:///(app-pages-browser)/./node_modules/.pnpm/posthog-js@1.309.1/node_modules/posthog-js/dist/module.js:22:114822) @ webpack-internal:///(app-pages-browser)/./node_modules/.pnpm/next@15.2.6_react-dom@19.0.0_react@19.0.0__react@19.0.0/node_modules/next/dist/client/components/globals/intercept-console-error.js:49
[  142542ms] [WARNING] [PostHog.js] Enqueued failed request for retry in 3517 @ webpack-internal:///(app-pages-browser)/./node_modules/.pnpm/posthog-js@1.309.1/node_modules/posthog-js/dist/module.js:21
[  142551ms] [ERROR] Failed to load resource: net::ERR_CONNECTION_REFUSED @ http://localhost:3111/__nextjs_original-stack-frames:0
[  143528ms] [ERROR] Failed to load resource: net::ERR_CONNECTION_REFUSED @ http://localhost:3111/ingest/s/?retry_count=3&ip=0&_=1790129432698&ver=1.309.1&compression=gzip-js:0
[  143528ms] [ERROR] [PostHog.js] TypeError: Failed to fetch
    at method (webpack-internal:///(app-pages-browser)/./node_modules/.pnpm/posthog-js@1.309.1/node_modules/posthog-js/dist/module.js:22:71863)
    at eval (webpack-internal:///(app-pages-browser)/./node_modules/.pnpm/posthog-js@1.309.1/node_modules/posthog-js/dist/module.js:22:149004)
    at qo._send_request (webpack-internal:///(app-pages-browser)/./node_modules/.pnpm/posthog-js@1.309.1/node_modules/posthog-js/dist/module.js:22:149010)
    at go.retriableRequest (webpack-internal:///(app-pages-browser)/./node_modules/.pnpm/posthog-js@1.309.1/node_modules/posthog-js/dist/module.js:22:115497)
    at go.Lt (webpack-internal:///(app-pages-browser)/./node_modules/.pnpm/posthog-js@1.309.1/node_modules/posthog-js/dist/module.js:22:116384)
    at eval (webpack-internal:///(app-pages-browser)/./node_modules/.pnpm/posthog-js@1.309.1/node_modules/posthog-js/dist/module.js:22:116221) @ webpack-internal:///(app-pages-browser)/./node_modules/.pnpm/next@15.2.6_react-dom@19.0.0_react@19.0.0__react@19.0.0/node_modules/next/dist/client/components/globals/intercept-console-error.js:49
[  143528ms] [WARNING] [PostHog.js] Enqueued failed request for retry in 29725 @ webpack-internal:///(app-pages-browser)/./node_modules/.pnpm/posthog-js@1.309.1/node_modules/posthog-js/dist/module.js:21
[  143532ms] [ERROR] Failed to load resource: net::ERR_CONNECTION_REFUSED @ http://localhost:3111/ingest/s/?retry_count=1&ip=0&_=1790129432698&ver=1.309.1&compression=gzip-js:0
[  143533ms] [ERROR] [PostHog.js] TypeError: Failed to fetch
    at method (webpack-internal:///(app-pages-browser)/./node_modules/.pnpm/posthog-js@1.309.1/node_modules/posthog-js/dist/module.js:22:71863)
    at eval (webpack-internal:///(app-pages-browser)/./node_modules/.pnpm/posthog-js@1.309.1/node_modules/posthog-js/dist/module.js:22:149004)
    at qo._send_request (webpack-internal:///(app-pages-browser)/./node_modules/.pnpm/posthog-js@1.309.1/node_modules/posthog-js/dist/module.js:22:149010)
    at go.retriableRequest (webpack-internal:///(app-pages-browser)/./node_modules/.pnpm/posthog-js@1.309.1/node_modules/posthog-js/dist/module.js:22:115497)
    at go.Lt (webpack-internal:///(app-pages-browser)/./node_modules/.pnpm/posthog-js@1.309.1/node_modules/posthog-js/dist/module.js:22:116384)
    at eval (webpack-internal:///(app-pages-browser)/./node_modules/.pnpm/posthog-js@1.309.1/node_modules/posthog-js/dist/module.js:22:116221) @ webpack-internal:///(app-pages-browser)/./node_modules/.pnpm/next@15.2.6_react-dom@19.0.0_react@19.0.0__react@19.0.0/node_modules/next/dist/client/components/globals/intercept-console-error.js:49
[  143533ms] [WARNING] [PostHog.js] Enqueued failed request for retry in 7486 @ webpack-internal:///(app-pages-browser)/./node_modules/.pnpm/posthog-js@1.309.1/node_modules/posthog-js/dist/module.js:21
[  143538ms] [ERROR] Failed to load resource: net::ERR_CONNECTION_REFUSED @ http://localhost:3111/__nextjs_original-stack-frames:0
[  143541ms] [ERROR] Failed to load resource: net::ERR_CONNECTION_REFUSED @ http://localhost:3111/__nextjs_original-stack-frames:0
[  144555ms] [LOG] [PostHog.js] send "$snapshot" {uuid: 01a0cc07-6c7e-7dff-b75e-dd39d2af0abe, event: $snapshot, properties: Object, timestamp: Tue Sep 22 2026 22:10:33 GMT-0400 (Eastern Daylight Time)} @ webpack-internal:///(app-pages-browser)/./node_modules/.pnpm/posthog-js@1.309.1/node_modules/posthog-js/dist/module.js:21
[  146533ms] [ERROR] Failed to load resource: net::ERR_CONNECTION_REFUSED @ http://localhost:3111/ingest/s/?retry_count=5&ip=0&_=1790129435700&ver=1.309.1&compression=gzip-js:0
[  146533ms] [ERROR] [PostHog.js] TypeError: Failed to fetch
    at method (webpack-internal:///(app-pages-browser)/./node_modules/.pnpm/posthog-js@1.309.1/node_modules/posthog-js/dist/module.js:22:71863)
    at eval (webpack-internal:///(app-pages-browser)/./node_modules/.pnpm/posthog-js@1.309.1/node_modules/posthog-js/dist/module.js:22:149004)
    at qo._send_request (webpack-internal:///(app-pages-browser)/./node_modules/.pnpm/posthog-js@1.309.1/node_modules/posthog-js/dist/module.js:22:149010)
    at go.retriableRequest (webpack-internal:///(app-pages-browser)/./node_modules/.pnpm/posthog-js@1.309.1/node_modules/posthog-js/dist/module.js:22:115497)
    at go.Lt (webpack-internal:///(app-pages-browser)/./node_modules/.pnpm/posthog-js@1.309.1/node_modules/posthog-js/dist/module.js:22:116384)
    at eval (webpack-internal:///(app-pages-browser)/./node_modules/.pnpm/posthog-js@1.309.1/node_modules/posthog-js/dist/module.js:22:116221) @ webpack-internal:///(app-pages-browser)/./node_modules/.pnpm/next@15.2.6_react-dom@19.0.0_react@19.0.0__react@19.0.0/node_modules/next/dist/client/components/globals/intercept-console-error.js:49
[  146533ms] [WARNING] [PostHog.js] Enqueued failed request for retry in 75228 @ webpack-internal:///(app-pages-browser)/./node_modules/.pnpm/posthog-js@1.309.1/node_modules/posthog-js/dist/module.js:21
[  146534ms] [ERROR] Failed to load resource: net::ERR_CONNECTION_REFUSED @ http://localhost:3111/ingest/s/?retry_count=3&ip=0&_=1790129435702&ver=1.309.1&compression=gzip-js:0
[  146534ms] [ERROR] [PostHog.js] TypeError: Failed to fetch
    at method (webpack-internal:///(app-pages-browser)/./node_modules/.pnpm/posthog-js@1.309.1/node_modules/posthog-js/dist/module.js:22:71863)
    at eval (webpack-internal:///(app-pages-browser)/./node_modules/.pnpm/posthog-js@1.309.1/node_modules/posthog-js/dist/module.js:22:149004)
    at qo._send_request (webpack-internal:///(app-pages-browser)/./node_modules/.pnpm/posthog-js@1.309.1/node_modules/posthog-js/dist/module.js:22:149010)
    at go.retriableRequest (webpack-internal:///(app-pages-browser)/./node_modules/.pnpm/posthog-js@1.309.1/node_modules/posthog-js/dist/module.js:22:115497)
    at go.Lt (webpack-internal:///(app-pages-browser)/./node_modules/.pnpm/posthog-js@1.309.1/node_modules/posthog-js/dist/module.js:22:116384)
    at eval (webpack-internal:///(app-pages-browser)/./node_modules/.pnpm/posthog-js@1.309.1/node_modules/posthog-js/dist/module.js:22:116221) @ webpack-internal:///(app-pages-browser)/./node_modules/.pnpm/next@15.2.6_react-dom@19.0.0_react@19.0.0__react@19.0.0/node_modules/next/dist/client/components/globals/intercept-console-error.js:49
[  146534ms] [WARNING] [PostHog.js] Enqueued failed request for retry in 24940 @ webpack-internal:///(app-pages-browser)/./node_modules/.pnpm/posthog-js@1.309.1/node_modules/posthog-js/dist/module.js:21
[  146534ms] [ERROR] Failed to load resource: net::ERR_CONNECTION_REFUSED @ http://localhost:3111/ingest/s/?retry_count=2&ip=0&_=1790129435703&ver=1.309.1&compression=gzip-js:0
[  146534ms] [ERROR] [PostHog.js] TypeError: Failed to fetch
    at method (webpack-internal:///(app-pages-browser)/./node_modules/.pnpm/posthog-js@1.309.1/node_modules/posthog-js/dist/module.js:22:71863)
    at eval (webpack-internal:///(app-pages-browser)/./node_modules/.pnpm/posthog-js@1.309.1/node_modules/posthog-js/dist/module.js:22:149004)
    at qo._send_request (webpack-internal:///(app-pages-browser)/./node_modules/.pnpm/posthog-js@1.309.1/node_modules/posthog-js/dist/module.js:22:149010)
    at go.retriableRequest (webpack-internal:///(app-pages-browser)/./node_modules/.pnpm/posthog-js@1.309.1/node_modules/posthog-js/dist/module.js:22:115497)
    at go.Lt (webpack-internal:///(app-pages-browser)/./node_modules/.pnpm/posthog-js@1.309.1/node_modules/posthog-js/dist/module.js:22:116384)
    at eval (webpack-internal:///(app-pages-browser)/./node_modules/.pnpm/posthog-js@1.309.1/node_modules/posthog-js/dist/module.js:22:116221) @ webpack-internal:///(app-pages-browser)/./node_modules/.pnpm/next@15.2.6_react-dom@19.0.0_react@19.0.0__react@19.0.0/node_modules/next/dist/client/components/globals/intercept-console-error.js:49
[  146534ms] [WARNING] [PostHog.js] Enqueued failed request for retry in 9167 @ webpack-internal:///(app-pages-browser)/./node_modules/.pnpm/posthog-js@1.309.1/node_modules/posthog-js/dist/module.js:21
[  146534ms] [ERROR] Failed to load resource: net::ERR_CONNECTION_REFUSED @ http://localhost:3111/ingest/s/?retry_count=1&ip=0&_=1790129435703&ver=1.309.1&compression=gzip-js:0
[  146534ms] [ERROR] [PostHog.js] TypeError: Failed to fetch
    at method (webpack-internal:///(app-pages-browser)/./node_modules/.pnpm/posthog-js@1.309.1/node_modules/posthog-js/dist/module.js:22:71863)
    at eval (webpack-internal:///(app-pages-browser)/./node_modules/.pnpm/posthog-js@1.309.1/node_modules/posthog-js/dist/module.js:22:149004)
    at qo._send_request (webpack-internal:///(app-pages-browser)/./node_modules/.pnpm/posthog-js@1.309.1/node_modules/posthog-js/dist/module.js:22:149010)
    at go.retriableRequest (webpack-internal:///(app-pages-browser)/./node_modules/.pnpm/posthog-js@1.309.1/node_modules/posthog-js/dist/module.js:22:115497)
    at go.Lt (webpack-internal:///(app-pages-browser)/./node_modules/.pnpm/posthog-js@1.309.1/node_modules/posthog-js/dist/module.js:22:116384)
    at eval (webpack-internal:///(app-pages-browser)/./node_modules/.pnpm/posthog-js@1.309.1/node_modules/posthog-js/dist/module.js:22:116221) @ webpack-internal:///(app-pages-browser)/./node_modules/.pnpm/next@15.2.6_react-dom@19.0.0_react@19.0.0__react@19.0.0/node_modules/next/dist/client/components/globals/intercept-console-error.js:49
[  146534ms] [WARNING] [PostHog.js] Enqueued failed request for retry in 5425 @ webpack-internal:///(app-pages-browser)/./node_modules/.pnpm/posthog-js@1.309.1/node_modules/posthog-js/dist/module.js:21
[  146541ms] [ERROR] Failed to load resource: net::ERR_CONNECTION_REFUSED @ http://localhost:3111/__nextjs_original-stack-frames:0
[  147559ms] [ERROR] Failed to load resource: net::ERR_CONNECTION_REFUSED @ http://localhost:3111/ingest/s/?ip=0&_=1790129436727&ver=1.309.1&compression=gzip-js:0
[  147560ms] [ERROR] [PostHog.js] TypeError: Failed to fetch
    at method (webpack-internal:///(app-pages-browser)/./node_modules/.pnpm/posthog-js@1.309.1/node_modules/posthog-js/dist/module.js:22:71863)
    at eval (webpack-internal:///(app-pages-browser)/./node_modules/.pnpm/posthog-js@1.309.1/node_modules/posthog-js/dist/module.js:22:149004)
    at qo._send_request (webpack-internal:///(app-pages-browser)/./node_modules/.pnpm/posthog-js@1.309.1/node_modules/posthog-js/dist/module.js:22:149010)
    at go.retriableRequest (webpack-internal:///(app-pages-browser)/./node_modules/.pnpm/posthog-js@1.309.1/node_modules/posthog-js/dist/module.js:22:115497)
    at qo.Br (webpack-internal:///(app-pages-browser)/./node_modules/.pnpm/posthog-js@1.309.1/node_modules/posthog-js/dist/module.js:22:149216)
    at fo.eval [as xe] (webpack-internal:///(app-pages-browser)/./node_modules/.pnpm/posthog-js@1.309.1/node_modules/posthog-js/dist/module.js:22:142058)
    at e (webpack-internal:///(app-pages-browser)/./node_modules/.pnpm/posthog-js@1.309.1/node_modules/posthog-js/dist/module.js:22:114800)
    at eval (webpack-internal:///(app-pages-browser)/./node_modules/.pnpm/posthog-js@1.309.1/node_modules/posthog-js/dist/module.js:22:114822) @ webpack-internal:///(app-pages-browser)/./node_modules/.pnpm/next@15.2.6_react-dom@19.0.0_react@19.0.0__react@19.0.0/node_modules/next/dist/client/components/globals/intercept-console-error.js:49
[  147560ms] [WARNING] [PostHog.js] Enqueued failed request for retry in 2909 @ webpack-internal:///(app-pages-browser)/./node_modules/.pnpm/posthog-js@1.309.1/node_modules/posthog-js/dist/module.js:21
[  147567ms] [ERROR] Failed to load resource: net::ERR_CONNECTION_REFUSED @ http://localhost:3111/__nextjs_original-stack-frames:0
[  148545ms] [LOG] [PostHog.js] send "$snapshot" {uuid: 01a0cc07-7c14-7190-acb4-6bc0ecb1ddc5, event: $snapshot, properties: Object, timestamp: Tue Sep 22 2026 22:10:37 GMT-0400 (Eastern Daylight Time)} @ webpack-internal:///(app-pages-browser)/./node_modules/.pnpm/posthog-js@1.309.1/node_modules/posthog-js/dist/module.js:21
[  149538ms] [ERROR] Failed to load resource: net::ERR_CONNECTION_REFUSED @ http://localhost:3111/ingest/s/?retry_count=5&ip=0&_=1790129438706&ver=1.309.1&compression=gzip-js:0
[  149538ms] [ERROR] [PostHog.js] TypeError: Failed to fetch
    at method (webpack-internal:///(app-pages-browser)/./node_modules/.pnpm/posthog-js@1.309.1/node_modules/posthog-js/dist/module.js:22:71863)
    at eval (webpack-internal:///(app-pages-browser)/./node_modules/.pnpm/posthog-js@1.309.1/node_modules/posthog-js/dist/module.js:22:149004)
    at qo._send_request (webpack-internal:///(app-pages-browser)/./node_modules/.pnpm/posthog-js@1.309.1/node_modules/posthog-js/dist/module.js:22:149010)
    at go.retriableRequest (webpack-internal:///(app-pages-browser)/./node_modules/.pnpm/posthog-js@1.309.1/node_modules/posthog-js/dist/module.js:22:115497)
    at go.Lt (webpack-internal:///(app-pages-browser)/./node_modules/.pnpm/posthog-js@1.309.1/node_modules/posthog-js/dist/module.js:22:116384)
    at eval (webpack-internal:///(app-pages-browser)/./node_modules/.pnpm/posthog-js@1.309.1/node_modules/posthog-js/dist/module.js:22:116221) @ webpack-internal:///(app-pages-browser)/./node_modules/.pnpm/next@15.2.6_react-dom@19.0.0_react@19.0.0__react@19.0.0/node_modules/next/dist/client/components/globals/intercept-console-error.js:49
[  149538ms] [WARNING] [PostHog.js] Enqueued failed request for retry in 108656 @ webpack-internal:///(app-pages-browser)/./node_modules/.pnpm/posthog-js@1.309.1/node_modules/posthog-js/dist/module.js:21
[  149538ms] [ERROR] Failed to load resource: net::ERR_CONNECTION_REFUSED @ http://localhost:3111/ingest/s/?retry_count=4&ip=0&_=1790129438707&ver=1.309.1&compression=gzip-js:0
[  149538ms] [ERROR] [PostHog.js] TypeError: Failed to fetch
    at method (webpack-internal:///(app-pages-browser)/./node_modules/.pnpm/posthog-js@1.309.1/node_modules/posthog-js/dist/module.js:22:71863)
    at eval (webpack-internal:///(app-pages-browser)/./node_modules/.pnpm/posthog-js@1.309.1/node_modules/posthog-js/dist/module.js:22:149004)
    at qo._send_request (webpack-internal:///(app-pages-browser)/./node_modules/.pnpm/posthog-js@1.309.1/node_modules/posthog-js/dist/module.js:22:149010)
    at go.retriableRequest (webpack-internal:///(app-pages-browser)/./node_modules/.pnpm/posthog-js@1.309.1/node_modules/posthog-js/dist/module.js:22:115497)
    at go.Lt (webpack-internal:///(app-pages-browser)/./node_modules/.pnpm/posthog-js@1.309.1/node_modules/posthog-js/dist/module.js:22:116384)
    at eval (webpack-internal:///(app-pages-browser)/./node_modules/.pnpm/posthog-js@1.309.1/node_modules/posthog-js/dist/module.js:22:116221) @ webpack-internal:///(app-pages-browser)/./node_modules/.pnpm/next@15.2.6_react-dom@19.0.0_react@19.0.0__react@19.0.0/node_modules/next/dist/client/components/globals/intercept-console-error.js:49
[  149538ms] [WARNING] [PostHog.js] Enqueued failed request for retry in 46111 @ webpack-internal:///(app-pages-browser)/./node_modules/.pnpm/posthog-js@1.309.1/node_modules/posthog-js/dist/module.js:21
[  149538ms] [ERROR] Failed to load resource: net::ERR_CONNECTION_REFUSED @ http://localhost:3111/ingest/s/?retry_count=4&ip=0&_=1790129438708&ver=1.309.1&compression=gzip-js:0
[  149538ms] [ERROR] [PostHog.js] TypeError: Failed to fetch
    at method (webpack-internal:///(app-pages-browser)/./node_modules/.pnpm/posthog-js@1.309.1/node_modules/posthog-js/dist/module.js:22:71863)
    at eval (webpack-internal:///(app-pages-browser)/./node_modules/.pnpm/posthog-js@1.309.1/node_modules/posthog-js/dist/module.js:22:149004)
    at qo._send_request (webpack-internal:///(app-pages-browser)/./node_modules/.pnpm/posthog-js@1.309.1/node_modules/posthog-js/dist/module.js:22:149010)
    at go.retriableRequest (webpack-internal:///(app-pages-browser)/./node_modules/.pnpm/posthog-js@1.309.1/node_modules/posthog-js/dist/module.js:22:115497)
    at go.Lt (webpack-internal:///(app-pages-browser)/./node_modules/.pnpm/posthog-js@1.309.1/node_modules/posthog-js/dist/module.js:22:116384)
    at eval (webpack-internal:///(app-pages-browser)/./node_modules/.pnpm/posthog-js@1.309.1/node_modules/posthog-js/dist/module.js:22:116221) @ webpack-internal:///(app-pages-browser)/./node_modules/.pnpm/next@15.2.6_react-dom@19.0.0_react@19.0.0__react@19.0.0/node_modules/next/dist/client/components/globals/intercept-console-error.js:49
[  149538ms] [WARNING] [PostHog.js] Enqueued failed request for retry in 40067 @ webpack-internal:///(app-pages-browser)/./node_modules/.pnpm/posthog-js@1.309.1/node_modules/posthog-js/dist/module.js:21
[  149546ms] [ERROR] Failed to load resource: net::ERR_CONNECTION_REFUSED @ http://localhost:3111/__nextjs_original-stack-frames:0
[  151551ms] [ERROR] Failed to load resource: net::ERR_CONNECTION_REFUSED @ http://localhost:3111/ingest/s/?ip=0&_=1790129440718&ver=1.309.1&compression=gzip-js:0
[  151551ms] [ERROR] [PostHog.js] TypeError: Failed to fetch
    at method (webpack-internal:///(app-pages-browser)/./node_modules/.pnpm/posthog-js@1.309.1/node_modules/posthog-js/dist/module.js:22:71863)
    at eval (webpack-internal:///(app-pages-browser)/./node_modules/.pnpm/posthog-js@1.309.1/node_modules/posthog-js/dist/module.js:22:149004)
    at qo._send_request (webpack-internal:///(app-pages-browser)/./node_modules/.pnpm/posthog-js@1.309.1/node_modules/posthog-js/dist/module.js:22:149010)
    at go.retriableRequest (webpack-internal:///(app-pages-browser)/./node_modules/.pnpm/posthog-js@1.309.1/node_modules/posthog-js/dist/module.js:22:115497)
    at qo.Br (webpack-internal:///(app-pages-browser)/./node_modules/.pnpm/posthog-js@1.309.1/node_modules/posthog-js/dist/module.js:22:149216)
    at fo.eval [as xe] (webpack-internal:///(app-pages-browser)/./node_modules/.pnpm/posthog-js@1.309.1/node_modules/posthog-js/dist/module.js:22:142058)
    at e (webpack-internal:///(app-pages-browser)/./node_modules/.pnpm/posthog-js@1.309.1/node_modules/posthog-js/dist/module.js:22:114800)
    at eval (webpack-internal:///(app-pages-browser)/./node_modules/.pnpm/posthog-js@1.309.1/node_modules/posthog-js/dist/module.js:22:114822) @ webpack-internal:///(app-pages-browser)/./node_modules/.pnpm/next@15.2.6_react-dom@19.0.0_react@19.0.0__react@19.0.0/node_modules/next/dist/client/components/globals/intercept-console-error.js:49
[  151552ms] [WARNING] [PostHog.js] Enqueued failed request for retry in 3164 @ webpack-internal:///(app-pages-browser)/./node_modules/.pnpm/posthog-js@1.309.1/node_modules/posthog-js/dist/module.js:21
[  151552ms] [LOG] [PostHog.js] send "$snapshot" {uuid: 01a0cc07-87d4-72bd-b492-f1fc72ea4410, event: $snapshot, properties: Object, timestamp: Tue Sep 22 2026 22:10:40 GMT-0400 (Eastern Daylight Time)} @ webpack-internal:///(app-pages-browser)/./node_modules/.pnpm/posthog-js@1.309.1/node_modules/posthog-js/dist/module.js:21
[  151561ms] [ERROR] Failed to load resource: net::ERR_CONNECTION_REFUSED @ http://localhost:3111/__nextjs_original-stack-frames:0
[  152542ms] [ERROR] Failed to load resource: net::ERR_CONNECTION_REFUSED @ http://localhost:3111/ingest/s/?retry_count=5&ip=0&_=1790129441710&ver=1.309.1&compression=gzip-js:0
[  152543ms] [ERROR] [PostHog.js] TypeError: Failed to fetch
    at method (webpack-internal:///(app-pages-browser)/./node_modules/.pnpm/posthog-js@1.309.1/node_modules/posthog-js/dist/module.js:22:71863)
    at eval (webpack-internal:///(app-pages-browser)/./node_modules/.pnpm/posthog-js@1.309.1/node_modules/posthog-js/dist/module.js:22:149004)
    at qo._send_request (webpack-internal:///(app-pages-browser)/./node_modules/.pnpm/posthog-js@1.309.1/node_modules/posthog-js/dist/module.js:22:149010)
    at go.retriableRequest (webpack-internal:///(app-pages-browser)/./node_modules/.pnpm/posthog-js@1.309.1/node_modules/posthog-js/dist/module.js:22:115497)
    at go.Lt (webpack-internal:///(app-pages-browser)/./node_modules/.pnpm/posthog-js@1.309.1/node_modules/posthog-js/dist/module.js:22:116384)
    at eval (webpack-internal:///(app-pages-browser)/./node_modules/.pnpm/posthog-js@1.309.1/node_modules/posthog-js/dist/module.js:22:116221) @ webpack-internal:///(app-pages-browser)/./node_modules/.pnpm/next@15.2.6_react-dom@19.0.0_react@19.0.0__react@19.0.0/node_modules/next/dist/client/components/globals/intercept-console-error.js:49
[  152543ms] [WARNING] [PostHog.js] Enqueued failed request for retry in 108589 @ webpack-internal:///(app-pages-browser)/./node_modules/.pnpm/posthog-js@1.309.1/node_modules/posthog-js/dist/module.js:21
[  152543ms] [ERROR] Failed to load resource: net::ERR_CONNECTION_REFUSED @ http://localhost:3111/ingest/s/?retry_count=3&ip=0&_=1790129441711&ver=1.309.1&compression=gzip-js:0
[  152543ms] [ERROR] [PostHog.js] TypeError: Failed to fetch
    at method (webpack-internal:///(app-pages-browser)/./node_modules/.pnpm/posthog-js@1.309.1/node_modules/posthog-js/dist/module.js:22:71863)
    at eval (webpack-internal:///(app-pages-browser)/./node_modules/.pnpm/posthog-js@1.309.1/node_modules/posthog-js/dist/module.js:22:149004)
    at qo._send_request (webpack-internal:///(app-pages-browser)/./node_modules/.pnpm/posthog-js@1.309.1/node_modules/posthog-js/dist/module.js:22:149010)
    at go.retriableRequest (webpack-internal:///(app-pages-browser)/./node_modules/.pnpm/posthog-js@1.309.1/node_modules/posthog-js/dist/module.js:22:115497)
    at go.Lt (webpack-internal:///(app-pages-browser)/./node_modules/.pnpm/posthog-js@1.309.1/node_modules/posthog-js/dist/module.js:22:116384)
    at eval (webpack-internal:///(app-pages-browser)/./node_modules/.pnpm/posthog-js@1.309.1/node_modules/posthog-js/dist/module.js:22:116221) @ webpack-internal:///(app-pages-browser)/./node_modules/.pnpm/next@15.2.6_react-dom@19.0.0_react@19.0.0__react@19.0.0/node_modules/next/dist/client/components/globals/intercept-console-error.js:49
[  152543ms] [WARNING] [PostHog.js] Enqueued failed request for retry in 21001 @ webpack-internal:///(app-pages-browser)/./node_modules/.pnpm/posthog-js@1.309.1/node_modules/posthog-js/dist/module.js:21
[  152544ms] [ERROR] Failed to load resource: net::ERR_CONNECTION_REFUSED @ http://localhost:3111/ingest/s/?retry_count=2&ip=0&_=1790129441712&ver=1.309.1&compression=gzip-js:0
[  152544ms] [ERROR] [PostHog.js] TypeError: Failed to fetch
    at method (webpack-internal:///(app-pages-browser)/./node_modules/.pnpm/posthog-js@1.309.1/node_modules/posthog-js/dist/module.js:22:71863)
    at eval (webpack-internal:///(app-pages-browser)/./node_modules/.pnpm/posthog-js@1.309.1/node_modules/posthog-js/dist/module.js:22:149004)
    at qo._send_request (webpack-internal:///(app-pages-browser)/./node_modules/.pnpm/posthog-js@1.309.1/node_modules/posthog-js/dist/module.js:22:149010)
    at go.retriableRequest (webpack-internal:///(app-pages-browser)/./node_modules/.pnpm/posthog-js@1.309.1/node_modules/posthog-js/dist/module.js:22:115497)
    at go.Lt (webpack-internal:///(app-pages-browser)/./node_modules/.pnpm/posthog-js@1.309.1/node_modules/posthog-js/dist/module.js:22:116384)
    at eval (webpack-internal:///(app-pages-browser)/./node_modules/.pnpm/posthog-js@1.309.1/node_modules/posthog-js/dist/module.js:22:116221) @ webpack-internal:///(app-pages-browser)/./node_modules/.pnpm/next@15.2.6_react-dom@19.0.0_react@19.0.0__react@19.0.0/node_modules/next/dist/client/components/globals/intercept-console-error.js:49
[  152544ms] [WARNING] [PostHog.js] Enqueued failed request for retry in 12417 @ webpack-internal:///(app-pages-browser)/./node_modules/.pnpm/posthog-js@1.309.1/node_modules/posthog-js/dist/module.js:21
[  152544ms] [ERROR] Failed to load resource: net::ERR_CONNECTION_REFUSED @ http://localhost:3111/ingest/s/?retry_count=2&ip=0&_=1790129441712&ver=1.309.1&compression=gzip-js:0
[  152544ms] [ERROR] [PostHog.js] TypeError: Failed to fetch
    at method (webpack-internal:///(app-pages-browser)/./node_modules/.pnpm/posthog-js@1.309.1/node_modules/posthog-js/dist/module.js:22:71863)
    at eval (webpack-internal:///(app-pages-browser)/./node_modules/.pnpm/posthog-js@1.309.1/node_modules/posthog-js/dist/module.js:22:149004)
    at qo._send_request (webpack-internal:///(app-pages-browser)/./node_modules/.pnpm/posthog-js@1.309.1/node_modules/posthog-js/dist/module.js:22:149010)
    at go.retriableRequest (webpack-internal:///(app-pages-browser)/./node_modules/.pnpm/posthog-js@1.309.1/node_modules/posthog-js/dist/module.js:22:115497)
    at go.Lt (webpack-internal:///(app-pages-browser)/./node_modules/.pnpm/posthog-js@1.309.1/node_modules/posthog-js/dist/module.js:22:116384)
    at eval (webpack-internal:///(app-pages-browser)/./node_modules/.pnpm/posthog-js@1.309.1/node_modules/posthog-js/dist/module.js:22:116221) @ webpack-internal:///(app-pages-browser)/./node_modules/.pnpm/next@15.2.6_react-dom@19.0.0_react@19.0.0__react@19.0.0/node_modules/next/dist/client/components/globals/intercept-console-error.js:49
[  152544ms] [WARNING] [PostHog.js] Enqueued failed request for retry in 10551 @ webpack-internal:///(app-pages-browser)/./node_modules/.pnpm/posthog-js@1.309.1/node_modules/posthog-js/dist/module.js:21
[  152544ms] [ERROR] Failed to load resource: net::ERR_CONNECTION_REFUSED @ http://localhost:3111/ingest/s/?retry_count=1&ip=0&_=1790129441713&ver=1.309.1&compression=gzip-js:0
[  152544ms] [ERROR] [PostHog.js] TypeError: Failed to fetch
    at method (webpack-internal:///(app-pages-browser)/./node_modules/.pnpm/posthog-js@1.309.1/node_modules/posthog-js/dist/module.js:22:71863)
    at eval (webpack-internal:///(app-pages-browser)/./node_modules/.pnpm/posthog-js@1.309.1/node_modules/posthog-js/dist/module.js:22:149004)
    at qo._send_request (webpack-internal:///(app-pages-browser)/./node_modules/.pnpm/posthog-js@1.309.1/node_modules/posthog-js/dist/module.js:22:149010)
    at go.retriableRequest (webpack-internal:///(app-pages-browser)/./node_modules/.pnpm/posthog-js@1.309.1/node_modules/posthog-js/dist/module.js:22:115497)
    at go.Lt (webpack-internal:///(app-pages-browser)/./node_modules/.pnpm/posthog-js@1.309.1/node_modules/posthog-js/dist/module.js:22:116384)
    at eval (webpack-internal:///(app-pages-browser)/./node_modules/.pnpm/posthog-js@1.309.1/node_modules/posthog-js/dist/module.js:22:116221) @ webpack-internal:///(app-pages-browser)/./node_modules/.pnpm/next@15.2.6_react-dom@19.0.0_react@19.0.0__react@19.0.0/node_modules/next/dist/client/components/globals/intercept-console-error.js:49
[  152544ms] [WARNING] [PostHog.js] Enqueued failed request for retry in 6372 @ webpack-internal:///(app-pages-browser)/./node_modules/.pnpm/posthog-js@1.309.1/node_modules/posthog-js/dist/module.js:21
[  152552ms] [ERROR] Failed to load resource: net::ERR_CONNECTION_REFUSED @ http://localhost:3111/__nextjs_original-stack-frames:0
[  153568ms] [LOG] [PostHog.js] send "$snapshot" {uuid: 01a0cc07-8fb3-73e7-b51d-cc5a3f2e73d7, event: $snapshot, properties: Object, timestamp: Tue Sep 22 2026 22:10:42 GMT-0400 (Eastern Daylight Time)} @ webpack-internal:///(app-pages-browser)/./node_modules/.pnpm/posthog-js@1.309.1/node_modules/posthog-js/dist/module.js:21
[  154555ms] [ERROR] Failed to load resource: net::ERR_CONNECTION_REFUSED @ http://localhost:3111/ingest/s/?ip=0&_=1790129443724&ver=1.309.1&compression=gzip-js:0
[  154555ms] [ERROR] [PostHog.js] TypeError: Failed to fetch
    at method (webpack-internal:///(app-pages-browser)/./node_modules/.pnpm/posthog-js@1.309.1/node_modules/posthog-js/dist/module.js:22:71863)
    at eval (webpack-internal:///(app-pages-browser)/./node_modules/.pnpm/posthog-js@1.309.1/node_modules/posthog-js/dist/module.js:22:149004)
    at qo._send_request (webpack-internal:///(app-pages-browser)/./node_modules/.pnpm/posthog-js@1.309.1/node_modules/posthog-js/dist/module.js:22:149010)
    at go.retriableRequest (webpack-internal:///(app-pages-browser)/./node_modules/.pnpm/posthog-js@1.309.1/node_modules/posthog-js/dist/module.js:22:115497)
    at qo.Br (webpack-internal:///(app-pages-browser)/./node_modules/.pnpm/posthog-js@1.309.1/node_modules/posthog-js/dist/module.js:22:149216)
    at fo.eval [as xe] (webpack-internal:///(app-pages-browser)/./node_modules/.pnpm/posthog-js@1.309.1/node_modules/posthog-js/dist/module.js:22:142058)
    at e (webpack-internal:///(app-pages-browser)/./node_modules/.pnpm/posthog-js@1.309.1/node_modules/posthog-js/dist/module.js:22:114800)
    at eval (webpack-internal:///(app-pages-browser)/./node_modules/.pnpm/posthog-js@1.309.1/node_modules/posthog-js/dist/module.js:22:114822) @ webpack-internal:///(app-pages-browser)/./node_modules/.pnpm/next@15.2.6_react-dom@19.0.0_react@19.0.0__react@19.0.0/node_modules/next/dist/client/components/globals/intercept-console-error.js:49
[  154555ms] [WARNING] [PostHog.js] Enqueued failed request for retry in 2408 @ webpack-internal:///(app-pages-browser)/./node_modules/.pnpm/posthog-js@1.309.1/node_modules/posthog-js/dist/module.js:21
[  154563ms] [ERROR] Failed to load resource: net::ERR_CONNECTION_REFUSED @ http://localhost:3111/__nextjs_original-stack-frames:0
[  155546ms] [ERROR] Failed to load resource: net::ERR_CONNECTION_REFUSED @ http://localhost:3111/ingest/s/?retry_count=4&ip=0&_=1790129444715&ver=1.309.1&compression=gzip-js:0
[  155546ms] [ERROR] [PostHog.js] TypeError: Failed to fetch
    at method (webpack-internal:///(app-pages-browser)/./node_modules/.pnpm/posthog-js@1.309.1/node_modules/posthog-js/dist/module.js:22:71863)
    at eval (webpack-internal:///(app-pages-browser)/./node_modules/.pnpm/posthog-js@1.309.1/node_modules/posthog-js/dist/module.js:22:149004)
    at qo._send_request (webpack-internal:///(app-pages-browser)/./node_modules/.pnpm/posthog-js@1.309.1/node_modules/posthog-js/dist/module.js:22:149010)
    at go.retriableRequest (webpack-internal:///(app-pages-browser)/./node_modules/.pnpm/posthog-js@1.309.1/node_modules/posthog-js/dist/module.js:22:115497)
    at go.Lt (webpack-internal:///(app-pages-browser)/./node_modules/.pnpm/posthog-js@1.309.1/node_modules/posthog-js/dist/module.js:22:116384)
    at eval (webpack-internal:///(app-pages-browser)/./node_modules/.pnpm/posthog-js@1.309.1/node_modules/posthog-js/dist/module.js:22:116221) @ webpack-internal:///(app-pages-browser)/./node_modules/.pnpm/next@15.2.6_react-dom@19.0.0_react@19.0.0__react@19.0.0/node_modules/next/dist/client/components/globals/intercept-console-error.js:49
[  155546ms] [WARNING] [PostHog.js] Enqueued failed request for retry in 54718 @ webpack-internal:///(app-pages-browser)/./node_modules/.pnpm/posthog-js@1.309.1/node_modules/posthog-js/dist/module.js:21
[  155546ms] [ERROR] Failed to load resource: net::ERR_CONNECTION_REFUSED @ http://localhost:3111/ingest/s/?retry_count=3&ip=0&_=1790129444716&ver=1.309.1&compression=gzip-js:0
[  155546ms] [ERROR] [PostHog.js] TypeError: Failed to fetch
    at method (webpack-internal:///(app-pages-browser)/./node_modules/.pnpm/posthog-js@1.309.1/node_modules/posthog-js/dist/module.js:22:71863)
    at eval (webpack-internal:///(app-pages-browser)/./node_modules/.pnpm/posthog-js@1.309.1/node_modules/posthog-js/dist/module.js:22:149004)
    at qo._send_request (webpack-internal:///(app-pages-browser)/./node_modules/.pnpm/posthog-js@1.309.1/node_modules/posthog-js/dist/module.js:22:149010)
    at go.retriableRequest (webpack-internal:///(app-pages-browser)/./node_modules/.pnpm/posthog-js@1.309.1/node_modules/posthog-js/dist/module.js:22:115497)
    at go.Lt (webpack-internal:///(app-pages-browser)/./node_modules/.pnpm/posthog-js@1.309.1/node_modules/posthog-js/dist/module.js:22:116384)
    at eval (webpack-internal:///(app-pages-browser)/./node_modules/.pnpm/posthog-js@1.309.1/node_modules/posthog-js/dist/module.js:22:116221) @ webpack-internal:///(app-pages-browser)/./node_modules/.pnpm/next@15.2.6_react-dom@19.0.0_react@19.0.0__react@19.0.0/node_modules/next/dist/client/components/globals/intercept-console-error.js:49
[  155546ms] [WARNING] [PostHog.js] Enqueued failed request for retry in 23835 @ webpack-internal:///(app-pages-browser)/./node_modules/.pnpm/posthog-js@1.309.1/node_modules/posthog-js/dist/module.js:21
[  155547ms] [ERROR] Failed to load resource: net::ERR_CONNECTION_REFUSED @ http://localhost:3111/ingest/s/?retry_count=1&ip=0&_=1790129444717&ver=1.309.1&compression=gzip-js:0
[  155547ms] [ERROR] [PostHog.js] TypeError: Failed to fetch
    at method (webpack-internal:///(app-pages-browser)/./node_modules/.pnpm/posthog-js@1.309.1/node_modules/posthog-js/dist/module.js:22:71863)
    at eval (webpack-internal:///(app-pages-browser)/./node_modules/.pnpm/posthog-js@1.309.1/node_modules/posthog-js/dist/module.js:22:149004)
    at qo._send_request (webpack-internal:///(app-pages-browser)/./node_modules/.pnpm/posthog-js@1.309.1/node_modules/posthog-js/dist/module.js:22:149010)
    at go.retriableRequest (webpack-internal:///(app-pages-browser)/./node_modules/.pnpm/posthog-js@1.309.1/node_modules/posthog-js/dist/module.js:22:115497)
    at go.Lt (webpack-internal:///(app-pages-browser)/./node_modules/.pnpm/posthog-js@1.309.1/node_modules/posthog-js/dist/module.js:22:116384)
    at eval (webpack-internal:///(app-pages-browser)/./node_modules/.pnpm/posthog-js@1.309.1/node_modules/posthog-js/dist/module.js:22:116221) @ webpack-internal:///(app-pages-browser)/./node_modules/.pnpm/next@15.2.6_react-dom@19.0.0_react@19.0.0__react@19.0.0/node_modules/next/dist/client/components/globals/intercept-console-error.js:49
[  155547ms] [WARNING] [PostHog.js] Enqueued failed request for retry in 6906 @ webpack-internal:///(app-pages-browser)/./node_modules/.pnpm/posthog-js@1.309.1/node_modules/posthog-js/dist/module.js:21
[  155553ms] [ERROR] Failed to load resource: net::ERR_CONNECTION_REFUSED @ http://localhost:3111/__nextjs_original-stack-frames:0
[  156570ms] [LOG] [PostHog.js] send "$snapshot" {uuid: 01a0cc07-9b6e-7a22-92a9-7f0396401f7e, event: $snapshot, properties: Object, timestamp: Tue Sep 22 2026 22:10:45 GMT-0400 (Eastern Daylight Time)} @ webpack-internal:///(app-pages-browser)/./node_modules/.pnpm/posthog-js@1.309.1/node_modules/posthog-js/dist/module.js:21
[  158554ms] [ERROR] Failed to load resource: net::ERR_CONNECTION_REFUSED @ http://localhost:3111/ingest/s/?retry_count=5&ip=0&_=1790129447719&ver=1.309.1&compression=gzip-js:0
[  158554ms] [ERROR] [PostHog.js] TypeError: Failed to fetch
    at method (webpack-internal:///(app-pages-browser)/./node_modules/.pnpm/posthog-js@1.309.1/node_modules/posthog-js/dist/module.js:22:71863)
    at eval (webpack-internal:///(app-pages-browser)/./node_modules/.pnpm/posthog-js@1.309.1/node_modules/posthog-js/dist/module.js:22:149004)
    at qo._send_request (webpack-internal:///(app-pages-browser)/./node_modules/.pnpm/posthog-js@1.309.1/node_modules/posthog-js/dist/module.js:22:149010)
    at go.retriableRequest (webpack-internal:///(app-pages-browser)/./node_modules/.pnpm/posthog-js@1.309.1/node_modules/posthog-js/dist/module.js:22:115497)
    at go.Lt (webpack-internal:///(app-pages-browser)/./node_modules/.pnpm/posthog-js@1.309.1/node_modules/posthog-js/dist/module.js:22:116384)
    at eval (webpack-internal:///(app-pages-browser)/./node_modules/.pnpm/posthog-js@1.309.1/node_modules/posthog-js/dist/module.js:22:116221) @ webpack-internal:///(app-pages-browser)/./node_modules/.pnpm/next@15.2.6_react-dom@19.0.0_react@19.0.0__react@19.0.0/node_modules/next/dist/client/components/globals/intercept-console-error.js:49
[  158554ms] [WARNING] [PostHog.js] Enqueued failed request for retry in 74237 @ webpack-internal:///(app-pages-browser)/./node_modules/.pnpm/posthog-js@1.309.1/node_modules/posthog-js/dist/module.js:21
[  158554ms] [ERROR] Failed to load resource: net::ERR_CONNECTION_REFUSED @ http://localhost:3111/ingest/s/?retry_count=5&ip=0&_=1790129447721&ver=1.309.1&compression=gzip-js:0
[  158554ms] [ERROR] [PostHog.js] TypeError: Failed to fetch
    at method (webpack-internal:///(app-pages-browser)/./node_modules/.pnpm/posthog-js@1.309.1/node_modules/posthog-js/dist/module.js:22:71863)
    at eval (webpack-internal:///(app-pages-browser)/./node_modules/.pnpm/posthog-js@1.309.1/node_modules/posthog-js/dist/module.js:22:149004)
    at qo._send_request (webpack-internal:///(app-pages-browser)/./node_modules/.pnpm/posthog-js@1.309.1/node_modules/posthog-js/dist/module.js:22:149010)
    at go.retriableRequest (webpack-internal:///(app-pages-browser)/./node_modules/.pnpm/posthog-js@1.309.1/node_modules/posthog-js/dist/module.js:22:115497)
    at go.Lt (webpack-internal:///(app-pages-browser)/./node_modules/.pnpm/posthog-js@1.309.1/node_modules/posthog-js/dist/module.js:22:116384)
    at eval (webpack-internal:///(app-pages-browser)/./node_modules/.pnpm/posthog-js@1.309.1/node_modules/posthog-js/dist/module.js:22:116221) @ webpack-internal:///(app-pages-browser)/./node_modules/.pnpm/next@15.2.6_react-dom@19.0.0_react@19.0.0__react@19.0.0/node_modules/next/dist/client/components/globals/intercept-console-error.js:49
[  158554ms] [WARNING] [PostHog.js] Enqueued failed request for retry in 108856 @ webpack-internal:///(app-pages-browser)/./node_modules/.pnpm/posthog-js@1.309.1/node_modules/posthog-js/dist/module.js:21
[  158554ms] [ERROR] Failed to load resource: net::ERR_CONNECTION_REFUSED @ http://localhost:3111/ingest/s/?retry_count=5&ip=0&_=1790129447722&ver=1.309.1&compression=gzip-js:0
[  158554ms] [ERROR] [PostHog.js] TypeError: Failed to fetch
    at method (webpack-internal:///(app-pages-browser)/./node_modules/.pnpm/posthog-js@1.309.1/node_modules/posthog-js/dist/module.js:22:71863)
    at eval (webpack-internal:///(app-pages-browser)/./node_modules/.pnpm/posthog-js@1.309.1/node_modules/posthog-js/dist/module.js:22:149004)
    at qo._send_request (webpack-internal:///(app-pages-browser)/./node_modules/.pnpm/posthog-js@1.309.1/node_modules/posthog-js/dist/module.js:22:149010)
    at go.retriableRequest (webpack-internal:///(app-pages-browser)/./node_modules/.pnpm/posthog-js@1.309.1/node_modules/posthog-js/dist/module.js:22:115497)
    at go.Lt (webpack-internal:///(app-pages-browser)/./node_modules/.pnpm/posthog-js@1.309.1/node_modules/posthog-js/dist/module.js:22:116384)
    at eval (webpack-internal:///(app-pages-browser)/./node_modules/.pnpm/posthog-js@1.309.1/node_modules/posthog-js/dist/module.js:22:116221) @ webpack-internal:///(app-pages-browser)/./node_modules/.pnpm/next@15.2.6_react-dom@19.0.0_react@19.0.0__react@19.0.0/node_modules/next/dist/client/components/globals/intercept-console-error.js:49
[  158554ms] [WARNING] [PostHog.js] Enqueued failed request for retry in 90427 @ webpack-internal:///(app-pages-browser)/./node_modules/.pnpm/posthog-js@1.309.1/node_modules/posthog-js/dist/module.js:21
[  158554ms] [ERROR] Failed to load resource: net::ERR_CONNECTION_REFUSED @ http://localhost:3111/ingest/s/?retry_count=4&ip=0&_=1790129447722&ver=1.309.1&compression=gzip-js:0
[  158554ms] [ERROR] [PostHog.js] TypeError: Failed to fetch
    at method (webpack-internal:///(app-pages-browser)/./node_modules/.pnpm/posthog-js@1.309.1/node_modules/posthog-js/dist/module.js:22:71863)
    at eval (webpack-internal:///(app-pages-browser)/./node_modules/.pnpm/posthog-js@1.309.1/node_modules/posthog-js/dist/module.js:22:149004)
    at qo._send_request (webpack-internal:///(app-pages-browser)/./node_modules/.pnpm/posthog-js@1.309.1/node_modules/posthog-js/dist/module.js:22:149010)
    at go.retriableRequest (webpack-internal:///(app-pages-browser)/./node_modules/.pnpm/posthog-js@1.309.1/node_modules/posthog-js/dist/module.js:22:115497)
    at go.Lt (webpack-internal:///(app-pages-browser)/./node_modules/.pnpm/posthog-js@1.309.1/node_modules/posthog-js/dist/module.js:22:116384)
    at eval (webpack-internal:///(app-pages-browser)/./node_modules/.pnpm/posthog-js@1.309.1/node_modules/posthog-js/dist/module.js:22:116221) @ webpack-internal:///(app-pages-browser)/./node_modules/.pnpm/next@15.2.6_react-dom@19.0.0_react@19.0.0__react@19.0.0/node_modules/next/dist/client/components/globals/intercept-console-error.js:49
[  158555ms] [WARNING] [PostHog.js] Enqueued failed request for retry in 54785 @ webpack-internal:///(app-pages-browser)/./node_modules/.pnpm/posthog-js@1.309.1/node_modules/posthog-js/dist/module.js:21
[  158555ms] [ERROR] Failed to load resource: net::ERR_CONNECTION_REFUSED @ http://localhost:3111/ingest/s/?retry_count=4&ip=0&_=1790129447723&ver=1.309.1&compression=gzip-js:0
[  158555ms] [ERROR] [PostHog.js] TypeError: Failed to fetch
    at method (webpack-internal:///(app-pages-browser)/./node_modules/.pnpm/posthog-js@1.309.1/node_modules/posthog-js/dist/module.js:22:71863)
    at eval (webpack-internal:///(app-pages-browser)/./node_modules/.pnpm/posthog-js@1.309.1/node_modules/posthog-js/dist/module.js:22:149004)
    at qo._send_request (webpack-internal:///(app-pages-browser)/./node_modules/.pnpm/posthog-js@1.309.1/node_modules/posthog-js/dist/module.js:22:149010)
    at go.retriableRequest (webpack-internal:///(app-pages-browser)/./node_modules/.pnpm/posthog-js@1.309.1/node_modules/posthog-js/dist/module.js:22:115497)
    at go.Lt (webpack-internal:///(app-pages-browser)/./node_modules/.pnpm/posthog-js@1.309.1/node_modules/posthog-js/dist/module.js:22:116384)
    at eval (webpack-internal:///(app-pages-browser)/./node_modules/.pnpm/posthog-js@1.309.1/node_modules/posthog-js/dist/module.js:22:116221) @ webpack-internal:///(app-pages-browser)/./node_modules/.pnpm/next@15.2.6_react-dom@19.0.0_react@19.0.0__react@19.0.0/node_modules/next/dist/client/components/globals/intercept-console-error.js:49
[  158555ms] [WARNING] [PostHog.js] Enqueued failed request for retry in 44675 @ webpack-internal:///(app-pages-browser)/./node_modules/.pnpm/posthog-js@1.309.1/node_modules/posthog-js/dist/module.js:21
[  158555ms] [ERROR] Failed to load resource: net::ERR_CONNECTION_REFUSED @ http://localhost:3111/ingest/s/?retry_count=3&ip=0&_=1790129447723&ver=1.309.1&compression=gzip-js:0
[  158555ms] [ERROR] [PostHog.js] TypeError: Failed to fetch
    at method (webpack-internal:///(app-pages-browser)/./node_modules/.pnpm/posthog-js@1.309.1/node_modules/posthog-js/dist/module.js:22:71863)
    at eval (webpack-internal:///(app-pages-browser)/./node_modules/.pnpm/posthog-js@1.309.1/node_modules/posthog-js/dist/module.js:22:149004)
    at qo._send_request (webpack-internal:///(app-pages-browser)/./node_modules/.pnpm/posthog-js@1.309.1/node_modules/posthog-js/dist/module.js:22:149010)
    at go.retriableRequest (webpack-internal:///(app-pages-browser)/./node_modules/.pnpm/posthog-js@1.309.1/node_modules/posthog-js/dist/module.js:22:115497)
    at go.Lt (webpack-internal:///(app-pages-browser)/./node_modules/.pnpm/posthog-js@1.309.1/node_modules/posthog-js/dist/module.js:22:116384)
    at eval (webpack-internal:///(app-pages-browser)/./node_modules/.pnpm/posthog-js@1.309.1/node_modules/posthog-js/dist/module.js:22:116221) @ webpack-internal:///(app-pages-browser)/./node_modules/.pnpm/next@15.2.6_react-dom@19.0.0_react@19.0.0__react@19.0.0/node_modules/next/dist/client/components/globals/intercept-console-error.js:49
[  158555ms] [WARNING] [PostHog.js] Enqueued failed request for retry in 23256 @ webpack-internal:///(app-pages-browser)/./node_modules/.pnpm/posthog-js@1.309.1/node_modules/posthog-js/dist/module.js:21
[  158555ms] [ERROR] Failed to load resource: net::ERR_CONNECTION_REFUSED @ http://localhost:3111/ingest/s/?retry_count=1&ip=0&_=1790129447724&ver=1.309.1&compression=gzip-js:0
[  158555ms] [ERROR] [PostHog.js] TypeError: Failed to fetch
    at method (webpack-internal:///(app-pages-browser)/./node_modules/.pnpm/posthog-js@1.309.1/node_modules/posthog-js/dist/module.js:22:71863)
    at eval (webpack-internal:///(app-pages-browser)/./node_modules/.pnpm/posthog-js@1.309.1/node_modules/posthog-js/dist/module.js:22:149004)
    at qo._send_request (webpack-internal:///(app-pages-browser)/./node_modules/.pnpm/posthog-js@1.309.1/node_modules/posthog-js/dist/module.js:22:149010)
    at go.retriableRequest (webpack-internal:///(app-pages-browser)/./node_modules/.pnpm/posthog-js@1.309.1/node_modules/posthog-js/dist/module.js:22:115497)
    at go.Lt (webpack-internal:///(app-pages-browser)/./node_modules/.pnpm/posthog-js@1.309.1/node_modules/posthog-js/dist/module.js:22:116384)
    at eval (webpack-internal:///(app-pages-browser)/./node_modules/.pnpm/posthog-js@1.309.1/node_modules/posthog-js/dist/module.js:22:116221) @ webpack-internal:///(app-pages-browser)/./node_modules/.pnpm/next@15.2.6_react-dom@19.0.0_react@19.0.0__react@19.0.0/node_modules/next/dist/client/components/globals/intercept-console-error.js:49
[  158555ms] [WARNING] [PostHog.js] Enqueued failed request for retry in 6342 @ webpack-internal:///(app-pages-browser)/./node_modules/.pnpm/posthog-js@1.309.1/node_modules/posthog-js/dist/module.js:21
[  158562ms] [ERROR] Failed to load resource: net::ERR_CONNECTION_REFUSED @ http://localhost:3111/__nextjs_original-stack-frames:0
[  159574ms] [ERROR] Failed to load resource: net::ERR_CONNECTION_REFUSED @ http://localhost:3111/ingest/s/?ip=0&_=1790129448743&ver=1.309.1&compression=gzip-js:0
[  159574ms] [ERROR] [PostHog.js] TypeError: Failed to fetch
    at method (webpack-internal:///(app-pages-browser)/./node_modules/.pnpm/posthog-js@1.309.1/node_modules/posthog-js/dist/module.js:22:71863)
    at eval (webpack-internal:///(app-pages-browser)/./node_modules/.pnpm/posthog-js@1.309.1/node_modules/posthog-js/dist/module.js:22:149004)
    at qo._send_request (webpack-internal:///(app-pages-browser)/./node_modules/.pnpm/posthog-js@1.309.1/node_modules/posthog-js/dist/module.js:22:149010)
    at go.retriableRequest (webpack-internal:///(app-pages-browser)/./node_modules/.pnpm/posthog-js@1.309.1/node_modules/posthog-js/dist/module.js:22:115497)
    at qo.Br (webpack-internal:///(app-pages-browser)/./node_modules/.pnpm/posthog-js@1.309.1/node_modules/posthog-js/dist/module.js:22:149216)
    at fo.eval [as xe] (webpack-internal:///(app-pages-browser)/./node_modules/.pnpm/posthog-js@1.309.1/node_modules/posthog-js/dist/module.js:22:142058)
    at e (webpack-internal:///(app-pages-browser)/./node_modules/.pnpm/posthog-js@1.309.1/node_modules/posthog-js/dist/module.js:22:114800)
    at eval (webpack-internal:///(app-pages-browser)/./node_modules/.pnpm/posthog-js@1.309.1/node_modules/posthog-js/dist/module.js:22:114822) @ webpack-internal:///(app-pages-browser)/./node_modules/.pnpm/next@15.2.6_react-dom@19.0.0_react@19.0.0__react@19.0.0/node_modules/next/dist/client/components/globals/intercept-console-error.js:49
[  159574ms] [WARNING] [PostHog.js] Enqueued failed request for retry in 2842 @ webpack-internal:///(app-pages-browser)/./node_modules/.pnpm/posthog-js@1.309.1/node_modules/posthog-js/dist/module.js:21
[  159586ms] [ERROR] Failed to load resource: net::ERR_CONNECTION_REFUSED @ http://localhost:3111/__nextjs_original-stack-frames:0
[  160568ms] [LOG] [PostHog.js] send "$snapshot" {uuid: 01a0cc07-ab0b-7da4-bd11-68f9078b5231, event: $snapshot, properties: Object, timestamp: Tue Sep 22 2026 22:10:49 GMT-0400 (Eastern Daylight Time)} @ webpack-internal:///(app-pages-browser)/./node_modules/.pnpm/posthog-js@1.309.1/node_modules/posthog-js/dist/module.js:21
[  161558ms] [ERROR] Failed to load resource: net::ERR_CONNECTION_REFUSED @ http://localhost:3111/ingest/s/?retry_count=2&ip=0&_=1790129450726&ver=1.309.1&compression=gzip-js:0
[  161558ms] [ERROR] [PostHog.js] TypeError: Failed to fetch
    at method (webpack-internal:///(app-pages-browser)/./node_modules/.pnpm/posthog-js@1.309.1/node_modules/posthog-js/dist/module.js:22:71863)
    at eval (webpack-internal:///(app-pages-browser)/./node_modules/.pnpm/posthog-js@1.309.1/node_modules/posthog-js/dist/module.js:22:149004)
    at qo._send_request (webpack-internal:///(app-pages-browser)/./node_modules/.pnpm/posthog-js@1.309.1/node_modules/posthog-js/dist/module.js:22:149010)
    at go.retriableRequest (webpack-internal:///(app-pages-browser)/./node_modules/.pnpm/posthog-js@1.309.1/node_modules/posthog-js/dist/module.js:22:115497)
    at go.Lt (webpack-internal:///(app-pages-browser)/./node_modules/.pnpm/posthog-js@1.309.1/node_modules/posthog-js/dist/module.js:22:116384)
    at eval (webpack-internal:///(app-pages-browser)/./node_modules/.pnpm/posthog-js@1.309.1/node_modules/posthog-js/dist/module.js:22:116221) @ webpack-internal:///(app-pages-browser)/./node_modules/.pnpm/next@15.2.6_react-dom@19.0.0_react@19.0.0__react@19.0.0/node_modules/next/dist/client/components/globals/intercept-console-error.js:49
[  161558ms] [WARNING] [PostHog.js] Enqueued failed request for retry in 13398 @ webpack-internal:///(app-pages-browser)/./node_modules/.pnpm/posthog-js@1.309.1/node_modules/posthog-js/dist/module.js:21
[  161565ms] [ERROR] Failed to load resource: net::ERR_CONNECTION_REFUSED @ http://localhost:3111/__nextjs_original-stack-frames:0
[  163568ms] [LOG] [PostHog.js] send "$snapshot" {uuid: 01a0cc07-b6c4-7765-8c2d-280fc4458f59, event: $snapshot, properties: Object, timestamp: Tue Sep 22 2026 22:10:52 GMT-0400 (Eastern Daylight Time)} @ webpack-internal:///(app-pages-browser)/./node_modules/.pnpm/posthog-js@1.309.1/node_modules/posthog-js/dist/module.js:21
[  163571ms] [ERROR] Failed to load resource: net::ERR_CONNECTION_REFUSED @ http://localhost:3111/ingest/s/?ip=0&_=1790129452740&ver=1.309.1&compression=gzip-js:0
[  163571ms] [ERROR] [PostHog.js] TypeError: Failed to fetch
    at method (webpack-internal:///(app-pages-browser)/./node_modules/.pnpm/posthog-js@1.309.1/node_modules/posthog-js/dist/module.js:22:71863)
    at eval (webpack-internal:///(app-pages-browser)/./node_modules/.pnpm/posthog-js@1.309.1/node_modules/posthog-js/dist/module.js:22:149004)
    at qo._send_request (webpack-internal:///(app-pages-browser)/./node_modules/.pnpm/posthog-js@1.309.1/node_modules/posthog-js/dist/module.js:22:149010)
    at go.retriableRequest (webpack-internal:///(app-pages-browser)/./node_modules/.pnpm/posthog-js@1.309.1/node_modules/posthog-js/dist/module.js:22:115497)
    at qo.Br (webpack-internal:///(app-pages-browser)/./node_modules/.pnpm/posthog-js@1.309.1/node_modules/posthog-js/dist/module.js:22:149216)
    at fo.eval [as xe] (webpack-internal:///(app-pages-browser)/./node_modules/.pnpm/posthog-js@1.309.1/node_modules/posthog-js/dist/module.js:22:142058)
    at e (webpack-internal:///(app-pages-browser)/./node_modules/.pnpm/posthog-js@1.309.1/node_modules/posthog-js/dist/module.js:22:114800)
    at eval (webpack-internal:///(app-pages-browser)/./node_modules/.pnpm/posthog-js@1.309.1/node_modules/posthog-js/dist/module.js:22:114822) @ webpack-internal:///(app-pages-browser)/./node_modules/.pnpm/next@15.2.6_react-dom@19.0.0_react@19.0.0__react@19.0.0/node_modules/next/dist/client/components/globals/intercept-console-error.js:49
[  163571ms] [WARNING] [PostHog.js] Enqueued failed request for retry in 2341 @ webpack-internal:///(app-pages-browser)/./node_modules/.pnpm/posthog-js@1.309.1/node_modules/posthog-js/dist/module.js:21
[  163578ms] [ERROR] Failed to load resource: net::ERR_CONNECTION_REFUSED @ http://localhost:3111/__nextjs_original-stack-frames:0
[  164563ms] [ERROR] Failed to load resource: net::ERR_CONNECTION_REFUSED @ http://localhost:3111/ingest/s/?retry_count=4&ip=0&_=1790129453729&ver=1.309.1&compression=gzip-js:0
[  164563ms] [ERROR] [PostHog.js] TypeError: Failed to fetch
    at method (webpack-internal:///(app-pages-browser)/./node_modules/.pnpm/posthog-js@1.309.1/node_modules/posthog-js/dist/module.js:22:71863)
    at eval (webpack-internal:///(app-pages-browser)/./node_modules/.pnpm/posthog-js@1.309.1/node_modules/posthog-js/dist/module.js:22:149004)
    at qo._send_request (webpack-internal:///(app-pages-browser)/./node_modules/.pnpm/posthog-js@1.309.1/node_modules/posthog-js/dist/module.js:22:149010)
    at go.retriableRequest (webpack-internal:///(app-pages-browser)/./node_modules/.pnpm/posthog-js@1.309.1/node_modules/posthog-js/dist/module.js:22:115497)
    at go.Lt (webpack-internal:///(app-pages-browser)/./node_modules/.pnpm/posthog-js@1.309.1/node_modules/posthog-js/dist/module.js:22:116384)
    at eval (webpack-internal:///(app-pages-browser)/./node_modules/.pnpm/posthog-js@1.309.1/node_modules/posthog-js/dist/module.js:22:116221) @ webpack-internal:///(app-pages-browser)/./node_modules/.pnpm/next@15.2.6_react-dom@19.0.0_react@19.0.0__react@19.0.0/node_modules/next/dist/client/components/globals/intercept-console-error.js:49
[  164564ms] [WARNING] [PostHog.js] Enqueued failed request for retry in 51578 @ webpack-internal:///(app-pages-browser)/./node_modules/.pnpm/posthog-js@1.309.1/node_modules/posthog-js/dist/module.js:21
[  164564ms] [ERROR] Failed to load resource: net::ERR_CONNECTION_REFUSED @ http://localhost:3111/ingest/s/?retry_count=3&ip=0&_=1790129453733&ver=1.309.1&compression=gzip-js:0
[  164564ms] [ERROR] [PostHog.js] TypeError: Failed to fetch
    at method (webpack-internal:///(app-pages-browser)/./node_modules/.pnpm/posthog-js@1.309.1/node_modules/posthog-js/dist/module.js:22:71863)
    at eval (webpack-internal:///(app-pages-browser)/./node_modules/.pnpm/posthog-js@1.309.1/node_modules/posthog-js/dist/module.js:22:149004)
    at qo._send_request (webpack-internal:///(app-pages-browser)/./node_modules/.pnpm/posthog-js@1.309.1/node_modules/posthog-js/dist/module.js:22:149010)
    at go.retriableRequest (webpack-internal:///(app-pages-browser)/./node_modules/.pnpm/posthog-js@1.309.1/node_modules/posthog-js/dist/module.js:22:115497)
    at go.Lt (webpack-internal:///(app-pages-browser)/./node_modules/.pnpm/posthog-js@1.309.1/node_modules/posthog-js/dist/module.js:22:116384)
    at eval (webpack-internal:///(app-pages-browser)/./node_modules/.pnpm/posthog-js@1.309.1/node_modules/posthog-js/dist/module.js:22:116221) @ webpack-internal:///(app-pages-browser)/./node_modules/.pnpm/next@15.2.6_react-dom@19.0.0_react@19.0.0__react@19.0.0/node_modules/next/dist/client/components/globals/intercept-console-error.js:49
[  164564ms] [WARNING] [PostHog.js] Enqueued failed request for retry in 24189 @ webpack-internal:///(app-pages-browser)/./node_modules/.pnpm/posthog-js@1.309.1/node_modules/posthog-js/dist/module.js:21
[  164564ms] [ERROR] Failed to load resource: net::ERR_CONNECTION_REFUSED @ http://localhost:3111/ingest/s/?retry_count=2&ip=0&_=1790129453734&ver=1.309.1&compression=gzip-js:0
[  164564ms] [ERROR] [PostHog.js] TypeError: Failed to fetch
    at method (webpack-internal:///(app-pages-browser)/./node_modules/.pnpm/posthog-js@1.309.1/node_modules/posthog-js/dist/module.js:22:71863)
    at eval (webpack-internal:///(app-pages-browser)/./node_modules/.pnpm/posthog-js@1.309.1/node_modules/posthog-js/dist/module.js:22:149004)
    at qo._send_request (webpack-internal:///(app-pages-browser)/./node_modules/.pnpm/posthog-js@1.309.1/node_modules/posthog-js/dist/module.js:22:149010)
    at go.retriableRequest (webpack-internal:///(app-pages-browser)/./node_modules/.pnpm/posthog-js@1.309.1/node_modules/posthog-js/dist/module.js:22:115497)
    at go.Lt (webpack-internal:///(app-pages-browser)/./node_modules/.pnpm/posthog-js@1.309.1/node_modules/posthog-js/dist/module.js:22:116384)
    at eval (webpack-internal:///(app-pages-browser)/./node_modules/.pnpm/posthog-js@1.309.1/node_modules/posthog-js/dist/module.js:22:116221) @ webpack-internal:///(app-pages-browser)/./node_modules/.pnpm/next@15.2.6_react-dom@19.0.0_react@19.0.0__react@19.0.0/node_modules/next/dist/client/components/globals/intercept-console-error.js:49
[  164564ms] [WARNING] [PostHog.js] Enqueued failed request for retry in 10946 @ webpack-internal:///(app-pages-browser)/./node_modules/.pnpm/posthog-js@1.309.1/node_modules/posthog-js/dist/module.js:21
[  164569ms] [ERROR] Failed to load resource: net::ERR_CONNECTION_REFUSED @ http://localhost:3111/ingest/s/?retry_count=1&ip=0&_=1790129453734&ver=1.309.1&compression=gzip-js:0
[  164569ms] [ERROR] [PostHog.js] TypeError: Failed to fetch
    at method (webpack-internal:///(app-pages-browser)/./node_modules/.pnpm/posthog-js@1.309.1/node_modules/posthog-js/dist/module.js:22:71863)
    at eval (webpack-internal:///(app-pages-browser)/./node_modules/.pnpm/posthog-js@1.309.1/node_modules/posthog-js/dist/module.js:22:149004)
    at qo._send_request (webpack-internal:///(app-pages-browser)/./node_modules/.pnpm/posthog-js@1.309.1/node_modules/posthog-js/dist/module.js:22:149010)
    at go.retriableRequest (webpack-internal:///(app-pages-browser)/./node_modules/.pnpm/posthog-js@1.309.1/node_modules/posthog-js/dist/module.js:22:115497)
    at go.Lt (webpack-internal:///(app-pages-browser)/./node_modules/.pnpm/posthog-js@1.309.1/node_modules/posthog-js/dist/module.js:22:116384)
    at eval (webpack-internal:///(app-pages-browser)/./node_modules/.pnpm/posthog-js@1.309.1/node_modules/posthog-js/dist/module.js:22:116221) @ webpack-internal:///(app-pages-browser)/./node_modules/.pnpm/next@15.2.6_react-dom@19.0.0_react@19.0.0__react@19.0.0/node_modules/next/dist/client/components/globals/intercept-console-error.js:49
[  164569ms] [WARNING] [PostHog.js] Enqueued failed request for retry in 4756 @ webpack-internal:///(app-pages-browser)/./node_modules/.pnpm/posthog-js@1.309.1/node_modules/posthog-js/dist/module.js:21
[  164574ms] [ERROR] Failed to load resource: net::ERR_CONNECTION_REFUSED @ http://localhost:3111/__nextjs_original-stack-frames:0
[  164578ms] [ERROR] Failed to load resource: net::ERR_CONNECTION_REFUSED @ http://localhost:3111/__nextjs_original-stack-frames:0
[  165584ms] [LOG] [PostHog.js] send "$snapshot" {uuid: 01a0cc07-bea4-71b1-ba6d-d7ad3600245a, event: $snapshot, properties: Object, timestamp: Tue Sep 22 2026 22:10:54 GMT-0400 (Eastern Daylight Time)} @ webpack-internal:///(app-pages-browser)/./node_modules/.pnpm/posthog-js@1.309.1/node_modules/posthog-js/dist/module.js:21
[  167568ms] [ERROR] Failed to load resource: net::ERR_CONNECTION_REFUSED @ http://localhost:3111/ingest/s/?retry_count=3&ip=0&_=1790129456736&ver=1.309.1&compression=gzip-js:0
[  167568ms] [ERROR] [PostHog.js] TypeError: Failed to fetch
    at method (webpack-internal:///(app-pages-browser)/./node_modules/.pnpm/posthog-js@1.309.1/node_modules/posthog-js/dist/module.js:22:71863)
    at eval (webpack-internal:///(app-pages-browser)/./node_modules/.pnpm/posthog-js@1.309.1/node_modules/posthog-js/dist/module.js:22:149004)
    at qo._send_request (webpack-internal:///(app-pages-browser)/./node_modules/.pnpm/posthog-js@1.309.1/node_modules/posthog-js/dist/module.js:22:149010)
    at go.retriableRequest (webpack-internal:///(app-pages-browser)/./node_modules/.pnpm/posthog-js@1.309.1/node_modules/posthog-js/dist/module.js:22:115497)
    at go.Lt (webpack-internal:///(app-pages-browser)/./node_modules/.pnpm/posthog-js@1.309.1/node_modules/posthog-js/dist/module.js:22:116384)
    at eval (webpack-internal:///(app-pages-browser)/./node_modules/.pnpm/posthog-js@1.309.1/node_modules/posthog-js/dist/module.js:22:116221) @ webpack-internal:///(app-pages-browser)/./node_modules/.pnpm/next@15.2.6_react-dom@19.0.0_react@19.0.0__react@19.0.0/node_modules/next/dist/client/components/globals/intercept-console-error.js:49
[  167568ms] [WARNING] [PostHog.js] Enqueued failed request for retry in 27028 @ webpack-internal:///(app-pages-browser)/./node_modules/.pnpm/posthog-js@1.309.1/node_modules/posthog-js/dist/module.js:21
[  167568ms] [ERROR] Failed to load resource: net::ERR_CONNECTION_REFUSED @ http://localhost:3111/ingest/s/?retry_count=2&ip=0&_=1790129456737&ver=1.309.1&compression=gzip-js:0
[  167568ms] [ERROR] [PostHog.js] TypeError: Failed to fetch
    at method (webpack-internal:///(app-pages-browser)/./node_modules/.pnpm/posthog-js@1.309.1/node_modules/posthog-js/dist/module.js:22:71863)
    at eval (webpack-internal:///(app-pages-browser)/./node_modules/.pnpm/posthog-js@1.309.1/node_modules/posthog-js/dist/module.js:22:149004)
    at qo._send_request (webpack-internal:///(app-pages-browser)/./node_modules/.pnpm/posthog-js@1.309.1/node_modules/posthog-js/dist/module.js:22:149010)
    at go.retriableRequest (webpack-internal:///(app-pages-browser)/./node_modules/.pnpm/posthog-js@1.309.1/node_modules/posthog-js/dist/module.js:22:115497)
    at go.Lt (webpack-internal:///(app-pages-browser)/./node_modules/.pnpm/posthog-js@1.309.1/node_modules/posthog-js/dist/module.js:22:116384)
    at eval (webpack-internal:///(app-pages-browser)/./node_modules/.pnpm/posthog-js@1.309.1/node_modules/posthog-js/dist/module.js:22:116221) @ webpack-internal:///(app-pages-browser)/./node_modules/.pnpm/next@15.2.6_react-dom@19.0.0_react@19.0.0__react@19.0.0/node_modules/next/dist/client/components/globals/intercept-console-error.js:49
[  167568ms] [WARNING] [PostHog.js] Enqueued failed request for retry in 14077 @ webpack-internal:///(app-pages-browser)/./node_modules/.pnpm/posthog-js@1.309.1/node_modules/posthog-js/dist/module.js:21
[  167568ms] [ERROR] Failed to load resource: net::ERR_CONNECTION_REFUSED @ http://localhost:3111/ingest/s/?retry_count=1&ip=0&_=1790129456738&ver=1.309.1&compression=gzip-js:0
[  167568ms] [ERROR] [PostHog.js] TypeError: Failed to fetch
    at method (webpack-internal:///(app-pages-browser)/./node_modules/.pnpm/posthog-js@1.309.1/node_modules/posthog-js/dist/module.js:22:71863)
    at eval (webpack-internal:///(app-pages-browser)/./node_modules/.pnpm/posthog-js@1.309.1/node_modules/posthog-js/dist/module.js:22:149004)
    at qo._send_request (webpack-internal:///(app-pages-browser)/./node_modules/.pnpm/posthog-js@1.309.1/node_modules/posthog-js/dist/module.js:22:149010)
    at go.retriableRequest (webpack-internal:///(app-pages-browser)/./node_modules/.pnpm/posthog-js@1.309.1/node_modules/posthog-js/dist/module.js:22:115497)
    at go.Lt (webpack-internal:///(app-pages-browser)/./node_modules/.pnpm/posthog-js@1.309.1/node_modules/posthog-js/dist/module.js:22:116384)
    at eval (webpack-internal:///(app-pages-browser)/./node_modules/.pnpm/posthog-js@1.309.1/node_modules/posthog-js/dist/module.js:22:116221) @ webpack-internal:///(app-pages-browser)/./node_modules/.pnpm/next@15.2.6_react-dom@19.0.0_react@19.0.0__react@19.0.0/node_modules/next/dist/client/components/globals/intercept-console-error.js:49
[  167568ms] [WARNING] [PostHog.js] Enqueued failed request for retry in 6417 @ webpack-internal:///(app-pages-browser)/./node_modules/.pnpm/posthog-js@1.309.1/node_modules/posthog-js/dist/module.js:21
[  167576ms] [ERROR] Failed to load resource: net::ERR_CONNECTION_REFUSED @ http://localhost:3111/__nextjs_original-stack-frames:0
[  168588ms] [ERROR] Failed to load resource: net::ERR_CONNECTION_REFUSED @ http://localhost:3111/ingest/s/?ip=0&_=1790129457758&ver=1.309.1&compression=gzip-js:0
[  168588ms] [ERROR] [PostHog.js] TypeError: Failed to fetch
    at method (webpack-internal:///(app-pages-browser)/./node_modules/.pnpm/posthog-js@1.309.1/node_modules/posthog-js/dist/module.js:22:71863)
    at eval (webpack-internal:///(app-pages-browser)/./node_modules/.pnpm/posthog-js@1.309.1/node_modules/posthog-js/dist/module.js:22:149004)
    at qo._send_request (webpack-internal:///(app-pages-browser)/./node_modules/.pnpm/posthog-js@1.309.1/node_modules/posthog-js/dist/module.js:22:149010)
    at go.retriableRequest (webpack-internal:///(app-pages-browser)/./node_modules/.pnpm/posthog-js@1.309.1/node_modules/posthog-js/dist/module.js:22:115497)
    at qo.Br (webpack-internal:///(app-pages-browser)/./node_modules/.pnpm/posthog-js@1.309.1/node_modules/posthog-js/dist/module.js:22:149216)
    at fo.eval [as xe] (webpack-internal:///(app-pages-browser)/./node_modules/.pnpm/posthog-js@1.309.1/node_modules/posthog-js/dist/module.js:22:142058)
    at e (webpack-internal:///(app-pages-browser)/./node_modules/.pnpm/posthog-js@1.309.1/node_modules/posthog-js/dist/module.js:22:114800)
    at eval (webpack-internal:///(app-pages-browser)/./node_modules/.pnpm/posthog-js@1.309.1/node_modules/posthog-js/dist/module.js:22:114822) @ webpack-internal:///(app-pages-browser)/./node_modules/.pnpm/next@15.2.6_react-dom@19.0.0_react@19.0.0__react@19.0.0/node_modules/next/dist/client/components/globals/intercept-console-error.js:49
[  168588ms] [WARNING] [PostHog.js] Enqueued failed request for retry in 3674 @ webpack-internal:///(app-pages-browser)/./node_modules/.pnpm/posthog-js@1.309.1/node_modules/posthog-js/dist/module.js:21
[  168595ms] [ERROR] Failed to load resource: net::ERR_CONNECTION_REFUSED @ http://localhost:3111/__nextjs_original-stack-frames:0
[  169582ms] [LOG] [PostHog.js] send "$snapshot" {uuid: 01a0cc07-ce42-79c6-aeda-1a4fdfa7e246, event: $snapshot, properties: Object, timestamp: Tue Sep 22 2026 22:10:58 GMT-0400 (Eastern Daylight Time)} @ webpack-internal:///(app-pages-browser)/./node_modules/.pnpm/posthog-js@1.309.1/node_modules/posthog-js/dist/module.js:21
[  170570ms] [ERROR] Failed to load resource: net::ERR_CONNECTION_REFUSED @ http://localhost:3111/ingest/s/?retry_count=2&ip=0&_=1790129459739&ver=1.309.1&compression=gzip-js:0
[  170570ms] [ERROR] [PostHog.js] TypeError: Failed to fetch
    at method (webpack-internal:///(app-pages-browser)/./node_modules/.pnpm/posthog-js@1.309.1/node_modules/posthog-js/dist/module.js:22:71863)
    at eval (webpack-internal:///(app-pages-browser)/./node_modules/.pnpm/posthog-js@1.309.1/node_modules/posthog-js/dist/module.js:22:149004)
    at qo._send_request (webpack-internal:///(app-pages-browser)/./node_modules/.pnpm/posthog-js@1.309.1/node_modules/posthog-js/dist/module.js:22:149010)
    at go.retriableRequest (webpack-internal:///(app-pages-browser)/./node_modules/.pnpm/posthog-js@1.309.1/node_modules/posthog-js/dist/module.js:22:115497)
    at go.Lt (webpack-internal:///(app-pages-browser)/./node_modules/.pnpm/posthog-js@1.309.1/node_modules/posthog-js/dist/module.js:22:116384)
    at eval (webpack-internal:///(app-pages-browser)/./node_modules/.pnpm/posthog-js@1.309.1/node_modules/posthog-js/dist/module.js:22:116221) @ webpack-internal:///(app-pages-browser)/./node_modules/.pnpm/next@15.2.6_react-dom@19.0.0_react@19.0.0__react@19.0.0/node_modules/next/dist/client/components/globals/intercept-console-error.js:49
[  170570ms] [WARNING] [PostHog.js] Enqueued failed request for retry in 11330 @ webpack-internal:///(app-pages-browser)/./node_modules/.pnpm/posthog-js@1.309.1/node_modules/posthog-js/dist/module.js:21
[  170580ms] [ERROR] Failed to load resource: net::ERR_CONNECTION_REFUSED @ http://localhost:3111/__nextjs_original-stack-frames:0
[  172586ms] [ERROR] Failed to load resource: net::ERR_CONNECTION_REFUSED @ http://localhost:3111/ingest/s/?ip=0&_=1790129461755&ver=1.309.1&compression=gzip-js:0
[  172586ms] [ERROR] [PostHog.js] TypeError: Failed to fetch
    at method (webpack-internal:///(app-pages-browser)/./node_modules/.pnpm/posthog-js@1.309.1/node_modules/posthog-js/dist/module.js:22:71863)
    at eval (webpack-internal:///(app-pages-browser)/./node_modules/.pnpm/posthog-js@1.309.1/node_modules/posthog-js/dist/module.js:22:149004)
    at qo._send_request (webpack-internal:///(app-pages-browser)/./node_modules/.pnpm/posthog-js@1.309.1/node_modules/posthog-js/dist/module.js:22:149010)
    at go.retriableRequest (webpack-internal:///(app-pages-browser)/./node_modules/.pnpm/posthog-js@1.309.1/node_modules/posthog-js/dist/module.js:22:115497)
    at qo.Br (webpack-internal:///(app-pages-browser)/./node_modules/.pnpm/posthog-js@1.309.1/node_modules/posthog-js/dist/module.js:22:149216)
    at fo.eval [as xe] (webpack-internal:///(app-pages-browser)/./node_modules/.pnpm/posthog-js@1.309.1/node_modules/posthog-js/dist/module.js:22:142058)
    at e (webpack-internal:///(app-pages-browser)/./node_modules/.pnpm/posthog-js@1.309.1/node_modules/posthog-js/dist/module.js:22:114800)
    at eval (webpack-internal:///(app-pages-browser)/./node_modules/.pnpm/posthog-js@1.309.1/node_modules/posthog-js/dist/module.js:22:114822) @ webpack-internal:///(app-pages-browser)/./node_modules/.pnpm/next@15.2.6_react-dom@19.0.0_react@19.0.0__react@19.0.0/node_modules/next/dist/client/components/globals/intercept-console-error.js:49
[  172586ms] [WARNING] [PostHog.js] Enqueued failed request for retry in 2698 @ webpack-internal:///(app-pages-browser)/./node_modules/.pnpm/posthog-js@1.309.1/node_modules/posthog-js/dist/module.js:21
[  172590ms] [LOG] [PostHog.js] send "$snapshot" {uuid: 01a0cc07-da01-7438-97c5-a960e354775d, event: $snapshot, properties: Object, timestamp: Tue Sep 22 2026 22:11:01 GMT-0400 (Eastern Daylight Time)} @ webpack-internal:///(app-pages-browser)/./node_modules/.pnpm/posthog-js@1.309.1/node_modules/posthog-js/dist/module.js:21
[  172593ms] [ERROR] Failed to load resource: net::ERR_CONNECTION_REFUSED @ http://localhost:3111/__nextjs_original-stack-frames:0
[  173576ms] [ERROR] Failed to load resource: net::ERR_CONNECTION_REFUSED @ http://localhost:3111/ingest/s/?retry_count=5&ip=0&_=1790129462741&ver=1.309.1&compression=gzip-js:0
[  173576ms] [ERROR] [PostHog.js] TypeError: Failed to fetch
    at method (webpack-internal:///(app-pages-browser)/./node_modules/.pnpm/posthog-js@1.309.1/node_modules/posthog-js/dist/module.js:22:71863)
    at eval (webpack-internal:///(app-pages-browser)/./node_modules/.pnpm/posthog-js@1.309.1/node_modules/posthog-js/dist/module.js:22:149004)
    at qo._send_request (webpack-internal:///(app-pages-browser)/./node_modules/.pnpm/posthog-js@1.309.1/node_modules/posthog-js/dist/module.js:22:149010)
    at go.retriableRequest (webpack-internal:///(app-pages-browser)/./node_modules/.pnpm/posthog-js@1.309.1/node_modules/posthog-js/dist/module.js:22:115497)
    at go.Lt (webpack-internal:///(app-pages-browser)/./node_modules/.pnpm/posthog-js@1.309.1/node_modules/posthog-js/dist/module.js:22:116384)
    at eval (webpack-internal:///(app-pages-browser)/./node_modules/.pnpm/posthog-js@1.309.1/node_modules/posthog-js/dist/module.js:22:116221) @ webpack-internal:///(app-pages-browser)/./node_modules/.pnpm/next@15.2.6_react-dom@19.0.0_react@19.0.0__react@19.0.0/node_modules/next/dist/client/components/globals/intercept-console-error.js:49
[  173576ms] [WARNING] [PostHog.js] Enqueued failed request for retry in 112596 @ webpack-internal:///(app-pages-browser)/./node_modules/.pnpm/posthog-js@1.309.1/node_modules/posthog-js/dist/module.js:21
[  173577ms] [ERROR] Failed to load resource: net::ERR_CONNECTION_REFUSED @ http://localhost:3111/ingest/i/v0/e/?retry_count=5&ip=0&_=1790129462743&ver=1.309.1&compression=gzip-js:0
[  173577ms] [ERROR] [PostHog.js] TypeError: Failed to fetch
    at method (webpack-internal:///(app-pages-browser)/./node_modules/.pnpm/posthog-js@1.309.1/node_modules/posthog-js/dist/module.js:22:71863)
    at eval (webpack-internal:///(app-pages-browser)/./node_modules/.pnpm/posthog-js@1.309.1/node_modules/posthog-js/dist/module.js:22:149004)
    at qo._send_request (webpack-internal:///(app-pages-browser)/./node_modules/.pnpm/posthog-js@1.309.1/node_modules/posthog-js/dist/module.js:22:149010)
    at go.retriableRequest (webpack-internal:///(app-pages-browser)/./node_modules/.pnpm/posthog-js@1.309.1/node_modules/posthog-js/dist/module.js:22:115497)
    at go.Lt (webpack-internal:///(app-pages-browser)/./node_modules/.pnpm/posthog-js@1.309.1/node_modules/posthog-js/dist/module.js:22:116384)
    at eval (webpack-internal:///(app-pages-browser)/./node_modules/.pnpm/posthog-js@1.309.1/node_modules/posthog-js/dist/module.js:22:116221) @ webpack-internal:///(app-pages-browser)/./node_modules/.pnpm/next@15.2.6_react-dom@19.0.0_react@19.0.0__react@19.0.0/node_modules/next/dist/client/components/globals/intercept-console-error.js:49
[  173577ms] [WARNING] [PostHog.js] Enqueued failed request for retry in 97754 @ webpack-internal:///(app-pages-browser)/./node_modules/.pnpm/posthog-js@1.309.1/node_modules/posthog-js/dist/module.js:21
[  173577ms] [ERROR] Failed to load resource: net::ERR_CONNECTION_REFUSED @ http://localhost:3111/ingest/s/?retry_count=4&ip=0&_=1790129462744&ver=1.309.1&compression=gzip-js:0
[  173577ms] [ERROR] [PostHog.js] TypeError: Failed to fetch
    at method (webpack-internal:///(app-pages-browser)/./node_modules/.pnpm/posthog-js@1.309.1/node_modules/posthog-js/dist/module.js:22:71863)
    at eval (webpack-internal:///(app-pages-browser)/./node_modules/.pnpm/posthog-js@1.309.1/node_modules/posthog-js/dist/module.js:22:149004)
    at qo._send_request (webpack-internal:///(app-pages-browser)/./node_modules/.pnpm/posthog-js@1.309.1/node_modules/posthog-js/dist/module.js:22:149010)
    at go.retriableRequest (webpack-internal:///(app-pages-browser)/./node_modules/.pnpm/posthog-js@1.309.1/node_modules/posthog-js/dist/module.js:22:115497)
    at go.Lt (webpack-internal:///(app-pages-browser)/./node_modules/.pnpm/posthog-js@1.309.1/node_modules/posthog-js/dist/module.js:22:116384)
    at eval (webpack-internal:///(app-pages-browser)/./node_modules/.pnpm/posthog-js@1.309.1/node_modules/posthog-js/dist/module.js:22:116221) @ webpack-internal:///(app-pages-browser)/./node_modules/.pnpm/next@15.2.6_react-dom@19.0.0_react@19.0.0__react@19.0.0/node_modules/next/dist/client/components/globals/intercept-console-error.js:49
[  173577ms] [WARNING] [PostHog.js] Enqueued failed request for retry in 58873 @ webpack-internal:///(app-pages-browser)/./node_modules/.pnpm/posthog-js@1.309.1/node_modules/posthog-js/dist/module.js:21
[  173577ms] [ERROR] Failed to load resource: net::ERR_CONNECTION_REFUSED @ http://localhost:3111/ingest/s/?retry_count=4&ip=0&_=1790129462745&ver=1.309.1&compression=gzip-js:0
[  173577ms] [ERROR] [PostHog.js] TypeError: Failed to fetch
    at method (webpack-internal:///(app-pages-browser)/./node_modules/.pnpm/posthog-js@1.309.1/node_modules/posthog-js/dist/module.js:22:71863)
    at eval (webpack-internal:///(app-pages-browser)/./node_modules/.pnpm/posthog-js@1.309.1/node_modules/posthog-js/dist/module.js:22:149004)
    at qo._send_request (webpack-internal:///(app-pages-browser)/./node_modules/.pnpm/posthog-js@1.309.1/node_modules/posthog-js/dist/module.js:22:149010)
    at go.retriableRequest (webpack-internal:///(app-pages-browser)/./node_modules/.pnpm/posthog-js@1.309.1/node_modules/posthog-js/dist/module.js:22:115497)
    at go.Lt (webpack-internal:///(app-pages-browser)/./node_modules/.pnpm/posthog-js@1.309.1/node_modules/posthog-js/dist/module.js:22:116384)
    at eval (webpack-internal:///(app-pages-browser)/./node_modules/.pnpm/posthog-js@1.309.1/node_modules/posthog-js/dist/module.js:22:116221) @ webpack-internal:///(app-pages-browser)/./node_modules/.pnpm/next@15.2.6_react-dom@19.0.0_react@19.0.0__react@19.0.0/node_modules/next/dist/client/components/globals/intercept-console-error.js:49
[  173577ms] [WARNING] [PostHog.js] Enqueued failed request for retry in 39383 @ webpack-internal:///(app-pages-browser)/./node_modules/.pnpm/posthog-js@1.309.1/node_modules/posthog-js/dist/module.js:21
[  173578ms] [ERROR] Failed to load resource: net::ERR_CONNECTION_REFUSED @ http://localhost:3111/ingest/s/?retry_count=4&ip=0&_=1790129462745&ver=1.309.1&compression=gzip-js:0
[  173578ms] [ERROR] [PostHog.js] TypeError: Failed to fetch
    at method (webpack-internal:///(app-pages-browser)/./node_modules/.pnpm/posthog-js@1.309.1/node_modules/posthog-js/dist/module.js:22:71863)
    at eval (webpack-internal:///(app-pages-browser)/./node_modules/.pnpm/posthog-js@1.309.1/node_modules/posthog-js/dist/module.js:22:149004)
    at qo._send_request (webpack-internal:///(app-pages-browser)/./node_modules/.pnpm/posthog-js@1.309.1/node_modules/posthog-js/dist/module.js:22:149010)
    at go.retriableRequest (webpack-internal:///(app-pages-browser)/./node_modules/.pnpm/posthog-js@1.309.1/node_modules/posthog-js/dist/module.js:22:115497)
    at go.Lt (webpack-internal:///(app-pages-browser)/./node_modules/.pnpm/posthog-js@1.309.1/node_modules/posthog-js/dist/module.js:22:116384)
    at eval (webpack-internal:///(app-pages-browser)/./node_modules/.pnpm/posthog-js@1.309.1/node_modules/posthog-js/dist/module.js:22:116221) @ webpack-internal:///(app-pages-browser)/./node_modules/.pnpm/next@15.2.6_react-dom@19.0.0_react@19.0.0__react@19.0.0/node_modules/next/dist/client/components/globals/intercept-console-error.js:49
[  173578ms] [WARNING] [PostHog.js] Enqueued failed request for retry in 54400 @ webpack-internal:///(app-pages-browser)/./node_modules/.pnpm/posthog-js@1.309.1/node_modules/posthog-js/dist/module.js:21
[  173582ms] [ERROR] Failed to load resource: net::ERR_CONNECTION_REFUSED @ http://localhost:3111/ingest/s/?retry_count=1&ip=0&_=1790129462747&ver=1.309.1&compression=gzip-js:0
[  173582ms] [ERROR] [PostHog.js] TypeError: Failed to fetch
    at method (webpack-internal:///(app-pages-browser)/./node_modules/.pnpm/posthog-js@1.309.1/node_modules/posthog-js/dist/module.js:22:71863)
    at eval (webpack-internal:///(app-pages-browser)/./node_modules/.pnpm/posthog-js@1.309.1/node_modules/posthog-js/dist/module.js:22:149004)
    at qo._send_request (webpack-internal:///(app-pages-browser)/./node_modules/.pnpm/posthog-js@1.309.1/node_modules/posthog-js/dist/module.js:22:149010)
    at go.retriableRequest (webpack-internal:///(app-pages-browser)/./node_modules/.pnpm/posthog-js@1.309.1/node_modules/posthog-js/dist/module.js:22:115497)
    at go.Lt (webpack-internal:///(app-pages-browser)/./node_modules/.pnpm/posthog-js@1.309.1/node_modules/posthog-js/dist/module.js:22:116384)
    at eval (webpack-internal:///(app-pages-browser)/./node_modules/.pnpm/posthog-js@1.309.1/node_modules/posthog-js/dist/module.js:22:116221) @ webpack-internal:///(app-pages-browser)/./node_modules/.pnpm/next@15.2.6_react-dom@19.0.0_react@19.0.0__react@19.0.0/node_modules/next/dist/client/components/globals/intercept-console-error.js:49
[  173582ms] [WARNING] [PostHog.js] Enqueued failed request for retry in 7204 @ webpack-internal:///(app-pages-browser)/./node_modules/.pnpm/posthog-js@1.309.1/node_modules/posthog-js/dist/module.js:21
[  173588ms] [ERROR] Failed to load resource: net::ERR_CONNECTION_REFUSED @ http://localhost:3111/__nextjs_original-stack-frames:0
[  173593ms] [ERROR] Failed to load resource: net::ERR_CONNECTION_REFUSED @ http://localhost:3111/__nextjs_original-stack-frames:0
[  174598ms] [LOG] [PostHog.js] send "$snapshot" {uuid: 01a0cc07-e1d9-790c-8052-ea068b3297ee, event: $snapshot, properties: Object, timestamp: Tue Sep 22 2026 22:11:03 GMT-0400 (Eastern Daylight Time)} @ webpack-internal:///(app-pages-browser)/./node_modules/.pnpm/posthog-js@1.309.1/node_modules/posthog-js/dist/module.js:21
[  175596ms] [ERROR] Failed to load resource: net::ERR_CONNECTION_REFUSED @ http://localhost:3111/ingest/s/?ip=0&_=1790129464762&ver=1.309.1&compression=gzip-js:0
[  175596ms] [ERROR] [PostHog.js] TypeError: Failed to fetch
    at method (webpack-internal:///(app-pages-browser)/./node_modules/.pnpm/posthog-js@1.309.1/node_modules/posthog-js/dist/module.js:22:71863)
    at eval (webpack-internal:///(app-pages-browser)/./node_modules/.pnpm/posthog-js@1.309.1/node_modules/posthog-js/dist/module.js:22:149004)
    at qo._send_request (webpack-internal:///(app-pages-browser)/./node_modules/.pnpm/posthog-js@1.309.1/node_modules/posthog-js/dist/module.js:22:149010)
    at go.retriableRequest (webpack-internal:///(app-pages-browser)/./node_modules/.pnpm/posthog-js@1.309.1/node_modules/posthog-js/dist/module.js:22:115497)
    at qo.Br (webpack-internal:///(app-pages-browser)/./node_modules/.pnpm/posthog-js@1.309.1/node_modules/posthog-js/dist/module.js:22:149216)
    at fo.eval [as xe] (webpack-internal:///(app-pages-browser)/./node_modules/.pnpm/posthog-js@1.309.1/node_modules/posthog-js/dist/module.js:22:142058)
    at e (webpack-internal:///(app-pages-browser)/./node_modules/.pnpm/posthog-js@1.309.1/node_modules/posthog-js/dist/module.js:22:114800)
    at eval (webpack-internal:///(app-pages-browser)/./node_modules/.pnpm/posthog-js@1.309.1/node_modules/posthog-js/dist/module.js:22:114822) @ webpack-internal:///(app-pages-browser)/./node_modules/.pnpm/next@15.2.6_react-dom@19.0.0_react@19.0.0__react@19.0.0/node_modules/next/dist/client/components/globals/intercept-console-error.js:49
[  175596ms] [WARNING] [PostHog.js] Enqueued failed request for retry in 3587 @ webpack-internal:///(app-pages-browser)/./node_modules/.pnpm/posthog-js@1.309.1/node_modules/posthog-js/dist/module.js:21
[  175603ms] [ERROR] Failed to load resource: net::ERR_CONNECTION_REFUSED @ http://localhost:3111/__nextjs_original-stack-frames:0
[  176580ms] [ERROR] Failed to load resource: net::ERR_CONNECTION_REFUSED @ http://localhost:3111/ingest/s/?retry_count=5&ip=0&_=1790129465748&ver=1.309.1&compression=gzip-js:0
[  176580ms] [ERROR] [PostHog.js] TypeError: Failed to fetch
    at method (webpack-internal:///(app-pages-browser)/./node_modules/.pnpm/posthog-js@1.309.1/node_modules/posthog-js/dist/module.js:22:71863)
    at eval (webpack-internal:///(app-pages-browser)/./node_modules/.pnpm/posthog-js@1.309.1/node_modules/posthog-js/dist/module.js:22:149004)
    at qo._send_request (webpack-internal:///(app-pages-browser)/./node_modules/.pnpm/posthog-js@1.309.1/node_modules/posthog-js/dist/module.js:22:149010)
    at go.retriableRequest (webpack-internal:///(app-pages-browser)/./node_modules/.pnpm/posthog-js@1.309.1/node_modules/posthog-js/dist/module.js:22:115497)
    at go.Lt (webpack-internal:///(app-pages-browser)/./node_modules/.pnpm/posthog-js@1.309.1/node_modules/posthog-js/dist/module.js:22:116384)
    at eval (webpack-internal:///(app-pages-browser)/./node_modules/.pnpm/posthog-js@1.309.1/node_modules/posthog-js/dist/module.js:22:116221) @ webpack-internal:///(app-pages-browser)/./node_modules/.pnpm/next@15.2.6_react-dom@19.0.0_react@19.0.0__react@19.0.0/node_modules/next/dist/client/components/globals/intercept-console-error.js:49
[  176580ms] [WARNING] [PostHog.js] Enqueued failed request for retry in 78221 @ webpack-internal:///(app-pages-browser)/./node_modules/.pnpm/posthog-js@1.309.1/node_modules/posthog-js/dist/module.js:21
[  176580ms] [ERROR] Failed to load resource: net::ERR_CONNECTION_REFUSED @ http://localhost:3111/ingest/s/?retry_count=3&ip=0&_=1790129465749&ver=1.309.1&compression=gzip-js:0
[  176580ms] [ERROR] [PostHog.js] TypeError: Failed to fetch
    at method (webpack-internal:///(app-pages-browser)/./node_modules/.pnpm/posthog-js@1.309.1/node_modules/posthog-js/dist/module.js:22:71863)
    at eval (webpack-internal:///(app-pages-browser)/./node_modules/.pnpm/posthog-js@1.309.1/node_modules/posthog-js/dist/module.js:22:149004)
    at qo._send_request (webpack-internal:///(app-pages-browser)/./node_modules/.pnpm/posthog-js@1.309.1/node_modules/posthog-js/dist/module.js:22:149010)
    at go.retriableRequest (webpack-internal:///(app-pages-browser)/./node_modules/.pnpm/posthog-js@1.309.1/node_modules/posthog-js/dist/module.js:22:115497)
    at go.Lt (webpack-internal:///(app-pages-browser)/./node_modules/.pnpm/posthog-js@1.309.1/node_modules/posthog-js/dist/module.js:22:116384)
    at eval (webpack-internal:///(app-pages-browser)/./node_modules/.pnpm/posthog-js@1.309.1/node_modules/posthog-js/dist/module.js:22:116221) @ webpack-internal:///(app-pages-browser)/./node_modules/.pnpm/next@15.2.6_react-dom@19.0.0_react@19.0.0__react@19.0.0/node_modules/next/dist/client/components/globals/intercept-console-error.js:49
[  176580ms] [WARNING] [PostHog.js] Enqueued failed request for retry in 27964 @ webpack-internal:///(app-pages-browser)/./node_modules/.pnpm/posthog-js@1.309.1/node_modules/posthog-js/dist/module.js:21
[  176580ms] [ERROR] Failed to load resource: net::ERR_CONNECTION_REFUSED @ http://localhost:3111/ingest/s/?retry_count=3&ip=0&_=1790129465749&ver=1.309.1&compression=gzip-js:0
[  176580ms] [ERROR] [PostHog.js] TypeError: Failed to fetch
    at method (webpack-internal:///(app-pages-browser)/./node_modules/.pnpm/posthog-js@1.309.1/node_modules/posthog-js/dist/module.js:22:71863)
    at eval (webpack-internal:///(app-pages-browser)/./node_modules/.pnpm/posthog-js@1.309.1/node_modules/posthog-js/dist/module.js:22:149004)
    at qo._send_request (webpack-internal:///(app-pages-browser)/./node_modules/.pnpm/posthog-js@1.309.1/node_modules/posthog-js/dist/module.js:22:149010)
    at go.retriableRequest (webpack-internal:///(app-pages-browser)/./node_modules/.pnpm/posthog-js@1.309.1/node_modules/posthog-js/dist/module.js:22:115497)
    at go.Lt (webpack-internal:///(app-pages-browser)/./node_modules/.pnpm/posthog-js@1.309.1/node_modules/posthog-js/dist/module.js:22:116384)
    at eval (webpack-internal:///(app-pages-browser)/./node_modules/.pnpm/posthog-js@1.309.1/node_modules/posthog-js/dist/module.js:22:116221) @ webpack-internal:///(app-pages-browser)/./node_modules/.pnpm/next@15.2.6_react-dom@19.0.0_react@19.0.0__react@19.0.0/node_modules/next/dist/client/components/globals/intercept-console-error.js:49
[  176580ms] [WARNING] [PostHog.js] Enqueued failed request for retry in 27415 @ webpack-internal:///(app-pages-browser)/./node_modules/.pnpm/posthog-js@1.309.1/node_modules/posthog-js/dist/module.js:21
[  176580ms] [ERROR] Failed to load resource: net::ERR_CONNECTION_REFUSED @ http://localhost:3111/ingest/s/?retry_count=2&ip=0&_=1790129465750&ver=1.309.1&compression=gzip-js:0
[  176580ms] [ERROR] [PostHog.js] TypeError: Failed to fetch
    at method (webpack-internal:///(app-pages-browser)/./node_modules/.pnpm/posthog-js@1.309.1/node_modules/posthog-js/dist/module.js:22:71863)
    at eval (webpack-internal:///(app-pages-browser)/./node_modules/.pnpm/posthog-js@1.309.1/node_modules/posthog-js/dist/module.js:22:149004)
    at qo._send_request (webpack-internal:///(app-pages-browser)/./node_modules/.pnpm/posthog-js@1.309.1/node_modules/posthog-js/dist/module.js:22:149010)
    at go.retriableRequest (webpack-internal:///(app-pages-browser)/./node_modules/.pnpm/posthog-js@1.309.1/node_modules/posthog-js/dist/module.js:22:115497)
    at go.Lt (webpack-internal:///(app-pages-browser)/./node_modules/.pnpm/posthog-js@1.309.1/node_modules/posthog-js/dist/module.js:22:116384)
    at eval (webpack-internal:///(app-pages-browser)/./node_modules/.pnpm/posthog-js@1.309.1/node_modules/posthog-js/dist/module.js:22:116221) @ webpack-internal:///(app-pages-browser)/./node_modules/.pnpm/next@15.2.6_react-dom@19.0.0_react@19.0.0__react@19.0.0/node_modules/next/dist/client/components/globals/intercept-console-error.js:49
[  176580ms] [WARNING] [PostHog.js] Enqueued failed request for retry in 13022 @ webpack-internal:///(app-pages-browser)/./node_modules/.pnpm/posthog-js@1.309.1/node_modules/posthog-js/dist/module.js:21
[  176584ms] [ERROR] Failed to load resource: net::ERR_CONNECTION_REFUSED @ http://localhost:3111/ingest/s/?retry_count=1&ip=0&_=1790129465750&ver=1.309.1&compression=gzip-js:0
[  176584ms] [ERROR] [PostHog.js] TypeError: Failed to fetch
    at method (webpack-internal:///(app-pages-browser)/./node_modules/.pnpm/posthog-js@1.309.1/node_modules/posthog-js/dist/module.js:22:71863)
    at eval (webpack-internal:///(app-pages-browser)/./node_modules/.pnpm/posthog-js@1.309.1/node_modules/posthog-js/dist/module.js:22:149004)
    at qo._send_request (webpack-internal:///(app-pages-browser)/./node_modules/.pnpm/posthog-js@1.309.1/node_modules/posthog-js/dist/module.js:22:149010)
    at go.retriableRequest (webpack-internal:///(app-pages-browser)/./node_modules/.pnpm/posthog-js@1.309.1/node_modules/posthog-js/dist/module.js:22:115497)
    at go.Lt (webpack-internal:///(app-pages-browser)/./node_modules/.pnpm/posthog-js@1.309.1/node_modules/posthog-js/dist/module.js:22:116384)
    at eval (webpack-internal:///(app-pages-browser)/./node_modules/.pnpm/posthog-js@1.309.1/node_modules/posthog-js/dist/module.js:22:116221) @ webpack-internal:///(app-pages-browser)/./node_modules/.pnpm/next@15.2.6_react-dom@19.0.0_react@19.0.0__react@19.0.0/node_modules/next/dist/client/components/globals/intercept-console-error.js:49
[  176584ms] [WARNING] [PostHog.js] Enqueued failed request for retry in 7110 @ webpack-internal:///(app-pages-browser)/./node_modules/.pnpm/posthog-js@1.309.1/node_modules/posthog-js/dist/module.js:21
[  176589ms] [ERROR] Failed to load resource: net::ERR_CONNECTION_REFUSED @ http://localhost:3111/__nextjs_original-stack-frames:0
[  176594ms] [ERROR] Failed to load resource: net::ERR_CONNECTION_REFUSED @ http://localhost:3111/__nextjs_original-stack-frames:0
[  177609ms] [LOG] [PostHog.js] send "$snapshot" {uuid: 01a0cc07-ed9d-731f-bd67-2b31c0b9f562, event: $snapshot, properties: Object, timestamp: Tue Sep 22 2026 22:11:06 GMT-0400 (Eastern Daylight Time)} @ webpack-internal:///(app-pages-browser)/./node_modules/.pnpm/posthog-js@1.309.1/node_modules/posthog-js/dist/module.js:21
[  179586ms] [ERROR] Failed to load resource: net::ERR_CONNECTION_REFUSED @ http://localhost:3111/ingest/s/?retry_count=5&ip=0&_=1790129468752&ver=1.309.1&compression=gzip-js:0
[  179586ms] [ERROR] [PostHog.js] TypeError: Failed to fetch
    at method (webpack-internal:///(app-pages-browser)/./node_modules/.pnpm/posthog-js@1.309.1/node_modules/posthog-js/dist/module.js:22:71863)
    at eval (webpack-internal:///(app-pages-browser)/./node_modules/.pnpm/posthog-js@1.309.1/node_modules/posthog-js/dist/module.js:22:149004)
    at qo._send_request (webpack-internal:///(app-pages-browser)/./node_modules/.pnpm/posthog-js@1.309.1/node_modules/posthog-js/dist/module.js:22:149010)
    at go.retriableRequest (webpack-internal:///(app-pages-browser)/./node_modules/.pnpm/posthog-js@1.309.1/node_modules/posthog-js/dist/module.js:22:115497)
    at go.Lt (webpack-internal:///(app-pages-browser)/./node_modules/.pnpm/posthog-js@1.309.1/node_modules/posthog-js/dist/module.js:22:116384)
    at eval (webpack-internal:///(app-pages-browser)/./node_modules/.pnpm/posthog-js@1.309.1/node_modules/posthog-js/dist/module.js:22:116221) @ webpack-internal:///(app-pages-browser)/./node_modules/.pnpm/next@15.2.6_react-dom@19.0.0_react@19.0.0__react@19.0.0/node_modules/next/dist/client/components/globals/intercept-console-error.js:49
[  179586ms] [WARNING] [PostHog.js] Enqueued failed request for retry in 111462 @ webpack-internal:///(app-pages-browser)/./node_modules/.pnpm/posthog-js@1.309.1/node_modules/posthog-js/dist/module.js:21
[  179586ms] [ERROR] Failed to load resource: net::ERR_CONNECTION_REFUSED @ http://localhost:3111/ingest/s/?retry_count=5&ip=0&_=1790129468754&ver=1.309.1&compression=gzip-js:0
[  179586ms] [ERROR] [PostHog.js] TypeError: Failed to fetch
    at method (webpack-internal:///(app-pages-browser)/./node_modules/.pnpm/posthog-js@1.309.1/node_modules/posthog-js/dist/module.js:22:71863)
    at eval (webpack-internal:///(app-pages-browser)/./node_modules/.pnpm/posthog-js@1.309.1/node_modules/posthog-js/dist/module.js:22:149004)
    at qo._send_request (webpack-internal:///(app-pages-browser)/./node_modules/.pnpm/posthog-js@1.309.1/node_modules/posthog-js/dist/module.js:22:149010)
    at go.retriableRequest (webpack-internal:///(app-pages-browser)/./node_modules/.pnpm/posthog-js@1.309.1/node_modules/posthog-js/dist/module.js:22:115497)
    at go.Lt (webpack-internal:///(app-pages-browser)/./node_modules/.pnpm/posthog-js@1.309.1/node_modules/posthog-js/dist/module.js:22:116384)
    at eval (webpack-internal:///(app-pages-browser)/./node_modules/.pnpm/posthog-js@1.309.1/node_modules/posthog-js/dist/module.js:22:116221) @ webpack-internal:///(app-pages-browser)/./node_modules/.pnpm/next@15.2.6_react-dom@19.0.0_react@19.0.0__react@19.0.0/node_modules/next/dist/client/components/globals/intercept-console-error.js:49
[  179586ms] [WARNING] [PostHog.js] Enqueued failed request for retry in 101970 @ webpack-internal:///(app-pages-browser)/./node_modules/.pnpm/posthog-js@1.309.1/node_modules/posthog-js/dist/module.js:21
[  179587ms] [ERROR] Failed to load resource: net::ERR_CONNECTION_REFUSED @ http://localhost:3111/ingest/s/?retry_count=4&ip=0&_=1790129468756&ver=1.309.1&compression=gzip-js:0
[  179587ms] [ERROR] [PostHog.js] TypeError: Failed to fetch
    at method (webpack-internal:///(app-pages-browser)/./node_modules/.pnpm/posthog-js@1.309.1/node_modules/posthog-js/dist/module.js:22:71863)
    at eval (webpack-internal:///(app-pages-browser)/./node_modules/.pnpm/posthog-js@1.309.1/node_modules/posthog-js/dist/module.js:22:149004)
    at qo._send_request (webpack-internal:///(app-pages-browser)/./node_modules/.pnpm/posthog-js@1.309.1/node_modules/posthog-js/dist/module.js:22:149010)
    at go.retriableRequest (webpack-internal:///(app-pages-browser)/./node_modules/.pnpm/posthog-js@1.309.1/node_modules/posthog-js/dist/module.js:22:115497)
    at go.Lt (webpack-internal:///(app-pages-browser)/./node_modules/.pnpm/posthog-js@1.309.1/node_modules/posthog-js/dist/module.js:22:116384)
    at eval (webpack-internal:///(app-pages-browser)/./node_modules/.pnpm/posthog-js@1.309.1/node_modules/posthog-js/dist/module.js:22:116221) @ webpack-internal:///(app-pages-browser)/./node_modules/.pnpm/next@15.2.6_react-dom@19.0.0_react@19.0.0__react@19.0.0/node_modules/next/dist/client/components/globals/intercept-console-error.js:49
[  179587ms] [WARNING] [PostHog.js] Enqueued failed request for retry in 41945 @ webpack-internal:///(app-pages-browser)/./node_modules/.pnpm/posthog-js@1.309.1/node_modules/posthog-js/dist/module.js:21
[  179587ms] [ERROR] Failed to load resource: net::ERR_CONNECTION_REFUSED @ http://localhost:3111/ingest/s/?retry_count=1&ip=0&_=1790129468756&ver=1.309.1&compression=gzip-js:0
[  179587ms] [ERROR] [PostHog.js] TypeError: Failed to fetch
    at method (webpack-internal:///(app-pages-browser)/./node_modules/.pnpm/posthog-js@1.309.1/node_modules/posthog-js/dist/module.js:22:71863)
    at eval (webpack-internal:///(app-pages-browser)/./node_modules/.pnpm/posthog-js@1.309.1/node_modules/posthog-js/dist/module.js:22:149004)
    at qo._send_request (webpack-internal:///(app-pages-browser)/./node_modules/.pnpm/posthog-js@1.309.1/node_modules/posthog-js/dist/module.js:22:149010)
    at go.retriableRequest (webpack-internal:///(app-pages-browser)/./node_modules/.pnpm/posthog-js@1.309.1/node_modules/posthog-js/dist/module.js:22:115497)
    at go.Lt (webpack-internal:///(app-pages-browser)/./node_modules/.pnpm/posthog-js@1.309.1/node_modules/posthog-js/dist/module.js:22:116384)
    at eval (webpack-internal:///(app-pages-browser)/./node_modules/.pnpm/posthog-js@1.309.1/node_modules/posthog-js/dist/module.js:22:116221) @ webpack-internal:///(app-pages-browser)/./node_modules/.pnpm/next@15.2.6_react-dom@19.0.0_react@19.0.0__react@19.0.0/node_modules/next/dist/client/components/globals/intercept-console-error.js:49
[  179587ms] [WARNING] [PostHog.js] Enqueued failed request for retry in 6324 @ webpack-internal:///(app-pages-browser)/./node_modules/.pnpm/posthog-js@1.309.1/node_modules/posthog-js/dist/module.js:21
[  179594ms] [ERROR] Failed to load resource: net::ERR_CONNECTION_REFUSED @ http://localhost:3111/__nextjs_original-stack-frames:0
[  180613ms] [ERROR] Failed to load resource: net::ERR_CONNECTION_REFUSED @ http://localhost:3111/ingest/s/?ip=0&_=1790129469782&ver=1.309.1&compression=gzip-js:0
[  180613ms] [ERROR] [PostHog.js] TypeError: Failed to fetch
    at method (webpack-internal:///(app-pages-browser)/./node_modules/.pnpm/posthog-js@1.309.1/node_modules/posthog-js/dist/module.js:22:71863)
    at eval (webpack-internal:///(app-pages-browser)/./node_modules/.pnpm/posthog-js@1.309.1/node_modules/posthog-js/dist/module.js:22:149004)
    at qo._send_request (webpack-internal:///(app-pages-browser)/./node_modules/.pnpm/posthog-js@1.309.1/node_modules/posthog-js/dist/module.js:22:149010)
    at go.retriableRequest (webpack-internal:///(app-pages-browser)/./node_modules/.pnpm/posthog-js@1.309.1/node_modules/posthog-js/dist/module.js:22:115497)
    at qo.Br (webpack-internal:///(app-pages-browser)/./node_modules/.pnpm/posthog-js@1.309.1/node_modules/posthog-js/dist/module.js:22:149216)
    at fo.eval [as xe] (webpack-internal:///(app-pages-browser)/./node_modules/.pnpm/posthog-js@1.309.1/node_modules/posthog-js/dist/module.js:22:142058)
    at e (webpack-internal:///(app-pages-browser)/./node_modules/.pnpm/posthog-js@1.309.1/node_modules/posthog-js/dist/module.js:22:114800)
    at eval (webpack-internal:///(app-pages-browser)/./node_modules/.pnpm/posthog-js@1.309.1/node_modules/posthog-js/dist/module.js:22:114822) @ webpack-internal:///(app-pages-browser)/./node_modules/.pnpm/next@15.2.6_react-dom@19.0.0_react@19.0.0__react@19.0.0/node_modules/next/dist/client/components/globals/intercept-console-error.js:49
[  180614ms] [WARNING] [PostHog.js] Enqueued failed request for retry in 2842 @ webpack-internal:///(app-pages-browser)/./node_modules/.pnpm/posthog-js@1.309.1/node_modules/posthog-js/dist/module.js:21
[  180621ms] [ERROR] Failed to load resource: net::ERR_CONNECTION_REFUSED @ http://localhost:3111/__nextjs_original-stack-frames:0
[  181598ms] [LOG] [PostHog.js] send "$snapshot" {uuid: 01a0cc07-fd32-78b6-bd69-122a8648ee7b, event: $snapshot, properties: Object, timestamp: Tue Sep 22 2026 22:11:10 GMT-0400 (Eastern Daylight Time)} @ webpack-internal:///(app-pages-browser)/./node_modules/.pnpm/posthog-js@1.309.1/node_modules/posthog-js/dist/module.js:21
[  182591ms] [ERROR] Failed to load resource: net::ERR_CONNECTION_REFUSED @ http://localhost:3111/ingest/s/?retry_count=4&ip=0&_=1790129471758&ver=1.309.1&compression=gzip-js:0
[  182591ms] [ERROR] [PostHog.js] TypeError: Failed to fetch
    at method (webpack-internal:///(app-pages-browser)/./node_modules/.pnpm/posthog-js@1.309.1/node_modules/posthog-js/dist/module.js:22:71863)
    at eval (webpack-internal:///(app-pages-browser)/./node_modules/.pnpm/posthog-js@1.309.1/node_modules/posthog-js/dist/module.js:22:149004)
    at qo._send_request (webpack-internal:///(app-pages-browser)/./node_modules/.pnpm/posthog-js@1.309.1/node_modules/posthog-js/dist/module.js:22:149010)
    at go.retriableRequest (webpack-internal:///(app-pages-browser)/./node_modules/.pnpm/posthog-js@1.309.1/node_modules/posthog-js/dist/module.js:22:115497)
    at go.Lt (webpack-internal:///(app-pages-browser)/./node_modules/.pnpm/posthog-js@1.309.1/node_modules/posthog-js/dist/module.js:22:116384)
    at eval (webpack-internal:///(app-pages-browser)/./node_modules/.pnpm/posthog-js@1.309.1/node_modules/posthog-js/dist/module.js:22:116221) @ webpack-internal:///(app-pages-browser)/./node_modules/.pnpm/next@15.2.6_react-dom@19.0.0_react@19.0.0__react@19.0.0/node_modules/next/dist/client/components/globals/intercept-console-error.js:49
[  182591ms] [WARNING] [PostHog.js] Enqueued failed request for retry in 42853 @ webpack-internal:///(app-pages-browser)/./node_modules/.pnpm/posthog-js@1.309.1/node_modules/posthog-js/dist/module.js:21
[  182591ms] [ERROR] Failed to load resource: net::ERR_CONNECTION_REFUSED @ http://localhost:3111/ingest/s/?retry_count=3&ip=0&_=1790129471759&ver=1.309.1&compression=gzip-js:0
[  182591ms] [ERROR] [PostHog.js] TypeError: Failed to fetch
    at method (webpack-internal:///(app-pages-browser)/./node_modules/.pnpm/posthog-js@1.309.1/node_modules/posthog-js/dist/module.js:22:71863)
    at eval (webpack-internal:///(app-pages-browser)/./node_modules/.pnpm/posthog-js@1.309.1/node_modules/posthog-js/dist/module.js:22:149004)
    at qo._send_request (webpack-internal:///(app-pages-browser)/./node_modules/.pnpm/posthog-js@1.309.1/node_modules/posthog-js/dist/module.js:22:149010)
    at go.retriableRequest (webpack-internal:///(app-pages-browser)/./node_modules/.pnpm/posthog-js@1.309.1/node_modules/posthog-js/dist/module.js:22:115497)
    at go.Lt (webpack-internal:///(app-pages-browser)/./node_modules/.pnpm/posthog-js@1.309.1/node_modules/posthog-js/dist/module.js:22:116384)
    at eval (webpack-internal:///(app-pages-browser)/./node_modules/.pnpm/posthog-js@1.309.1/node_modules/posthog-js/dist/module.js:22:116221) @ webpack-internal:///(app-pages-browser)/./node_modules/.pnpm/next@15.2.6_react-dom@19.0.0_react@19.0.0__react@19.0.0/node_modules/next/dist/client/components/globals/intercept-console-error.js:49
[  182592ms] [WARNING] [PostHog.js] Enqueued failed request for retry in 25521 @ webpack-internal:///(app-pages-browser)/./node_modules/.pnpm/posthog-js@1.309.1/node_modules/posthog-js/dist/module.js:21
[  182592ms] [ERROR] Failed to load resource: net::ERR_CONNECTION_REFUSED @ http://localhost:3111/ingest/s/?retry_count=3&ip=0&_=1790129471760&ver=1.309.1&compression=gzip-js:0
[  182592ms] [ERROR] [PostHog.js] TypeError: Failed to fetch
    at method (webpack-internal:///(app-pages-browser)/./node_modules/.pnpm/posthog-js@1.309.1/node_modules/posthog-js/dist/module.js:22:71863)
    at eval (webpack-internal:///(app-pages-browser)/./node_modules/.pnpm/posthog-js@1.309.1/node_modules/posthog-js/dist/module.js:22:149004)
    at qo._send_request (webpack-internal:///(app-pages-browser)/./node_modules/.pnpm/posthog-js@1.309.1/node_modules/posthog-js/dist/module.js:22:149010)
    at go.retriableRequest (webpack-internal:///(app-pages-browser)/./node_modules/.pnpm/posthog-js@1.309.1/node_modules/posthog-js/dist/module.js:22:115497)
    at go.Lt (webpack-internal:///(app-pages-browser)/./node_modules/.pnpm/posthog-js@1.309.1/node_modules/posthog-js/dist/module.js:22:116384)
    at eval (webpack-internal:///(app-pages-browser)/./node_modules/.pnpm/posthog-js@1.309.1/node_modules/posthog-js/dist/module.js:22:116221) @ webpack-internal:///(app-pages-browser)/./node_modules/.pnpm/next@15.2.6_react-dom@19.0.0_react@19.0.0__react@19.0.0/node_modules/next/dist/client/components/globals/intercept-console-error.js:49
[  182592ms] [WARNING] [PostHog.js] Enqueued failed request for retry in 27726 @ webpack-internal:///(app-pages-browser)/./node_modules/.pnpm/posthog-js@1.309.1/node_modules/posthog-js/dist/module.js:21
[  182592ms] [ERROR] Failed to load resource: net::ERR_CONNECTION_REFUSED @ http://localhost:3111/ingest/s/?retry_count=2&ip=0&_=1790129471761&ver=1.309.1&compression=gzip-js:0
[  182592ms] [ERROR] [PostHog.js] TypeError: Failed to fetch
    at method (webpack-internal:///(app-pages-browser)/./node_modules/.pnpm/posthog-js@1.309.1/node_modules/posthog-js/dist/module.js:22:71863)
    at eval (webpack-internal:///(app-pages-browser)/./node_modules/.pnpm/posthog-js@1.309.1/node_modules/posthog-js/dist/module.js:22:149004)
    at qo._send_request (webpack-internal:///(app-pages-browser)/./node_modules/.pnpm/posthog-js@1.309.1/node_modules/posthog-js/dist/module.js:22:149010)
    at go.retriableRequest (webpack-internal:///(app-pages-browser)/./node_modules/.pnpm/posthog-js@1.309.1/node_modules/posthog-js/dist/module.js:22:115497)
    at go.Lt (webpack-internal:///(app-pages-browser)/./node_modules/.pnpm/posthog-js@1.309.1/node_modules/posthog-js/dist/module.js:22:116384)
    at eval (webpack-internal:///(app-pages-browser)/./node_modules/.pnpm/posthog-js@1.309.1/node_modules/posthog-js/dist/module.js:22:116221) @ webpack-internal:///(app-pages-browser)/./node_modules/.pnpm/next@15.2.6_react-dom@19.0.0_react@19.0.0__react@19.0.0/node_modules/next/dist/client/components/globals/intercept-console-error.js:49
[  182592ms] [WARNING] [PostHog.js] Enqueued failed request for retry in 14848 @ webpack-internal:///(app-pages-browser)/./node_modules/.pnpm/posthog-js@1.309.1/node_modules/posthog-js/dist/module.js:21
[  182599ms] [ERROR] Failed to load resource: net::ERR_CONNECTION_REFUSED @ http://localhost:3111/__nextjs_original-stack-frames:0
[  184601ms] [ERROR] Failed to load resource: net::ERR_CONNECTION_REFUSED @ http://localhost:3111/ingest/s/?ip=0&_=1790129473771&ver=1.309.1&compression=gzip-js:0
[  184602ms] [ERROR] [PostHog.js] TypeError: Failed to fetch
    at method (webpack-internal:///(app-pages-browser)/./node_modules/.pnpm/posthog-js@1.309.1/node_modules/posthog-js/dist/module.js:22:71863)
    at eval (webpack-internal:///(app-pages-browser)/./node_modules/.pnpm/posthog-js@1.309.1/node_modules/posthog-js/dist/module.js:22:149004)
    at qo._send_request (webpack-internal:///(app-pages-browser)/./node_modules/.pnpm/posthog-js@1.309.1/node_modules/posthog-js/dist/module.js:22:149010)
    at go.retriableRequest (webpack-internal:///(app-pages-browser)/./node_modules/.pnpm/posthog-js@1.309.1/node_modules/posthog-js/dist/module.js:22:115497)
    at qo.Br (webpack-internal:///(app-pages-browser)/./node_modules/.pnpm/posthog-js@1.309.1/node_modules/posthog-js/dist/module.js:22:149216)
    at fo.eval [as xe] (webpack-internal:///(app-pages-browser)/./node_modules/.pnpm/posthog-js@1.309.1/node_modules/posthog-js/dist/module.js:22:142058)
    at e (webpack-internal:///(app-pages-browser)/./node_modules/.pnpm/posthog-js@1.309.1/node_modules/posthog-js/dist/module.js:22:114800)
    at eval (webpack-internal:///(app-pages-browser)/./node_modules/.pnpm/posthog-js@1.309.1/node_modules/posthog-js/dist/module.js:22:114822) @ webpack-internal:///(app-pages-browser)/./node_modules/.pnpm/next@15.2.6_react-dom@19.0.0_react@19.0.0__react@19.0.0/node_modules/next/dist/client/components/globals/intercept-console-error.js:49
[  184602ms] [WARNING] [PostHog.js] Enqueued failed request for retry in 3122 @ webpack-internal:///(app-pages-browser)/./node_modules/.pnpm/posthog-js@1.309.1/node_modules/posthog-js/dist/module.js:21
[  184606ms] [LOG] [PostHog.js] send "$snapshot" {uuid: 01a0cc08-08f2-7c68-9570-efe5bca1d89c, event: $snapshot, properties: Object, timestamp: Tue Sep 22 2026 22:11:13 GMT-0400 (Eastern Daylight Time)} @ webpack-internal:///(app-pages-browser)/./node_modules/.pnpm/posthog-js@1.309.1/node_modules/posthog-js/dist/module.js:21
[  184610ms] [ERROR] Failed to load resource: net::ERR_CONNECTION_REFUSED @ http://localhost:3111/__nextjs_original-stack-frames:0
[  185597ms] [ERROR] Failed to load resource: net::ERR_CONNECTION_REFUSED @ http://localhost:3111/ingest/s/?retry_count=2&ip=0&_=1790129474763&ver=1.309.1&compression=gzip-js:0
[  185597ms] [ERROR] [PostHog.js] TypeError: Failed to fetch
    at method (webpack-internal:///(app-pages-browser)/./node_modules/.pnpm/posthog-js@1.309.1/node_modules/posthog-js/dist/module.js:22:71863)
    at eval (webpack-internal:///(app-pages-browser)/./node_modules/.pnpm/posthog-js@1.309.1/node_modules/posthog-js/dist/module.js:22:149004)
    at qo._send_request (webpack-internal:///(app-pages-browser)/./node_modules/.pnpm/posthog-js@1.309.1/node_modules/posthog-js/dist/module.js:22:149010)
    at go.retriableRequest (webpack-internal:///(app-pages-browser)/./node_modules/.pnpm/posthog-js@1.309.1/node_modules/posthog-js/dist/module.js:22:115497)
    at go.Lt (webpack-internal:///(app-pages-browser)/./node_modules/.pnpm/posthog-js@1.309.1/node_modules/posthog-js/dist/module.js:22:116384)
    at eval (webpack-internal:///(app-pages-browser)/./node_modules/.pnpm/posthog-js@1.309.1/node_modules/posthog-js/dist/module.js:22:116221) @ webpack-internal:///(app-pages-browser)/./node_modules/.pnpm/next@15.2.6_react-dom@19.0.0_react@19.0.0__react@19.0.0/node_modules/next/dist/client/components/globals/intercept-console-error.js:49
[  185597ms] [WARNING] [PostHog.js] Enqueued failed request for retry in 10406 @ webpack-internal:///(app-pages-browser)/./node_modules/.pnpm/posthog-js@1.309.1/node_modules/posthog-js/dist/module.js:21
[  185601ms] [ERROR] Failed to load resource: net::ERR_CONNECTION_REFUSED @ http://localhost:3111/ingest/s/?retry_count=1&ip=0&_=1790129474767&ver=1.309.1&compression=gzip-js:0
[  185601ms] [ERROR] [PostHog.js] TypeError: Failed to fetch
    at method (webpack-internal:///(app-pages-browser)/./node_modules/.pnpm/posthog-js@1.309.1/node_modules/posthog-js/dist/module.js:22:71863)
    at eval (webpack-internal:///(app-pages-browser)/./node_modules/.pnpm/posthog-js@1.309.1/node_modules/posthog-js/dist/module.js:22:149004)
    at qo._send_request (webpack-internal:///(app-pages-browser)/./node_modules/.pnpm/posthog-js@1.309.1/node_modules/posthog-js/dist/module.js:22:149010)
    at go.retriableRequest (webpack-internal:///(app-pages-browser)/./node_modules/.pnpm/posthog-js@1.309.1/node_modules/posthog-js/dist/module.js:22:115497)
    at go.Lt (webpack-internal:///(app-pages-browser)/./node_modules/.pnpm/posthog-js@1.309.1/node_modules/posthog-js/dist/module.js:22:116384)
    at eval (webpack-internal:///(app-pages-browser)/./node_modules/.pnpm/posthog-js@1.309.1/node_modules/posthog-js/dist/module.js:22:116221) @ webpack-internal:///(app-pages-browser)/./node_modules/.pnpm/next@15.2.6_react-dom@19.0.0_react@19.0.0__react@19.0.0/node_modules/next/dist/client/components/globals/intercept-console-error.js:49
[  185601ms] [WARNING] [PostHog.js] Enqueued failed request for retry in 5025 @ webpack-internal:///(app-pages-browser)/./node_modules/.pnpm/posthog-js@1.309.1/node_modules/posthog-js/dist/module.js:21
[  185607ms] [ERROR] Failed to load resource: net::ERR_CONNECTION_REFUSED @ http://localhost:3111/__nextjs_original-stack-frames:0
[  185611ms] [ERROR] Failed to load resource: net::ERR_CONNECTION_REFUSED @ http://localhost:3111/__nextjs_original-stack-frames:0
[  186612ms] [LOG] [PostHog.js] send "$snapshot" {uuid: 01a0cc08-10c7-7a97-87e4-2add090e3530, event: $snapshot, properties: Object, timestamp: Tue Sep 22 2026 22:11:15 GMT-0400 (Eastern Daylight Time)} @ webpack-internal:///(app-pages-browser)/./node_modules/.pnpm/posthog-js@1.309.1/node_modules/posthog-js/dist/module.js:21
[  187610ms] [ERROR] Failed to load resource: net::ERR_CONNECTION_REFUSED @ http://localhost:3111/ingest/s/?ip=0&_=1790129476779&ver=1.309.1&compression=gzip-js:0
[  187610ms] [ERROR] [PostHog.js] TypeError: Failed to fetch
    at method (webpack-internal:///(app-pages-browser)/./node_modules/.pnpm/posthog-js@1.309.1/node_modules/posthog-js/dist/module.js:22:71863)
    at eval (webpack-internal:///(app-pages-browser)/./node_modules/.pnpm/posthog-js@1.309.1/node_modules/posthog-js/dist/module.js:22:149004)
    at qo._send_request (webpack-internal:///(app-pages-browser)/./node_modules/.pnpm/posthog-js@1.309.1/node_modules/posthog-js/dist/module.js:22:149010)
    at go.retriableRequest (webpack-internal:///(app-pages-browser)/./node_modules/.pnpm/posthog-js@1.309.1/node_modules/posthog-js/dist/module.js:22:115497)
    at qo.Br (webpack-internal:///(app-pages-browser)/./node_modules/.pnpm/posthog-js@1.309.1/node_modules/posthog-js/dist/module.js:22:149216)
    at fo.eval [as xe] (webpack-internal:///(app-pages-browser)/./node_modules/.pnpm/posthog-js@1.309.1/node_modules/posthog-js/dist/module.js:22:142058)
    at e (webpack-internal:///(app-pages-browser)/./node_modules/.pnpm/posthog-js@1.309.1/node_modules/posthog-js/dist/module.js:22:114800)
    at eval (webpack-internal:///(app-pages-browser)/./node_modules/.pnpm/posthog-js@1.309.1/node_modules/posthog-js/dist/module.js:22:114822) @ webpack-internal:///(app-pages-browser)/./node_modules/.pnpm/next@15.2.6_react-dom@19.0.0_react@19.0.0__react@19.0.0/node_modules/next/dist/client/components/globals/intercept-console-error.js:49
[  187610ms] [WARNING] [PostHog.js] Enqueued failed request for retry in 2624 @ webpack-internal:///(app-pages-browser)/./node_modules/.pnpm/posthog-js@1.309.1/node_modules/posthog-js/dist/module.js:21
[  187618ms] [ERROR] Failed to load resource: net::ERR_CONNECTION_REFUSED @ http://localhost:3111/__nextjs_original-stack-frames:0
[  188601ms] [ERROR] Failed to load resource: net::ERR_CONNECTION_REFUSED @ http://localhost:3111/ingest/s/?retry_count=5&ip=0&_=1790129477770&ver=1.309.1&compression=gzip-js:0
[  188601ms] [ERROR] [PostHog.js] TypeError: Failed to fetch
    at method (webpack-internal:///(app-pages-browser)/./node_modules/.pnpm/posthog-js@1.309.1/node_modules/posthog-js/dist/module.js:22:71863)
    at eval (webpack-internal:///(app-pages-browser)/./node_modules/.pnpm/posthog-js@1.309.1/node_modules/posthog-js/dist/module.js:22:149004)
    at qo._send_request (webpack-internal:///(app-pages-browser)/./node_modules/.pnpm/posthog-js@1.309.1/node_modules/posthog-js/dist/module.js:22:149010)
    at go.retriableRequest (webpack-internal:///(app-pages-browser)/./node_modules/.pnpm/posthog-js@1.309.1/node_modules/posthog-js/dist/module.js:22:115497)
    at go.Lt (webpack-internal:///(app-pages-browser)/./node_modules/.pnpm/posthog-js@1.309.1/node_modules/posthog-js/dist/module.js:22:116384)
    at eval (webpack-internal:///(app-pages-browser)/./node_modules/.pnpm/posthog-js@1.309.1/node_modules/posthog-js/dist/module.js:22:116221) @ webpack-internal:///(app-pages-browser)/./node_modules/.pnpm/next@15.2.6_react-dom@19.0.0_react@19.0.0__react@19.0.0/node_modules/next/dist/client/components/globals/intercept-console-error.js:49
[  188601ms] [WARNING] [PostHog.js] Enqueued failed request for retry in 72280 @ webpack-internal:///(app-pages-browser)/./node_modules/.pnpm/posthog-js@1.309.1/node_modules/posthog-js/dist/module.js:21
[  188601ms] [ERROR] Failed to load resource: net::ERR_CONNECTION_REFUSED @ http://localhost:3111/ingest/s/?retry_count=2&ip=0&_=1790129477771&ver=1.309.1&compression=gzip-js:0
[  188601ms] [ERROR] [PostHog.js] TypeError: Failed to fetch
    at method (webpack-internal:///(app-pages-browser)/./node_modules/.pnpm/posthog-js@1.309.1/node_modules/posthog-js/dist/module.js:22:71863)
    at eval (webpack-internal:///(app-pages-browser)/./node_modules/.pnpm/posthog-js@1.309.1/node_modules/posthog-js/dist/module.js:22:149004)
    at qo._send_request (webpack-internal:///(app-pages-browser)/./node_modules/.pnpm/posthog-js@1.309.1/node_modules/posthog-js/dist/module.js:22:149010)
    at go.retriableRequest (webpack-internal:///(app-pages-browser)/./node_modules/.pnpm/posthog-js@1.309.1/node_modules/posthog-js/dist/module.js:22:115497)
    at go.Lt (webpack-internal:///(app-pages-browser)/./node_modules/.pnpm/posthog-js@1.309.1/node_modules/posthog-js/dist/module.js:22:116384)
    at eval (webpack-internal:///(app-pages-browser)/./node_modules/.pnpm/posthog-js@1.309.1/node_modules/posthog-js/dist/module.js:22:116221) @ webpack-internal:///(app-pages-browser)/./node_modules/.pnpm/next@15.2.6_react-dom@19.0.0_react@19.0.0__react@19.0.0/node_modules/next/dist/client/components/globals/intercept-console-error.js:49
[  188601ms] [WARNING] [PostHog.js] Enqueued failed request for retry in 12036 @ webpack-internal:///(app-pages-browser)/./node_modules/.pnpm/posthog-js@1.309.1/node_modules/posthog-js/dist/module.js:21
[  188605ms] [ERROR] Failed to load resource: net::ERR_CONNECTION_REFUSED @ http://localhost:3111/ingest/s/?retry_count=1&ip=0&_=1790129477771&ver=1.309.1&compression=gzip-js:0
[  188605ms] [ERROR] [PostHog.js] TypeError: Failed to fetch
    at method (webpack-internal:///(app-pages-browser)/./node_modules/.pnpm/posthog-js@1.309.1/node_modules/posthog-js/dist/module.js:22:71863)
    at eval (webpack-internal:///(app-pages-browser)/./node_modules/.pnpm/posthog-js@1.309.1/node_modules/posthog-js/dist/module.js:22:149004)
    at qo._send_request (webpack-internal:///(app-pages-browser)/./node_modules/.pnpm/posthog-js@1.309.1/node_modules/posthog-js/dist/module.js:22:149010)
    at go.retriableRequest (webpack-internal:///(app-pages-browser)/./node_modules/.pnpm/posthog-js@1.309.1/node_modules/posthog-js/dist/module.js:22:115497)
    at go.Lt (webpack-internal:///(app-pages-browser)/./node_modules/.pnpm/posthog-js@1.309.1/node_modules/posthog-js/dist/module.js:22:116384)
    at eval (webpack-internal:///(app-pages-browser)/./node_modules/.pnpm/posthog-js@1.309.1/node_modules/posthog-js/dist/module.js:22:116221) @ webpack-internal:///(app-pages-browser)/./node_modules/.pnpm/next@15.2.6_react-dom@19.0.0_react@19.0.0__react@19.0.0/node_modules/next/dist/client/components/globals/intercept-console-error.js:49
[  188605ms] [WARNING] [PostHog.js] Enqueued failed request for retry in 4713 @ webpack-internal:///(app-pages-browser)/./node_modules/.pnpm/posthog-js@1.309.1/node_modules/posthog-js/dist/module.js:21
[  188610ms] [ERROR] Failed to load resource: net::ERR_CONNECTION_REFUSED @ http://localhost:3111/__nextjs_original-stack-frames:0
[  188613ms] [ERROR] Failed to load resource: net::ERR_CONNECTION_REFUSED @ http://localhost:3111/__nextjs_original-stack-frames:0
[  189623ms] [LOG] [PostHog.js] send "$snapshot" {uuid: 01a0cc08-1c8b-7056-8c73-1a2f3c101bb6, event: $snapshot, properties: Object, timestamp: Tue Sep 22 2026 22:11:18 GMT-0400 (Eastern Daylight Time)} @ webpack-internal:///(app-pages-browser)/./node_modules/.pnpm/posthog-js@1.309.1/node_modules/posthog-js/dist/module.js:21
[  191604ms] [ERROR] Failed to load resource: net::ERR_CONNECTION_REFUSED @ http://localhost:3111/ingest/s/?retry_count=5&ip=0&_=1790129480773&ver=1.309.1&compression=gzip-js:0
[  191605ms] [ERROR] [PostHog.js] TypeError: Failed to fetch
    at method (webpack-internal:///(app-pages-browser)/./node_modules/.pnpm/posthog-js@1.309.1/node_modules/posthog-js/dist/module.js:22:71863)
    at eval (webpack-internal:///(app-pages-browser)/./node_modules/.pnpm/posthog-js@1.309.1/node_modules/posthog-js/dist/module.js:22:149004)
    at qo._send_request (webpack-internal:///(app-pages-browser)/./node_modules/.pnpm/posthog-js@1.309.1/node_modules/posthog-js/dist/module.js:22:149010)
    at go.retriableRequest (webpack-internal:///(app-pages-browser)/./node_modules/.pnpm/posthog-js@1.309.1/node_modules/posthog-js/dist/module.js:22:115497)
    at go.Lt (webpack-internal:///(app-pages-browser)/./node_modules/.pnpm/posthog-js@1.309.1/node_modules/posthog-js/dist/module.js:22:116384)
    at eval (webpack-internal:///(app-pages-browser)/./node_modules/.pnpm/posthog-js@1.309.1/node_modules/posthog-js/dist/module.js:22:116221) @ webpack-internal:///(app-pages-browser)/./node_modules/.pnpm/next@15.2.6_react-dom@19.0.0_react@19.0.0__react@19.0.0/node_modules/next/dist/client/components/globals/intercept-console-error.js:49
[  191605ms] [WARNING] [PostHog.js] Enqueued failed request for retry in 72778 @ webpack-internal:///(app-pages-browser)/./node_modules/.pnpm/posthog-js@1.309.1/node_modules/posthog-js/dist/module.js:21
[  191605ms] [ERROR] Failed to load resource: net::ERR_CONNECTION_REFUSED @ http://localhost:3111/ingest/s/?retry_count=4&ip=0&_=1790129480774&ver=1.309.1&compression=gzip-js:0
[  191605ms] [ERROR] [PostHog.js] TypeError: Failed to fetch
    at method (webpack-internal:///(app-pages-browser)/./node_modules/.pnpm/posthog-js@1.309.1/node_modules/posthog-js/dist/module.js:22:71863)
    at eval (webpack-internal:///(app-pages-browser)/./node_modules/.pnpm/posthog-js@1.309.1/node_modules/posthog-js/dist/module.js:22:149004)
    at qo._send_request (webpack-internal:///(app-pages-browser)/./node_modules/.pnpm/posthog-js@1.309.1/node_modules/posthog-js/dist/module.js:22:149010)
    at go.retriableRequest (webpack-internal:///(app-pages-browser)/./node_modules/.pnpm/posthog-js@1.309.1/node_modules/posthog-js/dist/module.js:22:115497)
    at go.Lt (webpack-internal:///(app-pages-browser)/./node_modules/.pnpm/posthog-js@1.309.1/node_modules/posthog-js/dist/module.js:22:116384)
    at eval (webpack-internal:///(app-pages-browser)/./node_modules/.pnpm/posthog-js@1.309.1/node_modules/posthog-js/dist/module.js:22:116221) @ webpack-internal:///(app-pages-browser)/./node_modules/.pnpm/next@15.2.6_react-dom@19.0.0_react@19.0.0__react@19.0.0/node_modules/next/dist/client/components/globals/intercept-console-error.js:49
[  191605ms] [WARNING] [PostHog.js] Enqueued failed request for retry in 55605 @ webpack-internal:///(app-pages-browser)/./node_modules/.pnpm/posthog-js@1.309.1/node_modules/posthog-js/dist/module.js:21
[  191605ms] [ERROR] Failed to load resource: net::ERR_CONNECTION_REFUSED @ http://localhost:3111/ingest/s/?retry_count=3&ip=0&_=1790129480774&ver=1.309.1&compression=gzip-js:0
[  191605ms] [ERROR] [PostHog.js] TypeError: Failed to fetch
    at method (webpack-internal:///(app-pages-browser)/./node_modules/.pnpm/posthog-js@1.309.1/node_modules/posthog-js/dist/module.js:22:71863)
    at eval (webpack-internal:///(app-pages-browser)/./node_modules/.pnpm/posthog-js@1.309.1/node_modules/posthog-js/dist/module.js:22:149004)
    at qo._send_request (webpack-internal:///(app-pages-browser)/./node_modules/.pnpm/posthog-js@1.309.1/node_modules/posthog-js/dist/module.js:22:149010)
    at go.retriableRequest (webpack-internal:///(app-pages-browser)/./node_modules/.pnpm/posthog-js@1.309.1/node_modules/posthog-js/dist/module.js:22:115497)
    at go.Lt (webpack-internal:///(app-pages-browser)/./node_modules/.pnpm/posthog-js@1.309.1/node_modules/posthog-js/dist/module.js:22:116384)
    at eval (webpack-internal:///(app-pages-browser)/./node_modules/.pnpm/posthog-js@1.309.1/node_modules/posthog-js/dist/module.js:22:116221) @ webpack-internal:///(app-pages-browser)/./node_modules/.pnpm/next@15.2.6_react-dom@19.0.0_react@19.0.0__react@19.0.0/node_modules/next/dist/client/components/globals/intercept-console-error.js:49
[  191605ms] [WARNING] [PostHog.js] Enqueued failed request for retry in 25435 @ webpack-internal:///(app-pages-browser)/./node_modules/.pnpm/posthog-js@1.309.1/node_modules/posthog-js/dist/module.js:21
[  191605ms] [ERROR] Failed to load resource: net::ERR_CONNECTION_REFUSED @ http://localhost:3111/ingest/s/?retry_count=2&ip=0&_=1790129480775&ver=1.309.1&compression=gzip-js:0
[  191605ms] [ERROR] [PostHog.js] TypeError: Failed to fetch
    at method (webpack-internal:///(app-pages-browser)/./node_modules/.pnpm/posthog-js@1.309.1/node_modules/posthog-js/dist/module.js:22:71863)
    at eval (webpack-internal:///(app-pages-browser)/./node_modules/.pnpm/posthog-js@1.309.1/node_modules/posthog-js/dist/module.js:22:149004)
    at qo._send_request (webpack-internal:///(app-pages-browser)/./node_modules/.pnpm/posthog-js@1.309.1/node_modules/posthog-js/dist/module.js:22:149010)
    at go.retriableRequest (webpack-internal:///(app-pages-browser)/./node_modules/.pnpm/posthog-js@1.309.1/node_modules/posthog-js/dist/module.js:22:115497)
    at go.Lt (webpack-internal:///(app-pages-browser)/./node_modules/.pnpm/posthog-js@1.309.1/node_modules/posthog-js/dist/module.js:22:116384)
    at eval (webpack-internal:///(app-pages-browser)/./node_modules/.pnpm/posthog-js@1.309.1/node_modules/posthog-js/dist/module.js:22:116221) @ webpack-internal:///(app-pages-browser)/./node_modules/.pnpm/next@15.2.6_react-dom@19.0.0_react@19.0.0__react@19.0.0/node_modules/next/dist/client/components/globals/intercept-console-error.js:49
[  191605ms] [WARNING] [PostHog.js] Enqueued failed request for retry in 11377 @ webpack-internal:///(app-pages-browser)/./node_modules/.pnpm/posthog-js@1.309.1/node_modules/posthog-js/dist/module.js:21
[  191609ms] [ERROR] Failed to load resource: net::ERR_CONNECTION_REFUSED @ http://localhost:3111/ingest/s/?retry_count=1&ip=0&_=1790129480775&ver=1.309.1&compression=gzip-js:0
[  191609ms] [ERROR] [PostHog.js] TypeError: Failed to fetch
    at method (webpack-internal:///(app-pages-browser)/./node_modules/.pnpm/posthog-js@1.309.1/node_modules/posthog-js/dist/module.js:22:71863)
    at eval (webpack-internal:///(app-pages-browser)/./node_modules/.pnpm/posthog-js@1.309.1/node_modules/posthog-js/dist/module.js:22:149004)
    at qo._send_request (webpack-internal:///(app-pages-browser)/./node_modules/.pnpm/posthog-js@1.309.1/node_modules/posthog-js/dist/module.js:22:149010)
    at go.retriableRequest (webpack-internal:///(app-pages-browser)/./node_modules/.pnpm/posthog-js@1.309.1/node_modules/posthog-js/dist/module.js:22:115497)
    at go.Lt (webpack-internal:///(app-pages-browser)/./node_modules/.pnpm/posthog-js@1.309.1/node_modules/posthog-js/dist/module.js:22:116384)
    at eval (webpack-internal:///(app-pages-browser)/./node_modules/.pnpm/posthog-js@1.309.1/node_modules/posthog-js/dist/module.js:22:116221) @ webpack-internal:///(app-pages-browser)/./node_modules/.pnpm/next@15.2.6_react-dom@19.0.0_react@19.0.0__react@19.0.0/node_modules/next/dist/client/components/globals/intercept-console-error.js:49
[  191610ms] [WARNING] [PostHog.js] Enqueued failed request for retry in 4800 @ webpack-internal:///(app-pages-browser)/./node_modules/.pnpm/posthog-js@1.309.1/node_modules/posthog-js/dist/module.js:21
[  191615ms] [ERROR] Failed to load resource: net::ERR_CONNECTION_REFUSED @ http://localhost:3111/__nextjs_original-stack-frames:0
[  191619ms] [ERROR] Failed to load resource: net::ERR_CONNECTION_REFUSED @ http://localhost:3111/__nextjs_original-stack-frames:0
[  192629ms] [ERROR] Failed to load resource: net::ERR_CONNECTION_REFUSED @ http://localhost:3111/ingest/s/?ip=0&_=1790129481795&ver=1.309.1&compression=gzip-js:0
[  192629ms] [ERROR] [PostHog.js] TypeError: Failed to fetch
    at method (webpack-internal:///(app-pages-browser)/./node_modules/.pnpm/posthog-js@1.309.1/node_modules/posthog-js/dist/module.js:22:71863)
    at eval (webpack-internal:///(app-pages-browser)/./node_modules/.pnpm/posthog-js@1.309.1/node_modules/posthog-js/dist/module.js:22:149004)
    at qo._send_request (webpack-internal:///(app-pages-browser)/./node_modules/.pnpm/posthog-js@1.309.1/node_modules/posthog-js/dist/module.js:22:149010)
    at go.retriableRequest (webpack-internal:///(app-pages-browser)/./node_modules/.pnpm/posthog-js@1.309.1/node_modules/posthog-js/dist/module.js:22:115497)
    at qo.Br (webpack-internal:///(app-pages-browser)/./node_modules/.pnpm/posthog-js@1.309.1/node_modules/posthog-js/dist/module.js:22:149216)
    at fo.eval [as xe] (webpack-internal:///(app-pages-browser)/./node_modules/.pnpm/posthog-js@1.309.1/node_modules/posthog-js/dist/module.js:22:142058)
    at e (webpack-internal:///(app-pages-browser)/./node_modules/.pnpm/posthog-js@1.309.1/node_modules/posthog-js/dist/module.js:22:114800)
    at eval (webpack-internal:///(app-pages-browser)/./node_modules/.pnpm/posthog-js@1.309.1/node_modules/posthog-js/dist/module.js:22:114822) @ webpack-internal:///(app-pages-browser)/./node_modules/.pnpm/next@15.2.6_react-dom@19.0.0_react@19.0.0__react@19.0.0/node_modules/next/dist/client/components/globals/intercept-console-error.js:49
[  192629ms] [WARNING] [PostHog.js] Enqueued failed request for retry in 3225 @ webpack-internal:///(app-pages-browser)/./node_modules/.pnpm/posthog-js@1.309.1/node_modules/posthog-js/dist/module.js:21
[  192636ms] [ERROR] Failed to load resource: net::ERR_CONNECTION_REFUSED @ http://localhost:3111/__nextjs_original-stack-frames:0
[  193623ms] [LOG] [PostHog.js] send "$snapshot" {uuid: 01a0cc08-2c2b-7a7f-8465-e854fc1c5aaa, event: $snapshot, properties: Object, timestamp: Tue Sep 22 2026 22:11:22 GMT-0400 (Eastern Daylight Time)} @ webpack-internal:///(app-pages-browser)/./node_modules/.pnpm/posthog-js@1.309.1/node_modules/posthog-js/dist/module.js:21
[  194609ms] [ERROR] Failed to load resource: net::ERR_CONNECTION_REFUSED @ http://localhost:3111/ingest/s/?retry_count=4&ip=0&_=1790129483776&ver=1.309.1&compression=gzip-js:0
[  194609ms] [ERROR] [PostHog.js] TypeError: Failed to fetch
    at method (webpack-internal:///(app-pages-browser)/./node_modules/.pnpm/posthog-js@1.309.1/node_modules/posthog-js/dist/module.js:22:71863)
    at eval (webpack-internal:///(app-pages-browser)/./node_modules/.pnpm/posthog-js@1.309.1/node_modules/posthog-js/dist/module.js:22:149004)
    at qo._send_request (webpack-internal:///(app-pages-browser)/./node_modules/.pnpm/posthog-js@1.309.1/node_modules/posthog-js/dist/module.js:22:149010)
    at go.retriableRequest (webpack-internal:///(app-pages-browser)/./node_modules/.pnpm/posthog-js@1.309.1/node_modules/posthog-js/dist/module.js:22:115497)
    at go.Lt (webpack-internal:///(app-pages-browser)/./node_modules/.pnpm/posthog-js@1.309.1/node_modules/posthog-js/dist/module.js:22:116384)
    at eval (webpack-internal:///(app-pages-browser)/./node_modules/.pnpm/posthog-js@1.309.1/node_modules/posthog-js/dist/module.js:22:116221) @ webpack-internal:///(app-pages-browser)/./node_modules/.pnpm/next@15.2.6_react-dom@19.0.0_react@19.0.0__react@19.0.0/node_modules/next/dist/client/components/globals/intercept-console-error.js:49
[  194610ms] [WARNING] [PostHog.js] Enqueued failed request for retry in 42393 @ webpack-internal:///(app-pages-browser)/./node_modules/.pnpm/posthog-js@1.309.1/node_modules/posthog-js/dist/module.js:21
[  194610ms] [ERROR] Failed to load resource: net::ERR_CONNECTION_REFUSED @ http://localhost:3111/ingest/s/?retry_count=2&ip=0&_=1790129483779&ver=1.309.1&compression=gzip-js:0
[  194610ms] [ERROR] [PostHog.js] TypeError: Failed to fetch
    at method (webpack-internal:///(app-pages-browser)/./node_modules/.pnpm/posthog-js@1.309.1/node_modules/posthog-js/dist/module.js:22:71863)
    at eval (webpack-internal:///(app-pages-browser)/./node_modules/.pnpm/posthog-js@1.309.1/node_modules/posthog-js/dist/module.js:22:149004)
    at qo._send_request (webpack-internal:///(app-pages-browser)/./node_modules/.pnpm/posthog-js@1.309.1/node_modules/posthog-js/dist/module.js:22:149010)
    at go.retriableRequest (webpack-internal:///(app-pages-browser)/./node_modules/.pnpm/posthog-js@1.309.1/node_modules/posthog-js/dist/module.js:22:115497)
    at go.Lt (webpack-internal:///(app-pages-browser)/./node_modules/.pnpm/posthog-js@1.309.1/node_modules/posthog-js/dist/module.js:22:116384)
    at eval (webpack-internal:///(app-pages-browser)/./node_modules/.pnpm/posthog-js@1.309.1/node_modules/posthog-js/dist/module.js:22:116221) @ webpack-internal:///(app-pages-browser)/./node_modules/.pnpm/next@15.2.6_react-dom@19.0.0_react@19.0.0__react@19.0.0/node_modules/next/dist/client/components/globals/intercept-console-error.js:49
[  194610ms] [WARNING] [PostHog.js] Enqueued failed request for retry in 9936 @ webpack-internal:///(app-pages-browser)/./node_modules/.pnpm/posthog-js@1.309.1/node_modules/posthog-js/dist/module.js:21
[  194619ms] [ERROR] Failed to load resource: net::ERR_CONNECTION_REFUSED @ http://localhost:3111/__nextjs_original-stack-frames:0
[  196622ms] [LOG] [PostHog.js] send "$snapshot" {uuid: 01a0cc08-37e1-7253-9746-fe320cf896c8, event: $snapshot, properties: Object, timestamp: Tue Sep 22 2026 22:11:25 GMT-0400 (Eastern Daylight Time)} @ webpack-internal:///(app-pages-browser)/./node_modules/.pnpm/posthog-js@1.309.1/node_modules/posthog-js/dist/module.js:21
[  196627ms] [ERROR] Failed to load resource: net::ERR_CONNECTION_REFUSED @ http://localhost:3111/ingest/s/?ip=0&_=1790129485796&ver=1.309.1&compression=gzip-js:0
[  196627ms] [ERROR] [PostHog.js] TypeError: Failed to fetch
    at method (webpack-internal:///(app-pages-browser)/./node_modules/.pnpm/posthog-js@1.309.1/node_modules/posthog-js/dist/module.js:22:71863)
    at eval (webpack-internal:///(app-pages-browser)/./node_modules/.pnpm/posthog-js@1.309.1/node_modules/posthog-js/dist/module.js:22:149004)
    at qo._send_request (webpack-internal:///(app-pages-browser)/./node_modules/.pnpm/posthog-js@1.309.1/node_modules/posthog-js/dist/module.js:22:149010)
    at go.retriableRequest (webpack-internal:///(app-pages-browser)/./node_modules/.pnpm/posthog-js@1.309.1/node_modules/posthog-js/dist/module.js:22:115497)
    at qo.Br (webpack-internal:///(app-pages-browser)/./node_modules/.pnpm/posthog-js@1.309.1/node_modules/posthog-js/dist/module.js:22:149216)
    at fo.eval [as xe] (webpack-internal:///(app-pages-browser)/./node_modules/.pnpm/posthog-js@1.309.1/node_modules/posthog-js/dist/module.js:22:142058)
    at e (webpack-internal:///(app-pages-browser)/./node_modules/.pnpm/posthog-js@1.309.1/node_modules/posthog-js/dist/module.js:22:114800)
    at eval (webpack-internal:///(app-pages-browser)/./node_modules/.pnpm/posthog-js@1.309.1/node_modules/posthog-js/dist/module.js:22:114822) @ webpack-internal:///(app-pages-browser)/./node_modules/.pnpm/next@15.2.6_react-dom@19.0.0_react@19.0.0__react@19.0.0/node_modules/next/dist/client/components/globals/intercept-console-error.js:49
[  196628ms] [WARNING] [PostHog.js] Enqueued failed request for retry in 3638 @ webpack-internal:///(app-pages-browser)/./node_modules/.pnpm/posthog-js@1.309.1/node_modules/posthog-js/dist/module.js:21
[  196635ms] [ERROR] Failed to load resource: net::ERR_CONNECTION_REFUSED @ http://localhost:3111/__nextjs_original-stack-frames:0
[  197613ms] [ERROR] Failed to load resource: net::ERR_CONNECTION_REFUSED @ http://localhost:3111/ingest/s/?retry_count=5&ip=0&_=1790129486780&ver=1.309.1&compression=gzip-js:0
[  197613ms] [ERROR] [PostHog.js] TypeError: Failed to fetch
    at method (webpack-internal:///(app-pages-browser)/./node_modules/.pnpm/posthog-js@1.309.1/node_modules/posthog-js/dist/module.js:22:71863)
    at eval (webpack-internal:///(app-pages-browser)/./node_modules/.pnpm/posthog-js@1.309.1/node_modules/posthog-js/dist/module.js:22:149004)
    at qo._send_request (webpack-internal:///(app-pages-browser)/./node_modules/.pnpm/posthog-js@1.309.1/node_modules/posthog-js/dist/module.js:22:149010)
    at go.retriableRequest (webpack-internal:///(app-pages-browser)/./node_modules/.pnpm/posthog-js@1.309.1/node_modules/posthog-js/dist/module.js:22:115497)
    at go.Lt (webpack-internal:///(app-pages-browser)/./node_modules/.pnpm/posthog-js@1.309.1/node_modules/posthog-js/dist/module.js:22:116384)
    at eval (webpack-internal:///(app-pages-browser)/./node_modules/.pnpm/posthog-js@1.309.1/node_modules/posthog-js/dist/module.js:22:116221) @ webpack-internal:///(app-pages-browser)/./node_modules/.pnpm/next@15.2.6_react-dom@19.0.0_react@19.0.0__react@19.0.0/node_modules/next/dist/client/components/globals/intercept-console-error.js:49
[  197613ms] [WARNING] [PostHog.js] Enqueued failed request for retry in 84961 @ webpack-internal:///(app-pages-browser)/./node_modules/.pnpm/posthog-js@1.309.1/node_modules/posthog-js/dist/module.js:21
[  197613ms] [ERROR] Failed to load resource: net::ERR_CONNECTION_REFUSED @ http://localhost:3111/ingest/s/?retry_count=3&ip=0&_=1790129486781&ver=1.309.1&compression=gzip-js:0
[  197614ms] [ERROR] [PostHog.js] TypeError: Failed to fetch
    at method (webpack-internal:///(app-pages-browser)/./node_modules/.pnpm/posthog-js@1.309.1/node_modules/posthog-js/dist/module.js:22:71863)
    at eval (webpack-internal:///(app-pages-browser)/./node_modules/.pnpm/posthog-js@1.309.1/node_modules/posthog-js/dist/module.js:22:149004)
    at qo._send_request (webpack-internal:///(app-pages-browser)/./node_modules/.pnpm/posthog-js@1.309.1/node_modules/posthog-js/dist/module.js:22:149010)
    at go.retriableRequest (webpack-internal:///(app-pages-browser)/./node_modules/.pnpm/posthog-js@1.309.1/node_modules/posthog-js/dist/module.js:22:115497)
    at go.Lt (webpack-internal:///(app-pages-browser)/./node_modules/.pnpm/posthog-js@1.309.1/node_modules/posthog-js/dist/module.js:22:116384)
    at eval (webpack-internal:///(app-pages-browser)/./node_modules/.pnpm/posthog-js@1.309.1/node_modules/posthog-js/dist/module.js:22:116221) @ webpack-internal:///(app-pages-browser)/./node_modules/.pnpm/next@15.2.6_react-dom@19.0.0_react@19.0.0__react@19.0.0/node_modules/next/dist/client/components/globals/intercept-console-error.js:49
[  197614ms] [WARNING] [PostHog.js] Enqueued failed request for retry in 29822 @ webpack-internal:///(app-pages-browser)/./node_modules/.pnpm/posthog-js@1.309.1/node_modules/posthog-js/dist/module.js:21
[  197614ms] [ERROR] Failed to load resource: net::ERR_CONNECTION_REFUSED @ http://localhost:3111/ingest/s/?retry_count=3&ip=0&_=1790129486782&ver=1.309.1&compression=gzip-js:0
[  197614ms] [ERROR] [PostHog.js] TypeError: Failed to fetch
    at method (webpack-internal:///(app-pages-browser)/./node_modules/.pnpm/posthog-js@1.309.1/node_modules/posthog-js/dist/module.js:22:71863)
    at eval (webpack-internal:///(app-pages-browser)/./node_modules/.pnpm/posthog-js@1.309.1/node_modules/posthog-js/dist/module.js:22:149004)
    at qo._send_request (webpack-internal:///(app-pages-browser)/./node_modules/.pnpm/posthog-js@1.309.1/node_modules/posthog-js/dist/module.js:22:149010)
    at go.retriableRequest (webpack-internal:///(app-pages-browser)/./node_modules/.pnpm/posthog-js@1.309.1/node_modules/posthog-js/dist/module.js:22:115497)
    at go.Lt (webpack-internal:///(app-pages-browser)/./node_modules/.pnpm/posthog-js@1.309.1/node_modules/posthog-js/dist/module.js:22:116384)
    at eval (webpack-internal:///(app-pages-browser)/./node_modules/.pnpm/posthog-js@1.309.1/node_modules/posthog-js/dist/module.js:22:116221) @ webpack-internal:///(app-pages-browser)/./node_modules/.pnpm/next@15.2.6_react-dom@19.0.0_react@19.0.0__react@19.0.0/node_modules/next/dist/client/components/globals/intercept-console-error.js:49
[  197614ms] [WARNING] [PostHog.js] Enqueued failed request for retry in 23773 @ webpack-internal:///(app-pages-browser)/./node_modules/.pnpm/posthog-js@1.309.1/node_modules/posthog-js/dist/module.js:21
[  197614ms] [ERROR] Failed to load resource: net::ERR_CONNECTION_REFUSED @ http://localhost:3111/ingest/s/?retry_count=2&ip=0&_=1790129486783&ver=1.309.1&compression=gzip-js:0
[  197614ms] [ERROR] [PostHog.js] TypeError: Failed to fetch
    at method (webpack-internal:///(app-pages-browser)/./node_modules/.pnpm/posthog-js@1.309.1/node_modules/posthog-js/dist/module.js:22:71863)
    at eval (webpack-internal:///(app-pages-browser)/./node_modules/.pnpm/posthog-js@1.309.1/node_modules/posthog-js/dist/module.js:22:149004)
    at qo._send_request (webpack-internal:///(app-pages-browser)/./node_modules/.pnpm/posthog-js@1.309.1/node_modules/posthog-js/dist/module.js:22:149010)
    at go.retriableRequest (webpack-internal:///(app-pages-browser)/./node_modules/.pnpm/posthog-js@1.309.1/node_modules/posthog-js/dist/module.js:22:115497)
    at go.Lt (webpack-internal:///(app-pages-browser)/./node_modules/.pnpm/posthog-js@1.309.1/node_modules/posthog-js/dist/module.js:22:116384)
    at eval (webpack-internal:///(app-pages-browser)/./node_modules/.pnpm/posthog-js@1.309.1/node_modules/posthog-js/dist/module.js:22:116221) @ webpack-internal:///(app-pages-browser)/./node_modules/.pnpm/next@15.2.6_react-dom@19.0.0_react@19.0.0__react@19.0.0/node_modules/next/dist/client/components/globals/intercept-console-error.js:49
[  197614ms] [WARNING] [PostHog.js] Enqueued failed request for retry in 11477 @ webpack-internal:///(app-pages-browser)/./node_modules/.pnpm/posthog-js@1.309.1/node_modules/posthog-js/dist/module.js:21
[  197619ms] [ERROR] Failed to load resource: net::ERR_CONNECTION_REFUSED @ http://localhost:3111/ingest/s/?retry_count=1&ip=0&_=1790129486784&ver=1.309.1&compression=gzip-js:0
[  197619ms] [ERROR] [PostHog.js] TypeError: Failed to fetch
    at method (webpack-internal:///(app-pages-browser)/./node_modules/.pnpm/posthog-js@1.309.1/node_modules/posthog-js/dist/module.js:22:71863)
    at eval (webpack-internal:///(app-pages-browser)/./node_modules/.pnpm/posthog-js@1.309.1/node_modules/posthog-js/dist/module.js:22:149004)
    at qo._send_request (webpack-internal:///(app-pages-browser)/./node_modules/.pnpm/posthog-js@1.309.1/node_modules/posthog-js/dist/module.js:22:149010)
    at go.retriableRequest (webpack-internal:///(app-pages-browser)/./node_modules/.pnpm/posthog-js@1.309.1/node_modules/posthog-js/dist/module.js:22:115497)
    at go.Lt (webpack-internal:///(app-pages-browser)/./node_modules/.pnpm/posthog-js@1.309.1/node_modules/posthog-js/dist/module.js:22:116384)
    at eval (webpack-internal:///(app-pages-browser)/./node_modules/.pnpm/posthog-js@1.309.1/node_modules/posthog-js/dist/module.js:22:116221) @ webpack-internal:///(app-pages-browser)/./node_modules/.pnpm/next@15.2.6_react-dom@19.0.0_react@19.0.0__react@19.0.0/node_modules/next/dist/client/components/globals/intercept-console-error.js:49
[  197619ms] [WARNING] [PostHog.js] Enqueued failed request for retry in 5945 @ webpack-internal:///(app-pages-browser)/./node_modules/.pnpm/posthog-js@1.309.1/node_modules/posthog-js/dist/module.js:21
[  197623ms] [ERROR] Failed to load resource: net::ERR_CONNECTION_REFUSED @ http://localhost:3111/__nextjs_original-stack-frames:0
[  197628ms] [ERROR] Failed to load resource: net::ERR_CONNECTION_REFUSED @ http://localhost:3111/__nextjs_original-stack-frames:0
[  198639ms] [LOG] [PostHog.js] send "$snapshot" {uuid: 01a0cc08-3fc2-71f0-9993-9f57842e49b0, event: $snapshot, properties: Object, timestamp: Tue Sep 22 2026 22:11:27 GMT-0400 (Eastern Daylight Time)} @ webpack-internal:///(app-pages-browser)/./node_modules/.pnpm/posthog-js@1.309.1/node_modules/posthog-js/dist/module.js:21
[  200618ms] [ERROR] Failed to load resource: net::ERR_CONNECTION_REFUSED @ http://localhost:3111/ingest/s/?retry_count=1&ip=0&_=1790129489786&ver=1.309.1&compression=gzip-js:0
[  200618ms] [ERROR] [PostHog.js] TypeError: Failed to fetch
    at method (webpack-internal:///(app-pages-browser)/./node_modules/.pnpm/posthog-js@1.309.1/node_modules/posthog-js/dist/module.js:22:71863)
    at eval (webpack-internal:///(app-pages-browser)/./node_modules/.pnpm/posthog-js@1.309.1/node_modules/posthog-js/dist/module.js:22:149004)
    at qo._send_request (webpack-internal:///(app-pages-browser)/./node_modules/.pnpm/posthog-js@1.309.1/node_modules/posthog-js/dist/module.js:22:149010)
    at go.retriableRequest (webpack-internal:///(app-pages-browser)/./node_modules/.pnpm/posthog-js@1.309.1/node_modules/posthog-js/dist/module.js:22:115497)
    at go.Lt (webpack-internal:///(app-pages-browser)/./node_modules/.pnpm/posthog-js@1.309.1/node_modules/posthog-js/dist/module.js:22:116384)
    at eval (webpack-internal:///(app-pages-browser)/./node_modules/.pnpm/posthog-js@1.309.1/node_modules/posthog-js/dist/module.js:22:116221) @ webpack-internal:///(app-pages-browser)/./node_modules/.pnpm/next@15.2.6_react-dom@19.0.0_react@19.0.0__react@19.0.0/node_modules/next/dist/client/components/globals/intercept-console-error.js:49
[  200618ms] [WARNING] [PostHog.js] Enqueued failed request for retry in 6610 @ webpack-internal:///(app-pages-browser)/./node_modules/.pnpm/posthog-js@1.309.1/node_modules/posthog-js/dist/module.js:21
[  200628ms] [ERROR] Failed to load resource: net::ERR_CONNECTION_REFUSED @ http://localhost:3111/__nextjs_original-stack-frames:0
[  201646ms] [ERROR] Failed to load resource: net::ERR_CONNECTION_REFUSED @ http://localhost:3111/ingest/s/?ip=0&_=1790129490812&ver=1.309.1&compression=gzip-js:0
[  201646ms] [ERROR] [PostHog.js] TypeError: Failed to fetch
    at method (webpack-internal:///(app-pages-browser)/./node_modules/.pnpm/posthog-js@1.309.1/node_modules/posthog-js/dist/module.js:22:71863)
    at eval (webpack-internal:///(app-pages-browser)/./node_modules/.pnpm/posthog-js@1.309.1/node_modules/posthog-js/dist/module.js:22:149004)
    at qo._send_request (webpack-internal:///(app-pages-browser)/./node_modules/.pnpm/posthog-js@1.309.1/node_modules/posthog-js/dist/module.js:22:149010)
    at go.retriableRequest (webpack-internal:///(app-pages-browser)/./node_modules/.pnpm/posthog-js@1.309.1/node_modules/posthog-js/dist/module.js:22:115497)
    at qo.Br (webpack-internal:///(app-pages-browser)/./node_modules/.pnpm/posthog-js@1.309.1/node_modules/posthog-js/dist/module.js:22:149216)
    at fo.eval [as xe] (webpack-internal:///(app-pages-browser)/./node_modules/.pnpm/posthog-js@1.309.1/node_modules/posthog-js/dist/module.js:22:142058)
    at e (webpack-internal:///(app-pages-browser)/./node_modules/.pnpm/posthog-js@1.309.1/node_modules/posthog-js/dist/module.js:22:114800)
    at eval (webpack-internal:///(app-pages-browser)/./node_modules/.pnpm/posthog-js@1.309.1/node_modules/posthog-js/dist/module.js:22:114822) @ webpack-internal:///(app-pages-browser)/./node_modules/.pnpm/next@15.2.6_react-dom@19.0.0_react@19.0.0__react@19.0.0/node_modules/next/dist/client/components/globals/intercept-console-error.js:49
[  201646ms] [WARNING] [PostHog.js] Enqueued failed request for retry in 2668 @ webpack-internal:///(app-pages-browser)/./node_modules/.pnpm/posthog-js@1.309.1/node_modules/posthog-js/dist/module.js:21
[  201653ms] [ERROR] Failed to load resource: net::ERR_CONNECTION_REFUSED @ http://localhost:3111/__nextjs_original-stack-frames:0
[  202631ms] [LOG] [PostHog.js] send "$snapshot" {uuid: 01a0cc08-4f5a-710c-8862-d023783cd232, event: $snapshot, properties: Object, timestamp: Tue Sep 22 2026 22:11:31 GMT-0400 (Eastern Daylight Time)} @ webpack-internal:///(app-pages-browser)/./node_modules/.pnpm/posthog-js@1.309.1/node_modules/posthog-js/dist/module.js:21
[  203620ms] [ERROR] Failed to load resource: net::ERR_CONNECTION_REFUSED @ http://localhost:3111/ingest/s/?retry_count=5&ip=0&_=1790129492789&ver=1.309.1&compression=gzip-js:0
[  203621ms] [ERROR] [PostHog.js] TypeError: Failed to fetch
    at method (webpack-internal:///(app-pages-browser)/./node_modules/.pnpm/posthog-js@1.309.1/node_modules/posthog-js/dist/module.js:22:71863)
    at eval (webpack-internal:///(app-pages-browser)/./node_modules/.pnpm/posthog-js@1.309.1/node_modules/posthog-js/dist/module.js:22:149004)
    at qo._send_request (webpack-internal:///(app-pages-browser)/./node_modules/.pnpm/posthog-js@1.309.1/node_modules/posthog-js/dist/module.js:22:149010)
    at go.retriableRequest (webpack-internal:///(app-pages-browser)/./node_modules/.pnpm/posthog-js@1.309.1/node_modules/posthog-js/dist/module.js:22:115497)
    at go.Lt (webpack-internal:///(app-pages-browser)/./node_modules/.pnpm/posthog-js@1.309.1/node_modules/posthog-js/dist/module.js:22:116384)
    at eval (webpack-internal:///(app-pages-browser)/./node_modules/.pnpm/posthog-js@1.309.1/node_modules/posthog-js/dist/module.js:22:116221) @ webpack-internal:///(app-pages-browser)/./node_modules/.pnpm/next@15.2.6_react-dom@19.0.0_react@19.0.0__react@19.0.0/node_modules/next/dist/client/components/globals/intercept-console-error.js:49
[  203621ms] [WARNING] [PostHog.js] Enqueued failed request for retry in 108823 @ webpack-internal:///(app-pages-browser)/./node_modules/.pnpm/posthog-js@1.309.1/node_modules/posthog-js/dist/module.js:21
[  203621ms] [ERROR] Failed to load resource: net::ERR_CONNECTION_REFUSED @ http://localhost:3111/ingest/s/?retry_count=3&ip=0&_=1790129492790&ver=1.309.1&compression=gzip-js:0
[  203621ms] [ERROR] [PostHog.js] TypeError: Failed to fetch
    at method (webpack-internal:///(app-pages-browser)/./node_modules/.pnpm/posthog-js@1.309.1/node_modules/posthog-js/dist/module.js:22:71863)
    at eval (webpack-internal:///(app-pages-browser)/./node_modules/.pnpm/posthog-js@1.309.1/node_modules/posthog-js/dist/module.js:22:149004)
    at qo._send_request (webpack-internal:///(app-pages-browser)/./node_modules/.pnpm/posthog-js@1.309.1/node_modules/posthog-js/dist/module.js:22:149010)
    at go.retriableRequest (webpack-internal:///(app-pages-browser)/./node_modules/.pnpm/posthog-js@1.309.1/node_modules/posthog-js/dist/module.js:22:115497)
    at go.Lt (webpack-internal:///(app-pages-browser)/./node_modules/.pnpm/posthog-js@1.309.1/node_modules/posthog-js/dist/module.js:22:116384)
    at eval (webpack-internal:///(app-pages-browser)/./node_modules/.pnpm/posthog-js@1.309.1/node_modules/posthog-js/dist/module.js:22:116221) @ webpack-internal:///(app-pages-browser)/./node_modules/.pnpm/next@15.2.6_react-dom@19.0.0_react@19.0.0__react@19.0.0/node_modules/next/dist/client/components/globals/intercept-console-error.js:49
[  203621ms] [WARNING] [PostHog.js] Enqueued failed request for retry in 23971 @ webpack-internal:///(app-pages-browser)/./node_modules/.pnpm/posthog-js@1.309.1/node_modules/posthog-js/dist/module.js:21
[  203621ms] [ERROR] Failed to load resource: net::ERR_CONNECTION_REFUSED @ http://localhost:3111/ingest/s/?retry_count=3&ip=0&_=1790129492791&ver=1.309.1&compression=gzip-js:0
[  203621ms] [ERROR] [PostHog.js] TypeError: Failed to fetch
    at method (webpack-internal:///(app-pages-browser)/./node_modules/.pnpm/posthog-js@1.309.1/node_modules/posthog-js/dist/module.js:22:71863)
    at eval (webpack-internal:///(app-pages-browser)/./node_modules/.pnpm/posthog-js@1.309.1/node_modules/posthog-js/dist/module.js:22:149004)
    at qo._send_request (webpack-internal:///(app-pages-browser)/./node_modules/.pnpm/posthog-js@1.309.1/node_modules/posthog-js/dist/module.js:22:149010)
    at go.retriableRequest (webpack-internal:///(app-pages-browser)/./node_modules/.pnpm/posthog-js@1.309.1/node_modules/posthog-js/dist/module.js:22:115497)
    at go.Lt (webpack-internal:///(app-pages-browser)/./node_modules/.pnpm/posthog-js@1.309.1/node_modules/posthog-js/dist/module.js:22:116384)
    at eval (webpack-internal:///(app-pages-browser)/./node_modules/.pnpm/posthog-js@1.309.1/node_modules/posthog-js/dist/module.js:22:116221) @ webpack-internal:///(app-pages-browser)/./node_modules/.pnpm/next@15.2.6_react-dom@19.0.0_react@19.0.0__react@19.0.0/node_modules/next/dist/client/components/globals/intercept-console-error.js:49
[  203621ms] [WARNING] [PostHog.js] Enqueued failed request for retry in 21959 @ webpack-internal:///(app-pages-browser)/./node_modules/.pnpm/posthog-js@1.309.1/node_modules/posthog-js/dist/module.js:21
[  203625ms] [ERROR] Failed to load resource: net::ERR_CONNECTION_REFUSED @ http://localhost:3111/ingest/s/?retry_count=2&ip=0&_=1790129492791&ver=1.309.1&compression=gzip-js:0
[  203625ms] [ERROR] [PostHog.js] TypeError: Failed to fetch
    at method (webpack-internal:///(app-pages-browser)/./node_modules/.pnpm/posthog-js@1.309.1/node_modules/posthog-js/dist/module.js:22:71863)
    at eval (webpack-internal:///(app-pages-browser)/./node_modules/.pnpm/posthog-js@1.309.1/node_modules/posthog-js/dist/module.js:22:149004)
    at qo._send_request (webpack-internal:///(app-pages-browser)/./node_modules/.pnpm/posthog-js@1.309.1/node_modules/posthog-js/dist/module.js:22:149010)
    at go.retriableRequest (webpack-internal:///(app-pages-browser)/./node_modules/.pnpm/posthog-js@1.309.1/node_modules/posthog-js/dist/module.js:22:115497)
    at go.Lt (webpack-internal:///(app-pages-browser)/./node_modules/.pnpm/posthog-js@1.309.1/node_modules/posthog-js/dist/module.js:22:116384)
    at eval (webpack-internal:///(app-pages-browser)/./node_modules/.pnpm/posthog-js@1.309.1/node_modules/posthog-js/dist/module.js:22:116221) @ webpack-internal:///(app-pages-browser)/./node_modules/.pnpm/next@15.2.6_react-dom@19.0.0_react@19.0.0__react@19.0.0/node_modules/next/dist/client/components/globals/intercept-console-error.js:49
[  203625ms] [WARNING] [PostHog.js] Enqueued failed request for retry in 9815 @ webpack-internal:///(app-pages-browser)/./node_modules/.pnpm/posthog-js@1.309.1/node_modules/posthog-js/dist/module.js:21
[  203631ms] [ERROR] Failed to load resource: net::ERR_CONNECTION_REFUSED @ http://localhost:3111/__nextjs_original-stack-frames:0
[  203634ms] [ERROR] Failed to load resource: net::ERR_CONNECTION_REFUSED @ http://localhost:3111/__nextjs_original-stack-frames:0
[  205635ms] [ERROR] Failed to load resource: net::ERR_CONNECTION_REFUSED @ http://localhost:3111/ingest/s/?ip=0&_=1790129494804&ver=1.309.1&compression=gzip-js:0
[  205635ms] [ERROR] [PostHog.js] TypeError: Failed to fetch
    at method (webpack-internal:///(app-pages-browser)/./node_modules/.pnpm/posthog-js@1.309.1/node_modules/posthog-js/dist/module.js:22:71863)
    at eval (webpack-internal:///(app-pages-browser)/./node_modules/.pnpm/posthog-js@1.309.1/node_modules/posthog-js/dist/module.js:22:149004)
    at qo._send_request (webpack-internal:///(app-pages-browser)/./node_modules/.pnpm/posthog-js@1.309.1/node_modules/posthog-js/dist/module.js:22:149010)
    at go.retriableRequest (webpack-internal:///(app-pages-browser)/./node_modules/.pnpm/posthog-js@1.309.1/node_modules/posthog-js/dist/module.js:22:115497)
    at qo.Br (webpack-internal:///(app-pages-browser)/./node_modules/.pnpm/posthog-js@1.309.1/node_modules/posthog-js/dist/module.js:22:149216)
    at fo.eval [as xe] (webpack-internal:///(app-pages-browser)/./node_modules/.pnpm/posthog-js@1.309.1/node_modules/posthog-js/dist/module.js:22:142058)
    at e (webpack-internal:///(app-pages-browser)/./node_modules/.pnpm/posthog-js@1.309.1/node_modules/posthog-js/dist/module.js:22:114800)
    at eval (webpack-internal:///(app-pages-browser)/./node_modules/.pnpm/posthog-js@1.309.1/node_modules/posthog-js/dist/module.js:22:114822) @ webpack-internal:///(app-pages-browser)/./node_modules/.pnpm/next@15.2.6_react-dom@19.0.0_react@19.0.0__react@19.0.0/node_modules/next/dist/client/components/globals/intercept-console-error.js:49
[  205635ms] [WARNING] [PostHog.js] Enqueued failed request for retry in 2641 @ webpack-internal:///(app-pages-browser)/./node_modules/.pnpm/posthog-js@1.309.1/node_modules/posthog-js/dist/module.js:21
[  205643ms] [LOG] [PostHog.js] send "$snapshot" {uuid: 01a0cc08-5b1e-7c8a-854b-0ab0e6ecc086, event: $snapshot, properties: Object, timestamp: Tue Sep 22 2026 22:11:34 GMT-0400 (Eastern Daylight Time)} @ webpack-internal:///(app-pages-browser)/./node_modules/.pnpm/posthog-js@1.309.1/node_modules/posthog-js/dist/module.js:21
[  205643ms] [ERROR] Failed to load resource: net::ERR_CONNECTION_REFUSED @ http://localhost:3111/__nextjs_original-stack-frames:0
[  206626ms] [ERROR] Failed to load resource: net::ERR_CONNECTION_REFUSED @ http://localhost:3111/ingest/s/?retry_count=4&ip=0&_=1790129495794&ver=1.309.1&compression=gzip-js:0
[  206626ms] [ERROR] [PostHog.js] TypeError: Failed to fetch
    at method (webpack-internal:///(app-pages-browser)/./node_modules/.pnpm/posthog-js@1.309.1/node_modules/posthog-js/dist/module.js:22:71863)
    at eval (webpack-internal:///(app-pages-browser)/./node_modules/.pnpm/posthog-js@1.309.1/node_modules/posthog-js/dist/module.js:22:149004)
    at qo._send_request (webpack-internal:///(app-pages-browser)/./node_modules/.pnpm/posthog-js@1.309.1/node_modules/posthog-js/dist/module.js:22:149010)
    at go.retriableRequest (webpack-internal:///(app-pages-browser)/./node_modules/.pnpm/posthog-js@1.309.1/node_modules/posthog-js/dist/module.js:22:115497)
    at go.Lt (webpack-internal:///(app-pages-browser)/./node_modules/.pnpm/posthog-js@1.309.1/node_modules/posthog-js/dist/module.js:22:116384)
    at eval (webpack-internal:///(app-pages-browser)/./node_modules/.pnpm/posthog-js@1.309.1/node_modules/posthog-js/dist/module.js:22:116221) @ webpack-internal:///(app-pages-browser)/./node_modules/.pnpm/next@15.2.6_react-dom@19.0.0_react@19.0.0__react@19.0.0/node_modules/next/dist/client/components/globals/intercept-console-error.js:49
[  206626ms] [WARNING] [PostHog.js] Enqueued failed request for retry in 39504 @ webpack-internal:///(app-pages-browser)/./node_modules/.pnpm/posthog-js@1.309.1/node_modules/posthog-js/dist/module.js:21
[  206626ms] [ERROR] Failed to load resource: net::ERR_CONNECTION_REFUSED @ http://localhost:3111/ingest/s/?retry_count=4&ip=0&_=1790129495795&ver=1.309.1&compression=gzip-js:0
[  206626ms] [ERROR] [PostHog.js] TypeError: Failed to fetch
    at method (webpack-internal:///(app-pages-browser)/./node_modules/.pnpm/posthog-js@1.309.1/node_modules/posthog-js/dist/module.js:22:71863)
    at eval (webpack-internal:///(app-pages-browser)/./node_modules/.pnpm/posthog-js@1.309.1/node_modules/posthog-js/dist/module.js:22:149004)
    at qo._send_request (webpack-internal:///(app-pages-browser)/./node_modules/.pnpm/posthog-js@1.309.1/node_modules/posthog-js/dist/module.js:22:149010)
    at go.retriableRequest (webpack-internal:///(app-pages-browser)/./node_modules/.pnpm/posthog-js@1.309.1/node_modules/posthog-js/dist/module.js:22:115497)
    at go.Lt (webpack-internal:///(app-pages-browser)/./node_modules/.pnpm/posthog-js@1.309.1/node_modules/posthog-js/dist/module.js:22:116384)
    at eval (webpack-internal:///(app-pages-browser)/./node_modules/.pnpm/posthog-js@1.309.1/node_modules/posthog-js/dist/module.js:22:116221) @ webpack-internal:///(app-pages-browser)/./node_modules/.pnpm/next@15.2.6_react-dom@19.0.0_react@19.0.0__react@19.0.0/node_modules/next/dist/client/components/globals/intercept-console-error.js:49
[  206626ms] [WARNING] [PostHog.js] Enqueued failed request for retry in 47953 @ webpack-internal:///(app-pages-browser)/./node_modules/.pnpm/posthog-js@1.309.1/node_modules/posthog-js/dist/module.js:21
[  206627ms] [ERROR] Failed to load resource: net::ERR_CONNECTION_REFUSED @ http://localhost:3111/ingest/s/?retry_count=3&ip=0&_=1790129495796&ver=1.309.1&compression=gzip-js:0
[  206627ms] [ERROR] [PostHog.js] TypeError: Failed to fetch
    at method (webpack-internal:///(app-pages-browser)/./node_modules/.pnpm/posthog-js@1.309.1/node_modules/posthog-js/dist/module.js:22:71863)
    at eval (webpack-internal:///(app-pages-browser)/./node_modules/.pnpm/posthog-js@1.309.1/node_modules/posthog-js/dist/module.js:22:149004)
    at qo._send_request (webpack-internal:///(app-pages-browser)/./node_modules/.pnpm/posthog-js@1.309.1/node_modules/posthog-js/dist/module.js:22:149010)
    at go.retriableRequest (webpack-internal:///(app-pages-browser)/./node_modules/.pnpm/posthog-js@1.309.1/node_modules/posthog-js/dist/module.js:22:115497)
    at go.Lt (webpack-internal:///(app-pages-browser)/./node_modules/.pnpm/posthog-js@1.309.1/node_modules/posthog-js/dist/module.js:22:116384)
    at eval (webpack-internal:///(app-pages-browser)/./node_modules/.pnpm/posthog-js@1.309.1/node_modules/posthog-js/dist/module.js:22:116221) @ webpack-internal:///(app-pages-browser)/./node_modules/.pnpm/next@15.2.6_react-dom@19.0.0_react@19.0.0__react@19.0.0/node_modules/next/dist/client/components/globals/intercept-console-error.js:49
[  206627ms] [WARNING] [PostHog.js] Enqueued failed request for retry in 29027 @ webpack-internal:///(app-pages-browser)/./node_modules/.pnpm/posthog-js@1.309.1/node_modules/posthog-js/dist/module.js:21
[  206627ms] [ERROR] Failed to load resource: net::ERR_CONNECTION_REFUSED @ http://localhost:3111/ingest/s/?retry_count=1&ip=0&_=1790129495796&ver=1.309.1&compression=gzip-js:0
[  206627ms] [ERROR] [PostHog.js] TypeError: Failed to fetch
    at method (webpack-internal:///(app-pages-browser)/./node_modules/.pnpm/posthog-js@1.309.1/node_modules/posthog-js/dist/module.js:22:71863)
    at eval (webpack-internal:///(app-pages-browser)/./node_modules/.pnpm/posthog-js@1.309.1/node_modules/posthog-js/dist/module.js:22:149004)
    at qo._send_request (webpack-internal:///(app-pages-browser)/./node_modules/.pnpm/posthog-js@1.309.1/node_modules/posthog-js/dist/module.js:22:149010)
    at go.retriableRequest (webpack-internal:///(app-pages-browser)/./node_modules/.pnpm/posthog-js@1.309.1/node_modules/posthog-js/dist/module.js:22:115497)
    at go.Lt (webpack-internal:///(app-pages-browser)/./node_modules/.pnpm/posthog-js@1.309.1/node_modules/posthog-js/dist/module.js:22:116384)
    at eval (webpack-internal:///(app-pages-browser)/./node_modules/.pnpm/posthog-js@1.309.1/node_modules/posthog-js/dist/module.js:22:116221) @ webpack-internal:///(app-pages-browser)/./node_modules/.pnpm/next@15.2.6_react-dom@19.0.0_react@19.0.0__react@19.0.0/node_modules/next/dist/client/components/globals/intercept-console-error.js:49
[  206627ms] [WARNING] [PostHog.js] Enqueued failed request for retry in 6034 @ webpack-internal:///(app-pages-browser)/./node_modules/.pnpm/posthog-js@1.309.1/node_modules/posthog-js/dist/module.js:21
[  206634ms] [ERROR] Failed to load resource: net::ERR_CONNECTION_REFUSED @ http://localhost:3111/__nextjs_original-stack-frames:0
[  207652ms] [LOG] [PostHog.js] send "$snapshot" {uuid: 01a0cc08-62f7-7c33-973f-2655abedce01, event: $snapshot, properties: Object, timestamp: Tue Sep 22 2026 22:11:36 GMT-0400 (Eastern Daylight Time)} @ webpack-internal:///(app-pages-browser)/./node_modules/.pnpm/posthog-js@1.309.1/node_modules/posthog-js/dist/module.js:21
[  208647ms] [ERROR] Failed to load resource: net::ERR_CONNECTION_REFUSED @ http://localhost:3111/ingest/s/?ip=0&_=1790129497816&ver=1.309.1&compression=gzip-js:0
[  208647ms] [ERROR] [PostHog.js] TypeError: Failed to fetch
    at method (webpack-internal:///(app-pages-browser)/./node_modules/.pnpm/posthog-js@1.309.1/node_modules/posthog-js/dist/module.js:22:71863)
    at eval (webpack-internal:///(app-pages-browser)/./node_modules/.pnpm/posthog-js@1.309.1/node_modules/posthog-js/dist/module.js:22:149004)
    at qo._send_request (webpack-internal:///(app-pages-browser)/./node_modules/.pnpm/posthog-js@1.309.1/node_modules/posthog-js/dist/module.js:22:149010)
    at go.retriableRequest (webpack-internal:///(app-pages-browser)/./node_modules/.pnpm/posthog-js@1.309.1/node_modules/posthog-js/dist/module.js:22:115497)
    at qo.Br (webpack-internal:///(app-pages-browser)/./node_modules/.pnpm/posthog-js@1.309.1/node_modules/posthog-js/dist/module.js:22:149216)
    at fo.eval [as xe] (webpack-internal:///(app-pages-browser)/./node_modules/.pnpm/posthog-js@1.309.1/node_modules/posthog-js/dist/module.js:22:142058)
    at e (webpack-internal:///(app-pages-browser)/./node_modules/.pnpm/posthog-js@1.309.1/node_modules/posthog-js/dist/module.js:22:114800)
    at eval (webpack-internal:///(app-pages-browser)/./node_modules/.pnpm/posthog-js@1.309.1/node_modules/posthog-js/dist/module.js:22:114822) @ webpack-internal:///(app-pages-browser)/./node_modules/.pnpm/next@15.2.6_react-dom@19.0.0_react@19.0.0__react@19.0.0/node_modules/next/dist/client/components/globals/intercept-console-error.js:49
[  208647ms] [WARNING] [PostHog.js] Enqueued failed request for retry in 3291 @ webpack-internal:///(app-pages-browser)/./node_modules/.pnpm/posthog-js@1.309.1/node_modules/posthog-js/dist/module.js:21
[  208654ms] [ERROR] Failed to load resource: net::ERR_CONNECTION_REFUSED @ http://localhost:3111/__nextjs_original-stack-frames:0
[  209631ms] [ERROR] Failed to load resource: net::ERR_CONNECTION_REFUSED @ http://localhost:3111/ingest/s/?retry_count=4&ip=0&_=1790129498798&ver=1.309.1&compression=gzip-js:0
[  209631ms] [ERROR] [PostHog.js] TypeError: Failed to fetch
    at method (webpack-internal:///(app-pages-browser)/./node_modules/.pnpm/posthog-js@1.309.1/node_modules/posthog-js/dist/module.js:22:71863)
    at eval (webpack-internal:///(app-pages-browser)/./node_modules/.pnpm/posthog-js@1.309.1/node_modules/posthog-js/dist/module.js:22:149004)
    at qo._send_request (webpack-internal:///(app-pages-browser)/./node_modules/.pnpm/posthog-js@1.309.1/node_modules/posthog-js/dist/module.js:22:149010)
    at go.retriableRequest (webpack-internal:///(app-pages-browser)/./node_modules/.pnpm/posthog-js@1.309.1/node_modules/posthog-js/dist/module.js:22:115497)
    at go.Lt (webpack-internal:///(app-pages-browser)/./node_modules/.pnpm/posthog-js@1.309.1/node_modules/posthog-js/dist/module.js:22:116384)
    at eval (webpack-internal:///(app-pages-browser)/./node_modules/.pnpm/posthog-js@1.309.1/node_modules/posthog-js/dist/module.js:22:116221) @ webpack-internal:///(app-pages-browser)/./node_modules/.pnpm/next@15.2.6_react-dom@19.0.0_react@19.0.0__react@19.0.0/node_modules/next/dist/client/components/globals/intercept-console-error.js:49
[  209631ms] [WARNING] [PostHog.js] Enqueued failed request for retry in 39426 @ webpack-internal:///(app-pages-browser)/./node_modules/.pnpm/posthog-js@1.309.1/node_modules/posthog-js/dist/module.js:21
[  209632ms] [ERROR] Failed to load resource: net::ERR_CONNECTION_REFUSED @ http://localhost:3111/ingest/s/?retry_count=3&ip=0&_=1790129498800&ver=1.309.1&compression=gzip-js:0
[  209632ms] [ERROR] [PostHog.js] TypeError: Failed to fetch
    at method (webpack-internal:///(app-pages-browser)/./node_modules/.pnpm/posthog-js@1.309.1/node_modules/posthog-js/dist/module.js:22:71863)
    at eval (webpack-internal:///(app-pages-browser)/./node_modules/.pnpm/posthog-js@1.309.1/node_modules/posthog-js/dist/module.js:22:149004)
    at qo._send_request (webpack-internal:///(app-pages-browser)/./node_modules/.pnpm/posthog-js@1.309.1/node_modules/posthog-js/dist/module.js:22:149010)
    at go.retriableRequest (webpack-internal:///(app-pages-browser)/./node_modules/.pnpm/posthog-js@1.309.1/node_modules/posthog-js/dist/module.js:22:115497)
    at go.Lt (webpack-internal:///(app-pages-browser)/./node_modules/.pnpm/posthog-js@1.309.1/node_modules/posthog-js/dist/module.js:22:116384)
    at eval (webpack-internal:///(app-pages-browser)/./node_modules/.pnpm/posthog-js@1.309.1/node_modules/posthog-js/dist/module.js:22:116221) @ webpack-internal:///(app-pages-browser)/./node_modules/.pnpm/next@15.2.6_react-dom@19.0.0_react@19.0.0__react@19.0.0/node_modules/next/dist/client/components/globals/intercept-console-error.js:49
[  209632ms] [WARNING] [PostHog.js] Enqueued failed request for retry in 25583 @ webpack-internal:///(app-pages-browser)/./node_modules/.pnpm/posthog-js@1.309.1/node_modules/posthog-js/dist/module.js:21
[  209632ms] [ERROR] Failed to load resource: net::ERR_CONNECTION_REFUSED @ http://localhost:3111/ingest/s/?retry_count=2&ip=0&_=1790129498801&ver=1.309.1&compression=gzip-js:0
[  209632ms] [ERROR] [PostHog.js] TypeError: Failed to fetch
    at method (webpack-internal:///(app-pages-browser)/./node_modules/.pnpm/posthog-js@1.309.1/node_modules/posthog-js/dist/module.js:22:71863)
    at eval (webpack-internal:///(app-pages-browser)/./node_modules/.pnpm/posthog-js@1.309.1/node_modules/posthog-js/dist/module.js:22:149004)
    at qo._send_request (webpack-internal:///(app-pages-browser)/./node_modules/.pnpm/posthog-js@1.309.1/node_modules/posthog-js/dist/module.js:22:149010)
    at go.retriableRequest (webpack-internal:///(app-pages-browser)/./node_modules/.pnpm/posthog-js@1.309.1/node_modules/posthog-js/dist/module.js:22:115497)
    at go.Lt (webpack-internal:///(app-pages-browser)/./node_modules/.pnpm/posthog-js@1.309.1/node_modules/posthog-js/dist/module.js:22:116384)
    at eval (webpack-internal:///(app-pages-browser)/./node_modules/.pnpm/posthog-js@1.309.1/node_modules/posthog-js/dist/module.js:22:116221) @ webpack-internal:///(app-pages-browser)/./node_modules/.pnpm/next@15.2.6_react-dom@19.0.0_react@19.0.0__react@19.0.0/node_modules/next/dist/client/components/globals/intercept-console-error.js:49
[  209632ms] [WARNING] [PostHog.js] Enqueued failed request for retry in 11848 @ webpack-internal:///(app-pages-browser)/./node_modules/.pnpm/posthog-js@1.309.1/node_modules/posthog-js/dist/module.js:21
[  209636ms] [ERROR] Failed to load resource: net::ERR_CONNECTION_REFUSED @ http://localhost:3111/ingest/s/?retry_count=1&ip=0&_=1790129498802&ver=1.309.1&compression=gzip-js:0
[  209636ms] [ERROR] [PostHog.js] TypeError: Failed to fetch
    at method (webpack-internal:///(app-pages-browser)/./node_modules/.pnpm/posthog-js@1.309.1/node_modules/posthog-js/dist/module.js:22:71863)
    at eval (webpack-internal:///(app-pages-browser)/./node_modules/.pnpm/posthog-js@1.309.1/node_modules/posthog-js/dist/module.js:22:149004)
    at qo._send_request (webpack-internal:///(app-pages-browser)/./node_modules/.pnpm/posthog-js@1.309.1/node_modules/posthog-js/dist/module.js:22:149010)
    at go.retriableRequest (webpack-internal:///(app-pages-browser)/./node_modules/.pnpm/posthog-js@1.309.1/node_modules/posthog-js/dist/module.js:22:115497)
    at go.Lt (webpack-internal:///(app-pages-browser)/./node_modules/.pnpm/posthog-js@1.309.1/node_modules/posthog-js/dist/module.js:22:116384)
    at eval (webpack-internal:///(app-pages-browser)/./node_modules/.pnpm/posthog-js@1.309.1/node_modules/posthog-js/dist/module.js:22:116221) @ webpack-internal:///(app-pages-browser)/./node_modules/.pnpm/next@15.2.6_react-dom@19.0.0_react@19.0.0__react@19.0.0/node_modules/next/dist/client/components/globals/intercept-console-error.js:49
[  209636ms] [WARNING] [PostHog.js] Enqueued failed request for retry in 6060 @ webpack-internal:///(app-pages-browser)/./node_modules/.pnpm/posthog-js@1.309.1/node_modules/posthog-js/dist/module.js:21
[  209640ms] [ERROR] Failed to load resource: net::ERR_CONNECTION_REFUSED @ http://localhost:3111/__nextjs_original-stack-frames:0
[  209644ms] [ERROR] Failed to load resource: net::ERR_CONNECTION_REFUSED @ http://localhost:3111/__nextjs_original-stack-frames:0
[  210656ms] [LOG] [PostHog.js] send "$snapshot" {uuid: 01a0cc08-6eb3-7d40-99c5-7bdd7d4e8312, event: $snapshot, properties: Object, timestamp: Tue Sep 22 2026 22:11:39 GMT-0400 (Eastern Daylight Time)} @ webpack-internal:///(app-pages-browser)/./node_modules/.pnpm/posthog-js@1.309.1/node_modules/posthog-js/dist/module.js:21
[  212634ms] [ERROR] Failed to load resource: net::ERR_CONNECTION_REFUSED @ http://localhost:3111/ingest/s/?retry_count=5&ip=0&_=1790129501803&ver=1.309.1&compression=gzip-js:0
[  212634ms] [ERROR] [PostHog.js] TypeError: Failed to fetch
    at method (webpack-internal:///(app-pages-browser)/./node_modules/.pnpm/posthog-js@1.309.1/node_modules/posthog-js/dist/module.js:22:71863)
    at eval (webpack-internal:///(app-pages-browser)/./node_modules/.pnpm/posthog-js@1.309.1/node_modules/posthog-js/dist/module.js:22:149004)
    at qo._send_request (webpack-internal:///(app-pages-browser)/./node_modules/.pnpm/posthog-js@1.309.1/node_modules/posthog-js/dist/module.js:22:149010)
    at go.retriableRequest (webpack-internal:///(app-pages-browser)/./node_modules/.pnpm/posthog-js@1.309.1/node_modules/posthog-js/dist/module.js:22:115497)
    at go.Lt (webpack-internal:///(app-pages-browser)/./node_modules/.pnpm/posthog-js@1.309.1/node_modules/posthog-js/dist/module.js:22:116384)
    at eval (webpack-internal:///(app-pages-browser)/./node_modules/.pnpm/posthog-js@1.309.1/node_modules/posthog-js/dist/module.js:22:116221) @ webpack-internal:///(app-pages-browser)/./node_modules/.pnpm/next@15.2.6_react-dom@19.0.0_react@19.0.0__react@19.0.0/node_modules/next/dist/client/components/globals/intercept-console-error.js:49
[  212634ms] [WARNING] [PostHog.js] Enqueued failed request for retry in 104342 @ webpack-internal:///(app-pages-browser)/./node_modules/.pnpm/posthog-js@1.309.1/node_modules/posthog-js/dist/module.js:21
[  212634ms] [ERROR] Failed to load resource: net::ERR_CONNECTION_REFUSED @ http://localhost:3111/ingest/s/?retry_count=4&ip=0&_=1790129501804&ver=1.309.1&compression=gzip-js:0
[  212634ms] [ERROR] [PostHog.js] TypeError: Failed to fetch
    at method (webpack-internal:///(app-pages-browser)/./node_modules/.pnpm/posthog-js@1.309.1/node_modules/posthog-js/dist/module.js:22:71863)
    at eval (webpack-internal:///(app-pages-browser)/./node_modules/.pnpm/posthog-js@1.309.1/node_modules/posthog-js/dist/module.js:22:149004)
    at qo._send_request (webpack-internal:///(app-pages-browser)/./node_modules/.pnpm/posthog-js@1.309.1/node_modules/posthog-js/dist/module.js:22:149010)
    at go.retriableRequest (webpack-internal:///(app-pages-browser)/./node_modules/.pnpm/posthog-js@1.309.1/node_modules/posthog-js/dist/module.js:22:115497)
    at go.Lt (webpack-internal:///(app-pages-browser)/./node_modules/.pnpm/posthog-js@1.309.1/node_modules/posthog-js/dist/module.js:22:116384)
    at eval (webpack-internal:///(app-pages-browser)/./node_modules/.pnpm/posthog-js@1.309.1/node_modules/posthog-js/dist/module.js:22:116221) @ webpack-internal:///(app-pages-browser)/./node_modules/.pnpm/next@15.2.6_react-dom@19.0.0_react@19.0.0__react@19.0.0/node_modules/next/dist/client/components/globals/intercept-console-error.js:49
[  212634ms] [WARNING] [PostHog.js] Enqueued failed request for retry in 36677 @ webpack-internal:///(app-pages-browser)/./node_modules/.pnpm/posthog-js@1.309.1/node_modules/posthog-js/dist/module.js:21
[  212638ms] [ERROR] Failed to load resource: net::ERR_CONNECTION_REFUSED @ http://localhost:3111/ingest/s/?retry_count=1&ip=0&_=1790129501804&ver=1.309.1&compression=gzip-js:0
[  212638ms] [ERROR] [PostHog.js] TypeError: Failed to fetch
    at method (webpack-internal:///(app-pages-browser)/./node_modules/.pnpm/posthog-js@1.309.1/node_modules/posthog-js/dist/module.js:22:71863)
    at eval (webpack-internal:///(app-pages-browser)/./node_modules/.pnpm/posthog-js@1.309.1/node_modules/posthog-js/dist/module.js:22:149004)
    at qo._send_request (webpack-internal:///(app-pages-browser)/./node_modules/.pnpm/posthog-js@1.309.1/node_modules/posthog-js/dist/module.js:22:149010)
    at go.retriableRequest (webpack-internal:///(app-pages-browser)/./node_modules/.pnpm/posthog-js@1.309.1/node_modules/posthog-js/dist/module.js:22:115497)
    at go.Lt (webpack-internal:///(app-pages-browser)/./node_modules/.pnpm/posthog-js@1.309.1/node_modules/posthog-js/dist/module.js:22:116384)
    at eval (webpack-internal:///(app-pages-browser)/./node_modules/.pnpm/posthog-js@1.309.1/node_modules/posthog-js/dist/module.js:22:116221) @ webpack-internal:///(app-pages-browser)/./node_modules/.pnpm/next@15.2.6_react-dom@19.0.0_react@19.0.0__react@19.0.0/node_modules/next/dist/client/components/globals/intercept-console-error.js:49
[  212638ms] [WARNING] [PostHog.js] Enqueued failed request for retry in 4735 @ webpack-internal:///(app-pages-browser)/./node_modules/.pnpm/posthog-js@1.309.1/node_modules/posthog-js/dist/module.js:21
[  212644ms] [ERROR] Failed to load resource: net::ERR_CONNECTION_REFUSED @ http://localhost:3111/__nextjs_original-stack-frames:0
[  212648ms] [ERROR] Failed to load resource: net::ERR_CONNECTION_REFUSED @ http://localhost:3111/__nextjs_original-stack-frames:0
[  213658ms] [ERROR] Failed to load resource: net::ERR_CONNECTION_REFUSED @ http://localhost:3111/ingest/s/?ip=0&_=1790129502828&ver=1.309.1&compression=gzip-js:0
[  213658ms] [ERROR] [PostHog.js] TypeError: Failed to fetch
    at method (webpack-internal:///(app-pages-browser)/./node_modules/.pnpm/posthog-js@1.309.1/node_modules/posthog-js/dist/module.js:22:71863)
    at eval (webpack-internal:///(app-pages-browser)/./node_modules/.pnpm/posthog-js@1.309.1/node_modules/posthog-js/dist/module.js:22:149004)
    at qo._send_request (webpack-internal:///(app-pages-browser)/./node_modules/.pnpm/posthog-js@1.309.1/node_modules/posthog-js/dist/module.js:22:149010)
    at go.retriableRequest (webpack-internal:///(app-pages-browser)/./node_modules/.pnpm/posthog-js@1.309.1/node_modules/posthog-js/dist/module.js:22:115497)
    at qo.Br (webpack-internal:///(app-pages-browser)/./node_modules/.pnpm/posthog-js@1.309.1/node_modules/posthog-js/dist/module.js:22:149216)
    at fo.eval [as xe] (webpack-internal:///(app-pages-browser)/./node_modules/.pnpm/posthog-js@1.309.1/node_modules/posthog-js/dist/module.js:22:142058)
    at e (webpack-internal:///(app-pages-browser)/./node_modules/.pnpm/posthog-js@1.309.1/node_modules/posthog-js/dist/module.js:22:114800)
    at eval (webpack-internal:///(app-pages-browser)/./node_modules/.pnpm/posthog-js@1.309.1/node_modules/posthog-js/dist/module.js:22:114822) @ webpack-internal:///(app-pages-browser)/./node_modules/.pnpm/next@15.2.6_react-dom@19.0.0_react@19.0.0__react@19.0.0/node_modules/next/dist/client/components/globals/intercept-console-error.js:49
[  213658ms] [WARNING] [PostHog.js] Enqueued failed request for retry in 2543 @ webpack-internal:///(app-pages-browser)/./node_modules/.pnpm/posthog-js@1.309.1/node_modules/posthog-js/dist/module.js:21
[  213665ms] [ERROR] Failed to load resource: net::ERR_CONNECTION_REFUSED @ http://localhost:3111/__nextjs_original-stack-frames:0
[  214655ms] [LOG] [PostHog.js] send "$snapshot" {uuid: 01a0cc08-7e53-7ae9-af44-cf046fc19849, event: $snapshot, properties: Object, timestamp: Tue Sep 22 2026 22:11:43 GMT-0400 (Eastern Daylight Time)} @ webpack-internal:///(app-pages-browser)/./node_modules/.pnpm/posthog-js@1.309.1/node_modules/posthog-js/dist/module.js:21
[  215640ms] [ERROR] Failed to load resource: net::ERR_CONNECTION_REFUSED @ http://localhost:3111/ingest/s/?retry_count=6&ip=0&_=1790129504806&ver=1.309.1&compression=gzip-js:0
[  215640ms] [ERROR] [PostHog.js] TypeError: Failed to fetch
    at method (webpack-internal:///(app-pages-browser)/./node_modules/.pnpm/posthog-js@1.309.1/node_modules/posthog-js/dist/module.js:22:71863)
    at eval (webpack-internal:///(app-pages-browser)/./node_modules/.pnpm/posthog-js@1.309.1/node_modules/posthog-js/dist/module.js:22:149004)
    at qo._send_request (webpack-internal:///(app-pages-browser)/./node_modules/.pnpm/posthog-js@1.309.1/node_modules/posthog-js/dist/module.js:22:149010)
    at go.retriableRequest (webpack-internal:///(app-pages-browser)/./node_modules/.pnpm/posthog-js@1.309.1/node_modules/posthog-js/dist/module.js:22:115497)
    at go.Lt (webpack-internal:///(app-pages-browser)/./node_modules/.pnpm/posthog-js@1.309.1/node_modules/posthog-js/dist/module.js:22:116384)
    at eval (webpack-internal:///(app-pages-browser)/./node_modules/.pnpm/posthog-js@1.309.1/node_modules/posthog-js/dist/module.js:22:116221) @ webpack-internal:///(app-pages-browser)/./node_modules/.pnpm/next@15.2.6_react-dom@19.0.0_react@19.0.0__react@19.0.0/node_modules/next/dist/client/components/globals/intercept-console-error.js:49
[  215640ms] [WARNING] [PostHog.js] Enqueued failed request for retry in 179152 @ webpack-internal:///(app-pages-browser)/./node_modules/.pnpm/posthog-js@1.309.1/node_modules/posthog-js/dist/module.js:21
[  215640ms] [ERROR] Failed to load resource: net::ERR_CONNECTION_REFUSED @ http://localhost:3111/ingest/s/?retry_count=5&ip=0&_=1790129504808&ver=1.309.1&compression=gzip-js:0
[  215641ms] [ERROR] [PostHog.js] TypeError: Failed to fetch
    at method (webpack-internal:///(app-pages-browser)/./node_modules/.pnpm/posthog-js@1.309.1/node_modules/posthog-js/dist/module.js:22:71863)
    at eval (webpack-internal:///(app-pages-browser)/./node_modules/.pnpm/posthog-js@1.309.1/node_modules/posthog-js/dist/module.js:22:149004)
    at qo._send_request (webpack-internal:///(app-pages-browser)/./node_modules/.pnpm/posthog-js@1.309.1/node_modules/posthog-js/dist/module.js:22:149010)
    at go.retriableRequest (webpack-internal:///(app-pages-browser)/./node_modules/.pnpm/posthog-js@1.309.1/node_modules/posthog-js/dist/module.js:22:115497)
    at go.Lt (webpack-internal:///(app-pages-browser)/./node_modules/.pnpm/posthog-js@1.309.1/node_modules/posthog-js/dist/module.js:22:116384)
    at eval (webpack-internal:///(app-pages-browser)/./node_modules/.pnpm/posthog-js@1.309.1/node_modules/posthog-js/dist/module.js:22:116221) @ webpack-internal:///(app-pages-browser)/./node_modules/.pnpm/next@15.2.6_react-dom@19.0.0_react@19.0.0__react@19.0.0/node_modules/next/dist/client/components/globals/intercept-console-error.js:49
[  215641ms] [WARNING] [PostHog.js] Enqueued failed request for retry in 109529 @ webpack-internal:///(app-pages-browser)/./node_modules/.pnpm/posthog-js@1.309.1/node_modules/posthog-js/dist/module.js:21
[  215641ms] [ERROR] Failed to load resource: net::ERR_CONNECTION_REFUSED @ http://localhost:3111/ingest/s/?retry_count=5&ip=0&_=1790129504810&ver=1.309.1&compression=gzip-js:0
[  215641ms] [ERROR] [PostHog.js] TypeError: Failed to fetch
    at method (webpack-internal:///(app-pages-browser)/./node_modules/.pnpm/posthog-js@1.309.1/node_modules/posthog-js/dist/module.js:22:71863)
    at eval (webpack-internal:///(app-pages-browser)/./node_modules/.pnpm/posthog-js@1.309.1/node_modules/posthog-js/dist/module.js:22:149004)
    at qo._send_request (webpack-internal:///(app-pages-browser)/./node_modules/.pnpm/posthog-js@1.309.1/node_modules/posthog-js/dist/module.js:22:149010)
    at go.retriableRequest (webpack-internal:///(app-pages-browser)/./node_modules/.pnpm/posthog-js@1.309.1/node_modules/posthog-js/dist/module.js:22:115497)
    at go.Lt (webpack-internal:///(app-pages-browser)/./node_modules/.pnpm/posthog-js@1.309.1/node_modules/posthog-js/dist/module.js:22:116384)
    at eval (webpack-internal:///(app-pages-browser)/./node_modules/.pnpm/posthog-js@1.309.1/node_modules/posthog-js/dist/module.js:22:116221) @ webpack-internal:///(app-pages-browser)/./node_modules/.pnpm/next@15.2.6_react-dom@19.0.0_react@19.0.0__react@19.0.0/node_modules/next/dist/client/components/globals/intercept-console-error.js:49
[  215641ms] [WARNING] [PostHog.js] Enqueued failed request for retry in 87443 @ webpack-internal:///(app-pages-browser)/./node_modules/.pnpm/posthog-js@1.309.1/node_modules/posthog-js/dist/module.js:21
[  215641ms] [ERROR] Failed to load resource: net::ERR_CONNECTION_REFUSED @ http://localhost:3111/ingest/s/?retry_count=3&ip=0&_=1790129504810&ver=1.309.1&compression=gzip-js:0
[  215641ms] [ERROR] [PostHog.js] TypeError: Failed to fetch
    at method (webpack-internal:///(app-pages-browser)/./node_modules/.pnpm/posthog-js@1.309.1/node_modules/posthog-js/dist/module.js:22:71863)
    at eval (webpack-internal:///(app-pages-browser)/./node_modules/.pnpm/posthog-js@1.309.1/node_modules/posthog-js/dist/module.js:22:149004)
    at qo._send_request (webpack-internal:///(app-pages-browser)/./node_modules/.pnpm/posthog-js@1.309.1/node_modules/posthog-js/dist/module.js:22:149010)
    at go.retriableRequest (webpack-internal:///(app-pages-browser)/./node_modules/.pnpm/posthog-js@1.309.1/node_modules/posthog-js/dist/module.js:22:115497)
    at go.Lt (webpack-internal:///(app-pages-browser)/./node_modules/.pnpm/posthog-js@1.309.1/node_modules/posthog-js/dist/module.js:22:116384)
    at eval (webpack-internal:///(app-pages-browser)/./node_modules/.pnpm/posthog-js@1.309.1/node_modules/posthog-js/dist/module.js:22:116221) @ webpack-internal:///(app-pages-browser)/./node_modules/.pnpm/next@15.2.6_react-dom@19.0.0_react@19.0.0__react@19.0.0/node_modules/next/dist/client/components/globals/intercept-console-error.js:49
[  215641ms] [WARNING] [PostHog.js] Enqueued failed request for retry in 29276 @ webpack-internal:///(app-pages-browser)/./node_modules/.pnpm/posthog-js@1.309.1/node_modules/posthog-js/dist/module.js:21
[  215645ms] [ERROR] Failed to load resource: net::ERR_CONNECTION_REFUSED @ http://localhost:3111/ingest/s/?retry_count=2&ip=0&_=1790129504811&ver=1.309.1&compression=gzip-js:0
[  215645ms] [ERROR] [PostHog.js] TypeError: Failed to fetch
    at method (webpack-internal:///(app-pages-browser)/./node_modules/.pnpm/posthog-js@1.309.1/node_modules/posthog-js/dist/module.js:22:71863)
    at eval (webpack-internal:///(app-pages-browser)/./node_modules/.pnpm/posthog-js@1.309.1/node_modules/posthog-js/dist/module.js:22:149004)
    at qo._send_request (webpack-internal:///(app-pages-browser)/./node_modules/.pnpm/posthog-js@1.309.1/node_modules/posthog-js/dist/module.js:22:149010)
    at go.retriableRequest (webpack-internal:///(app-pages-browser)/./node_modules/.pnpm/posthog-js@1.309.1/node_modules/posthog-js/dist/module.js:22:115497)
    at go.Lt (webpack-internal:///(app-pages-browser)/./node_modules/.pnpm/posthog-js@1.309.1/node_modules/posthog-js/dist/module.js:22:116384)
    at eval (webpack-internal:///(app-pages-browser)/./node_modules/.pnpm/posthog-js@1.309.1/node_modules/posthog-js/dist/module.js:22:116221) @ webpack-internal:///(app-pages-browser)/./node_modules/.pnpm/next@15.2.6_react-dom@19.0.0_react@19.0.0__react@19.0.0/node_modules/next/dist/client/components/globals/intercept-console-error.js:49
[  215645ms] [WARNING] [PostHog.js] Enqueued failed request for retry in 13590 @ webpack-internal:///(app-pages-browser)/./node_modules/.pnpm/posthog-js@1.309.1/node_modules/posthog-js/dist/module.js:21
[  215650ms] [ERROR] Failed to load resource: net::ERR_CONNECTION_REFUSED @ http://localhost:3111/__nextjs_original-stack-frames:0
[  215653ms] [ERROR] Failed to load resource: net::ERR_CONNECTION_REFUSED @ http://localhost:3111/__nextjs_original-stack-frames:0
[  217658ms] [ERROR] Failed to load resource: net::ERR_CONNECTION_REFUSED @ http://localhost:3111/ingest/s/?ip=0&_=1790129506828&ver=1.309.1&compression=gzip-js:0
[  217658ms] [ERROR] [PostHog.js] TypeError: Failed to fetch
    at method (webpack-internal:///(app-pages-browser)/./node_modules/.pnpm/posthog-js@1.309.1/node_modules/posthog-js/dist/module.js:22:71863)
    at eval (webpack-internal:///(app-pages-browser)/./node_modules/.pnpm/posthog-js@1.309.1/node_modules/posthog-js/dist/module.js:22:149004)
    at qo._send_request (webpack-internal:///(app-pages-browser)/./node_modules/.pnpm/posthog-js@1.309.1/node_modules/posthog-js/dist/module.js:22:149010)
    at go.retriableRequest (webpack-internal:///(app-pages-browser)/./node_modules/.pnpm/posthog-js@1.309.1/node_modules/posthog-js/dist/module.js:22:115497)
    at qo.Br (webpack-internal:///(app-pages-browser)/./node_modules/.pnpm/posthog-js@1.309.1/node_modules/posthog-js/dist/module.js:22:149216)
    at fo.eval [as xe] (webpack-internal:///(app-pages-browser)/./node_modules/.pnpm/posthog-js@1.309.1/node_modules/posthog-js/dist/module.js:22:142058)
    at e (webpack-internal:///(app-pages-browser)/./node_modules/.pnpm/posthog-js@1.309.1/node_modules/posthog-js/dist/module.js:22:114800)
    at eval (webpack-internal:///(app-pages-browser)/./node_modules/.pnpm/posthog-js@1.309.1/node_modules/posthog-js/dist/module.js:22:114822) @ webpack-internal:///(app-pages-browser)/./node_modules/.pnpm/next@15.2.6_react-dom@19.0.0_react@19.0.0__react@19.0.0/node_modules/next/dist/client/components/globals/intercept-console-error.js:49
[  217658ms] [WARNING] [PostHog.js] Enqueued failed request for retry in 3186 @ webpack-internal:///(app-pages-browser)/./node_modules/.pnpm/posthog-js@1.309.1/node_modules/posthog-js/dist/module.js:21
[  217663ms] [LOG] [PostHog.js] send "$snapshot" {uuid: 01a0cc08-8a12-7bf0-9c37-296b203b4a28, event: $snapshot, properties: Object, timestamp: Tue Sep 22 2026 22:11:46 GMT-0400 (Eastern Daylight Time)} @ webpack-internal:///(app-pages-browser)/./node_modules/.pnpm/posthog-js@1.309.1/node_modules/posthog-js/dist/module.js:21
[  217667ms] [ERROR] Failed to load resource: net::ERR_CONNECTION_REFUSED @ http://localhost:3111/__nextjs_original-stack-frames:0
[  218645ms] [ERROR] Failed to load resource: net::ERR_CONNECTION_REFUSED @ http://localhost:3111/ingest/s/?retry_count=5&ip=0&_=1790129507812&ver=1.309.1&compression=gzip-js:0
[  218645ms] [ERROR] [PostHog.js] TypeError: Failed to fetch
    at method (webpack-internal:///(app-pages-browser)/./node_modules/.pnpm/posthog-js@1.309.1/node_modules/posthog-js/dist/module.js:22:71863)
    at eval (webpack-internal:///(app-pages-browser)/./node_modules/.pnpm/posthog-js@1.309.1/node_modules/posthog-js/dist/module.js:22:149004)
    at qo._send_request (webpack-internal:///(app-pages-browser)/./node_modules/.pnpm/posthog-js@1.309.1/node_modules/posthog-js/dist/module.js:22:149010)
    at go.retriableRequest (webpack-internal:///(app-pages-browser)/./node_modules/.pnpm/posthog-js@1.309.1/node_modules/posthog-js/dist/module.js:22:115497)
    at go.Lt (webpack-internal:///(app-pages-browser)/./node_modules/.pnpm/posthog-js@1.309.1/node_modules/posthog-js/dist/module.js:22:116384)
    at eval (webpack-internal:///(app-pages-browser)/./node_modules/.pnpm/posthog-js@1.309.1/node_modules/posthog-js/dist/module.js:22:116221) @ webpack-internal:///(app-pages-browser)/./node_modules/.pnpm/next@15.2.6_react-dom@19.0.0_react@19.0.0__react@19.0.0/node_modules/next/dist/client/components/globals/intercept-console-error.js:49
[  218645ms] [WARNING] [PostHog.js] Enqueued failed request for retry in 81025 @ webpack-internal:///(app-pages-browser)/./node_modules/.pnpm/posthog-js@1.309.1/node_modules/posthog-js/dist/module.js:21
[  218645ms] [ERROR] Failed to load resource: net::ERR_CONNECTION_REFUSED @ http://localhost:3111/ingest/s/?retry_count=4&ip=0&_=1790129507813&ver=1.309.1&compression=gzip-js:0
[  218645ms] [ERROR] [PostHog.js] TypeError: Failed to fetch
    at method (webpack-internal:///(app-pages-browser)/./node_modules/.pnpm/posthog-js@1.309.1/node_modules/posthog-js/dist/module.js:22:71863)
    at eval (webpack-internal:///(app-pages-browser)/./node_modules/.pnpm/posthog-js@1.309.1/node_modules/posthog-js/dist/module.js:22:149004)
    at qo._send_request (webpack-internal:///(app-pages-browser)/./node_modules/.pnpm/posthog-js@1.309.1/node_modules/posthog-js/dist/module.js:22:149010)
    at go.retriableRequest (webpack-internal:///(app-pages-browser)/./node_modules/.pnpm/posthog-js@1.309.1/node_modules/posthog-js/dist/module.js:22:115497)
    at go.Lt (webpack-internal:///(app-pages-browser)/./node_modules/.pnpm/posthog-js@1.309.1/node_modules/posthog-js/dist/module.js:22:116384)
    at eval (webpack-internal:///(app-pages-browser)/./node_modules/.pnpm/posthog-js@1.309.1/node_modules/posthog-js/dist/module.js:22:116221) @ webpack-internal:///(app-pages-browser)/./node_modules/.pnpm/next@15.2.6_react-dom@19.0.0_react@19.0.0__react@19.0.0/node_modules/next/dist/client/components/globals/intercept-console-error.js:49
[  218645ms] [WARNING] [PostHog.js] Enqueued failed request for retry in 39978 @ webpack-internal:///(app-pages-browser)/./node_modules/.pnpm/posthog-js@1.309.1/node_modules/posthog-js/dist/module.js:21
[  218645ms] [ERROR] Failed to load resource: net::ERR_CONNECTION_REFUSED @ http://localhost:3111/ingest/s/?retry_count=2&ip=0&_=1790129507814&ver=1.309.1&compression=gzip-js:0
[  218645ms] [ERROR] [PostHog.js] TypeError: Failed to fetch
    at method (webpack-internal:///(app-pages-browser)/./node_modules/.pnpm/posthog-js@1.309.1/node_modules/posthog-js/dist/module.js:22:71863)
    at eval (webpack-internal:///(app-pages-browser)/./node_modules/.pnpm/posthog-js@1.309.1/node_modules/posthog-js/dist/module.js:22:149004)
    at qo._send_request (webpack-internal:///(app-pages-browser)/./node_modules/.pnpm/posthog-js@1.309.1/node_modules/posthog-js/dist/module.js:22:149010)
    at go.retriableRequest (webpack-internal:///(app-pages-browser)/./node_modules/.pnpm/posthog-js@1.309.1/node_modules/posthog-js/dist/module.js:22:115497)
    at go.Lt (webpack-internal:///(app-pages-browser)/./node_modules/.pnpm/posthog-js@1.309.1/node_modules/posthog-js/dist/module.js:22:116384)
    at eval (webpack-internal:///(app-pages-browser)/./node_modules/.pnpm/posthog-js@1.309.1/node_modules/posthog-js/dist/module.js:22:116221) @ webpack-internal:///(app-pages-browser)/./node_modules/.pnpm/next@15.2.6_react-dom@19.0.0_react@19.0.0__react@19.0.0/node_modules/next/dist/client/components/globals/intercept-console-error.js:49
[  218645ms] [WARNING] [PostHog.js] Enqueued failed request for retry in 9579 @ webpack-internal:///(app-pages-browser)/./node_modules/.pnpm/posthog-js@1.309.1/node_modules/posthog-js/dist/module.js:21
[  218645ms] [ERROR] Failed to load resource: net::ERR_CONNECTION_REFUSED @ http://localhost:3111/ingest/s/?retry_count=2&ip=0&_=1790129507815&ver=1.309.1&compression=gzip-js:0
[  218645ms] [ERROR] [PostHog.js] TypeError: Failed to fetch
    at method (webpack-internal:///(app-pages-browser)/./node_modules/.pnpm/posthog-js@1.309.1/node_modules/posthog-js/dist/module.js:22:71863)
    at eval (webpack-internal:///(app-pages-browser)/./node_modules/.pnpm/posthog-js@1.309.1/node_modules/posthog-js/dist/module.js:22:149004)
    at qo._send_request (webpack-internal:///(app-pages-browser)/./node_modules/.pnpm/posthog-js@1.309.1/node_modules/posthog-js/dist/module.js:22:149010)
    at go.retriableRequest (webpack-internal:///(app-pages-browser)/./node_modules/.pnpm/posthog-js@1.309.1/node_modules/posthog-js/dist/module.js:22:115497)
    at go.Lt (webpack-internal:///(app-pages-browser)/./node_modules/.pnpm/posthog-js@1.309.1/node_modules/posthog-js/dist/module.js:22:116384)
    at eval (webpack-internal:///(app-pages-browser)/./node_modules/.pnpm/posthog-js@1.309.1/node_modules/posthog-js/dist/module.js:22:116221) @ webpack-internal:///(app-pages-browser)/./node_modules/.pnpm/next@15.2.6_react-dom@19.0.0_react@19.0.0__react@19.0.0/node_modules/next/dist/client/components/globals/intercept-console-error.js:49
[  218645ms] [WARNING] [PostHog.js] Enqueued failed request for retry in 13997 @ webpack-internal:///(app-pages-browser)/./node_modules/.pnpm/posthog-js@1.309.1/node_modules/posthog-js/dist/module.js:21
[  218649ms] [ERROR] Failed to load resource: net::ERR_CONNECTION_REFUSED @ http://localhost:3111/ingest/s/?retry_count=1&ip=0&_=1790129507815&ver=1.309.1&compression=gzip-js:0
[  218649ms] [ERROR] [PostHog.js] TypeError: Failed to fetch
    at method (webpack-internal:///(app-pages-browser)/./node_modules/.pnpm/posthog-js@1.309.1/node_modules/posthog-js/dist/module.js:22:71863)
    at eval (webpack-internal:///(app-pages-browser)/./node_modules/.pnpm/posthog-js@1.309.1/node_modules/posthog-js/dist/module.js:22:149004)
    at qo._send_request (webpack-internal:///(app-pages-browser)/./node_modules/.pnpm/posthog-js@1.309.1/node_modules/posthog-js/dist/module.js:22:149010)
    at go.retriableRequest (webpack-internal:///(app-pages-browser)/./node_modules/.pnpm/posthog-js@1.309.1/node_modules/posthog-js/dist/module.js:22:115497)
    at go.Lt (webpack-internal:///(app-pages-browser)/./node_modules/.pnpm/posthog-js@1.309.1/node_modules/posthog-js/dist/module.js:22:116384)
    at eval (webpack-internal:///(app-pages-browser)/./node_modules/.pnpm/posthog-js@1.309.1/node_modules/posthog-js/dist/module.js:22:116221) @ webpack-internal:///(app-pages-browser)/./node_modules/.pnpm/next@15.2.6_react-dom@19.0.0_react@19.0.0__react@19.0.0/node_modules/next/dist/client/components/globals/intercept-console-error.js:49
[  218649ms] [WARNING] [PostHog.js] Enqueued failed request for retry in 6746 @ webpack-internal:///(app-pages-browser)/./node_modules/.pnpm/posthog-js@1.309.1/node_modules/posthog-js/dist/module.js:21
[  218655ms] [ERROR] Failed to load resource: net::ERR_CONNECTION_REFUSED @ http://localhost:3111/__nextjs_original-stack-frames:0
[  218658ms] [ERROR] Failed to load resource: net::ERR_CONNECTION_REFUSED @ http://localhost:3111/__nextjs_original-stack-frames:0
[  219669ms] [LOG] [PostHog.js] send "$snapshot" {uuid: 01a0cc08-91e9-7776-8704-a4bdc132aca2, event: $snapshot, properties: Object, timestamp: Tue Sep 22 2026 22:11:48 GMT-0400 (Eastern Daylight Time)} @ webpack-internal:///(app-pages-browser)/./node_modules/.pnpm/posthog-js@1.309.1/node_modules/posthog-js/dist/module.js:21
[  220669ms] [ERROR] Failed to load resource: net::ERR_CONNECTION_REFUSED @ http://localhost:3111/ingest/s/?ip=0&_=1790129509836&ver=1.309.1&compression=gzip-js:0
[  220669ms] [ERROR] [PostHog.js] TypeError: Failed to fetch
    at method (webpack-internal:///(app-pages-browser)/./node_modules/.pnpm/posthog-js@1.309.1/node_modules/posthog-js/dist/module.js:22:71863)
    at eval (webpack-internal:///(app-pages-browser)/./node_modules/.pnpm/posthog-js@1.309.1/node_modules/posthog-js/dist/module.js:22:149004)
    at qo._send_request (webpack-internal:///(app-pages-browser)/./node_modules/.pnpm/posthog-js@1.309.1/node_modules/posthog-js/dist/module.js:22:149010)
    at go.retriableRequest (webpack-internal:///(app-pages-browser)/./node_modules/.pnpm/posthog-js@1.309.1/node_modules/posthog-js/dist/module.js:22:115497)
    at qo.Br (webpack-internal:///(app-pages-browser)/./node_modules/.pnpm/posthog-js@1.309.1/node_modules/posthog-js/dist/module.js:22:149216)
    at fo.eval [as xe] (webpack-internal:///(app-pages-browser)/./node_modules/.pnpm/posthog-js@1.309.1/node_modules/posthog-js/dist/module.js:22:142058)
    at e (webpack-internal:///(app-pages-browser)/./node_modules/.pnpm/posthog-js@1.309.1/node_modules/posthog-js/dist/module.js:22:114800)
    at eval (webpack-internal:///(app-pages-browser)/./node_modules/.pnpm/posthog-js@1.309.1/node_modules/posthog-js/dist/module.js:22:114822) @ webpack-internal:///(app-pages-browser)/./node_modules/.pnpm/next@15.2.6_react-dom@19.0.0_react@19.0.0__react@19.0.0/node_modules/next/dist/client/components/globals/intercept-console-error.js:49
[  220669ms] [WARNING] [PostHog.js] Enqueued failed request for retry in 2833 @ webpack-internal:///(app-pages-browser)/./node_modules/.pnpm/posthog-js@1.309.1/node_modules/posthog-js/dist/module.js:21
[  220675ms] [ERROR] Failed to load resource: net::ERR_CONNECTION_REFUSED @ http://localhost:3111/__nextjs_original-stack-frames:0
[  221650ms] [ERROR] Failed to load resource: net::ERR_CONNECTION_REFUSED @ http://localhost:3111/ingest/s/?retry_count=5&ip=0&_=1790129510817&ver=1.309.1&compression=gzip-js:0
[  221650ms] [ERROR] [PostHog.js] TypeError: Failed to fetch
    at method (webpack-internal:///(app-pages-browser)/./node_modules/.pnpm/posthog-js@1.309.1/node_modules/posthog-js/dist/module.js:22:71863)
    at eval (webpack-internal:///(app-pages-browser)/./node_modules/.pnpm/posthog-js@1.309.1/node_modules/posthog-js/dist/module.js:22:149004)
    at qo._send_request (webpack-internal:///(app-pages-browser)/./node_modules/.pnpm/posthog-js@1.309.1/node_modules/posthog-js/dist/module.js:22:149010)
    at go.retriableRequest (webpack-internal:///(app-pages-browser)/./node_modules/.pnpm/posthog-js@1.309.1/node_modules/posthog-js/dist/module.js:22:115497)
    at go.Lt (webpack-internal:///(app-pages-browser)/./node_modules/.pnpm/posthog-js@1.309.1/node_modules/posthog-js/dist/module.js:22:116384)
    at eval (webpack-internal:///(app-pages-browser)/./node_modules/.pnpm/posthog-js@1.309.1/node_modules/posthog-js/dist/module.js:22:116221) @ webpack-internal:///(app-pages-browser)/./node_modules/.pnpm/next@15.2.6_react-dom@19.0.0_react@19.0.0__react@19.0.0/node_modules/next/dist/client/components/globals/intercept-console-error.js:49
[  221650ms] [WARNING] [PostHog.js] Enqueued failed request for retry in 116994 @ webpack-internal:///(app-pages-browser)/./node_modules/.pnpm/posthog-js@1.309.1/node_modules/posthog-js/dist/module.js:21
[  221650ms] [ERROR] Failed to load resource: net::ERR_CONNECTION_REFUSED @ http://localhost:3111/ingest/s/?retry_count=4&ip=0&_=1790129510819&ver=1.309.1&compression=gzip-js:0
[  221650ms] [ERROR] [PostHog.js] TypeError: Failed to fetch
    at method (webpack-internal:///(app-pages-browser)/./node_modules/.pnpm/posthog-js@1.309.1/node_modules/posthog-js/dist/module.js:22:71863)
    at eval (webpack-internal:///(app-pages-browser)/./node_modules/.pnpm/posthog-js@1.309.1/node_modules/posthog-js/dist/module.js:22:149004)
    at qo._send_request (webpack-internal:///(app-pages-browser)/./node_modules/.pnpm/posthog-js@1.309.1/node_modules/posthog-js/dist/module.js:22:149010)
    at go.retriableRequest (webpack-internal:///(app-pages-browser)/./node_modules/.pnpm/posthog-js@1.309.1/node_modules/posthog-js/dist/module.js:22:115497)
    at go.Lt (webpack-internal:///(app-pages-browser)/./node_modules/.pnpm/posthog-js@1.309.1/node_modules/posthog-js/dist/module.js:22:116384)
    at eval (webpack-internal:///(app-pages-browser)/./node_modules/.pnpm/posthog-js@1.309.1/node_modules/posthog-js/dist/module.js:22:116221) @ webpack-internal:///(app-pages-browser)/./node_modules/.pnpm/next@15.2.6_react-dom@19.0.0_react@19.0.0__react@19.0.0/node_modules/next/dist/client/components/globals/intercept-console-error.js:49
[  221651ms] [WARNING] [PostHog.js] Enqueued failed request for retry in 40415 @ webpack-internal:///(app-pages-browser)/./node_modules/.pnpm/posthog-js@1.309.1/node_modules/posthog-js/dist/module.js:21
[  221651ms] [ERROR] Failed to load resource: net::ERR_CONNECTION_REFUSED @ http://localhost:3111/ingest/s/?retry_count=3&ip=0&_=1790129510820&ver=1.309.1&compression=gzip-js:0
[  221651ms] [ERROR] [PostHog.js] TypeError: Failed to fetch
    at method (webpack-internal:///(app-pages-browser)/./node_modules/.pnpm/posthog-js@1.309.1/node_modules/posthog-js/dist/module.js:22:71863)
    at eval (webpack-internal:///(app-pages-browser)/./node_modules/.pnpm/posthog-js@1.309.1/node_modules/posthog-js/dist/module.js:22:149004)
    at qo._send_request (webpack-internal:///(app-pages-browser)/./node_modules/.pnpm/posthog-js@1.309.1/node_modules/posthog-js/dist/module.js:22:149010)
    at go.retriableRequest (webpack-internal:///(app-pages-browser)/./node_modules/.pnpm/posthog-js@1.309.1/node_modules/posthog-js/dist/module.js:22:115497)
    at go.Lt (webpack-internal:///(app-pages-browser)/./node_modules/.pnpm/posthog-js@1.309.1/node_modules/posthog-js/dist/module.js:22:116384)
    at eval (webpack-internal:///(app-pages-browser)/./node_modules/.pnpm/posthog-js@1.309.1/node_modules/posthog-js/dist/module.js:22:116221) @ webpack-internal:///(app-pages-browser)/./node_modules/.pnpm/next@15.2.6_react-dom@19.0.0_react@19.0.0__react@19.0.0/node_modules/next/dist/client/components/globals/intercept-console-error.js:49
[  221651ms] [WARNING] [PostHog.js] Enqueued failed request for retry in 18329 @ webpack-internal:///(app-pages-browser)/./node_modules/.pnpm/posthog-js@1.309.1/node_modules/posthog-js/dist/module.js:21
[  221651ms] [ERROR] Failed to load resource: net::ERR_CONNECTION_REFUSED @ http://localhost:3111/ingest/s/?retry_count=1&ip=0&_=1790129510821&ver=1.309.1&compression=gzip-js:0
[  221651ms] [ERROR] [PostHog.js] TypeError: Failed to fetch
    at method (webpack-internal:///(app-pages-browser)/./node_modules/.pnpm/posthog-js@1.309.1/node_modules/posthog-js/dist/module.js:22:71863)
    at eval (webpack-internal:///(app-pages-browser)/./node_modules/.pnpm/posthog-js@1.309.1/node_modules/posthog-js/dist/module.js:22:149004)
    at qo._send_request (webpack-internal:///(app-pages-browser)/./node_modules/.pnpm/posthog-js@1.309.1/node_modules/posthog-js/dist/module.js:22:149010)
    at go.retriableRequest (webpack-internal:///(app-pages-browser)/./node_modules/.pnpm/posthog-js@1.309.1/node_modules/posthog-js/dist/module.js:22:115497)
    at go.Lt (webpack-internal:///(app-pages-browser)/./node_modules/.pnpm/posthog-js@1.309.1/node_modules/posthog-js/dist/module.js:22:116384)
    at eval (webpack-internal:///(app-pages-browser)/./node_modules/.pnpm/posthog-js@1.309.1/node_modules/posthog-js/dist/module.js:22:116221) @ webpack-internal:///(app-pages-browser)/./node_modules/.pnpm/next@15.2.6_react-dom@19.0.0_react@19.0.0__react@19.0.0/node_modules/next/dist/client/components/globals/intercept-console-error.js:49
[  221651ms] [WARNING] [PostHog.js] Enqueued failed request for retry in 4850 @ webpack-internal:///(app-pages-browser)/./node_modules/.pnpm/posthog-js@1.309.1/node_modules/posthog-js/dist/module.js:21
[  221659ms] [ERROR] Failed to load resource: net::ERR_CONNECTION_REFUSED @ http://localhost:3111/__nextjs_original-stack-frames:0
[  222680ms] [LOG] [PostHog.js] send "$snapshot" {uuid: 01a0cc08-9dab-7a45-8275-f3daa33062e2, event: $snapshot, properties: Object, timestamp: Tue Sep 22 2026 22:11:51 GMT-0400 (Eastern Daylight Time)} @ webpack-internal:///(app-pages-browser)/./node_modules/.pnpm/posthog-js@1.309.1/node_modules/posthog-js/dist/module.js:21
[  224653ms] [ERROR] Failed to load resource: net::ERR_CONNECTION_REFUSED @ http://localhost:3111/ingest/s/?retry_count=6&ip=0&_=1790129513822&ver=1.309.1&compression=gzip-js:0
[  224653ms] [ERROR] [PostHog.js] TypeError: Failed to fetch
    at method (webpack-internal:///(app-pages-browser)/./node_modules/.pnpm/posthog-js@1.309.1/node_modules/posthog-js/dist/module.js:22:71863)
    at eval (webpack-internal:///(app-pages-browser)/./node_modules/.pnpm/posthog-js@1.309.1/node_modules/posthog-js/dist/module.js:22:149004)
    at qo._send_request (webpack-internal:///(app-pages-browser)/./node_modules/.pnpm/posthog-js@1.309.1/node_modules/posthog-js/dist/module.js:22:149010)
    at go.retriableRequest (webpack-internal:///(app-pages-browser)/./node_modules/.pnpm/posthog-js@1.309.1/node_modules/posthog-js/dist/module.js:22:115497)
    at go.Lt (webpack-internal:///(app-pages-browser)/./node_modules/.pnpm/posthog-js@1.309.1/node_modules/posthog-js/dist/module.js:22:116384)
    at eval (webpack-internal:///(app-pages-browser)/./node_modules/.pnpm/posthog-js@1.309.1/node_modules/posthog-js/dist/module.js:22:116221) @ webpack-internal:///(app-pages-browser)/./node_modules/.pnpm/next@15.2.6_react-dom@19.0.0_react@19.0.0__react@19.0.0/node_modules/next/dist/client/components/globals/intercept-console-error.js:49
[  224653ms] [WARNING] [PostHog.js] Enqueued failed request for retry in 237393 @ webpack-internal:///(app-pages-browser)/./node_modules/.pnpm/posthog-js@1.309.1/node_modules/posthog-js/dist/module.js:21
[  224653ms] [ERROR] Failed to load resource: net::ERR_CONNECTION_REFUSED @ http://localhost:3111/ingest/s/?retry_count=1&ip=0&_=1790129513823&ver=1.309.1&compression=gzip-js:0
[  224653ms] [ERROR] [PostHog.js] TypeError: Failed to fetch
    at method (webpack-internal:///(app-pages-browser)/./node_modules/.pnpm/posthog-js@1.309.1/node_modules/posthog-js/dist/module.js:22:71863)
    at eval (webpack-internal:///(app-pages-browser)/./node_modules/.pnpm/posthog-js@1.309.1/node_modules/posthog-js/dist/module.js:22:149004)
    at qo._send_request (webpack-internal:///(app-pages-browser)/./node_modules/.pnpm/posthog-js@1.309.1/node_modules/posthog-js/dist/module.js:22:149010)
    at go.retriableRequest (webpack-internal:///(app-pages-browser)/./node_modules/.pnpm/posthog-js@1.309.1/node_modules/posthog-js/dist/module.js:22:115497)
    at go.Lt (webpack-internal:///(app-pages-browser)/./node_modules/.pnpm/posthog-js@1.309.1/node_modules/posthog-js/dist/module.js:22:116384)
    at eval (webpack-internal:///(app-pages-browser)/./node_modules/.pnpm/posthog-js@1.309.1/node_modules/posthog-js/dist/module.js:22:116221) @ webpack-internal:///(app-pages-browser)/./node_modules/.pnpm/next@15.2.6_react-dom@19.0.0_react@19.0.0__react@19.0.0/node_modules/next/dist/client/components/globals/intercept-console-error.js:49
[  224653ms] [WARNING] [PostHog.js] Enqueued failed request for retry in 5726 @ webpack-internal:///(app-pages-browser)/./node_modules/.pnpm/posthog-js@1.309.1/node_modules/posthog-js/dist/module.js:21
[  224660ms] [ERROR] Failed to load resource: net::ERR_CONNECTION_REFUSED @ http://localhost:3111/__nextjs_original-stack-frames:0
[  225683ms] [ERROR] Failed to load resource: net::ERR_CONNECTION_REFUSED @ http://localhost:3111/ingest/s/?ip=0&_=1790129514853&ver=1.309.1&compression=gzip-js:0
[  225683ms] [ERROR] [PostHog.js] TypeError: Failed to fetch
    at method (webpack-internal:///(app-pages-browser)/./node_modules/.pnpm/posthog-js@1.309.1/node_modules/posthog-js/dist/module.js:22:71863)
    at eval (webpack-internal:///(app-pages-browser)/./node_modules/.pnpm/posthog-js@1.309.1/node_modules/posthog-js/dist/module.js:22:149004)
    at qo._send_request (webpack-internal:///(app-pages-browser)/./node_modules/.pnpm/posthog-js@1.309.1/node_modules/posthog-js/dist/module.js:22:149010)
    at go.retriableRequest (webpack-internal:///(app-pages-browser)/./node_modules/.pnpm/posthog-js@1.309.1/node_modules/posthog-js/dist/module.js:22:115497)
    at qo.Br (webpack-internal:///(app-pages-browser)/./node_modules/.pnpm/posthog-js@1.309.1/node_modules/posthog-js/dist/module.js:22:149216)
    at fo.eval [as xe] (webpack-internal:///(app-pages-browser)/./node_modules/.pnpm/posthog-js@1.309.1/node_modules/posthog-js/dist/module.js:22:142058)
    at e (webpack-internal:///(app-pages-browser)/./node_modules/.pnpm/posthog-js@1.309.1/node_modules/posthog-js/dist/module.js:22:114800)
    at eval (webpack-internal:///(app-pages-browser)/./node_modules/.pnpm/posthog-js@1.309.1/node_modules/posthog-js/dist/module.js:22:114822) @ webpack-internal:///(app-pages-browser)/./node_modules/.pnpm/next@15.2.6_react-dom@19.0.0_react@19.0.0__react@19.0.0/node_modules/next/dist/client/components/globals/intercept-console-error.js:49
[  225683ms] [WARNING] [PostHog.js] Enqueued failed request for retry in 3118 @ webpack-internal:///(app-pages-browser)/./node_modules/.pnpm/posthog-js@1.309.1/node_modules/posthog-js/dist/module.js:21
[  225690ms] [ERROR] Failed to load resource: net::ERR_CONNECTION_REFUSED @ http://localhost:3111/__nextjs_original-stack-frames:0
[  226664ms] [LOG] [PostHog.js] send "$snapshot" {uuid: 01a0cc08-ad3b-7177-8775-2cfedc81a6a2, event: $snapshot, properties: Object, timestamp: Tue Sep 22 2026 22:11:55 GMT-0400 (Eastern Daylight Time)} @ webpack-internal:///(app-pages-browser)/./node_modules/.pnpm/posthog-js@1.309.1/node_modules/posthog-js/dist/module.js:21
[  227660ms] [ERROR] Failed to load resource: net::ERR_CONNECTION_REFUSED @ http://localhost:3111/ingest/s/?retry_count=5&ip=0&_=1790129516825&ver=1.309.1&compression=gzip-js:0
[  227660ms] [ERROR] [PostHog.js] TypeError: Failed to fetch
    at method (webpack-internal:///(app-pages-browser)/./node_modules/.pnpm/posthog-js@1.309.1/node_modules/posthog-js/dist/module.js:22:71863)
    at eval (webpack-internal:///(app-pages-browser)/./node_modules/.pnpm/posthog-js@1.309.1/node_modules/posthog-js/dist/module.js:22:149004)
    at qo._send_request (webpack-internal:///(app-pages-browser)/./node_modules/.pnpm/posthog-js@1.309.1/node_modules/posthog-js/dist/module.js:22:149010)
    at go.retriableRequest (webpack-internal:///(app-pages-browser)/./node_modules/.pnpm/posthog-js@1.309.1/node_modules/posthog-js/dist/module.js:22:115497)
    at go.Lt (webpack-internal:///(app-pages-browser)/./node_modules/.pnpm/posthog-js@1.309.1/node_modules/posthog-js/dist/module.js:22:116384)
    at eval (webpack-internal:///(app-pages-browser)/./node_modules/.pnpm/posthog-js@1.309.1/node_modules/posthog-js/dist/module.js:22:116221) @ webpack-internal:///(app-pages-browser)/./node_modules/.pnpm/next@15.2.6_react-dom@19.0.0_react@19.0.0__react@19.0.0/node_modules/next/dist/client/components/globals/intercept-console-error.js:49
[  227660ms] [WARNING] [PostHog.js] Enqueued failed request for retry in 107703 @ webpack-internal:///(app-pages-browser)/./node_modules/.pnpm/posthog-js@1.309.1/node_modules/posthog-js/dist/module.js:21
[  227661ms] [ERROR] Failed to load resource: net::ERR_CONNECTION_REFUSED @ http://localhost:3111/ingest/s/?retry_count=4&ip=0&_=1790129516827&ver=1.309.1&compression=gzip-js:0
[  227661ms] [ERROR] [PostHog.js] TypeError: Failed to fetch
    at method (webpack-internal:///(app-pages-browser)/./node_modules/.pnpm/posthog-js@1.309.1/node_modules/posthog-js/dist/module.js:22:71863)
    at eval (webpack-internal:///(app-pages-browser)/./node_modules/.pnpm/posthog-js@1.309.1/node_modules/posthog-js/dist/module.js:22:149004)
    at qo._send_request (webpack-internal:///(app-pages-browser)/./node_modules/.pnpm/posthog-js@1.309.1/node_modules/posthog-js/dist/module.js:22:149010)
    at go.retriableRequest (webpack-internal:///(app-pages-browser)/./node_modules/.pnpm/posthog-js@1.309.1/node_modules/posthog-js/dist/module.js:22:115497)
    at go.Lt (webpack-internal:///(app-pages-browser)/./node_modules/.pnpm/posthog-js@1.309.1/node_modules/posthog-js/dist/module.js:22:116384)
    at eval (webpack-internal:///(app-pages-browser)/./node_modules/.pnpm/posthog-js@1.309.1/node_modules/posthog-js/dist/module.js:22:116221) @ webpack-internal:///(app-pages-browser)/./node_modules/.pnpm/next@15.2.6_react-dom@19.0.0_react@19.0.0__react@19.0.0/node_modules/next/dist/client/components/globals/intercept-console-error.js:49
[  227661ms] [WARNING] [PostHog.js] Enqueued failed request for retry in 36790 @ webpack-internal:///(app-pages-browser)/./node_modules/.pnpm/posthog-js@1.309.1/node_modules/posthog-js/dist/module.js:21
[  227661ms] [ERROR] Failed to load resource: net::ERR_CONNECTION_REFUSED @ http://localhost:3111/ingest/s/?retry_count=4&ip=0&_=1790129516828&ver=1.309.1&compression=gzip-js:0
[  227661ms] [ERROR] [PostHog.js] TypeError: Failed to fetch
    at method (webpack-internal:///(app-pages-browser)/./node_modules/.pnpm/posthog-js@1.309.1/node_modules/posthog-js/dist/module.js:22:71863)
    at eval (webpack-internal:///(app-pages-browser)/./node_modules/.pnpm/posthog-js@1.309.1/node_modules/posthog-js/dist/module.js:22:149004)
    at qo._send_request (webpack-internal:///(app-pages-browser)/./node_modules/.pnpm/posthog-js@1.309.1/node_modules/posthog-js/dist/module.js:22:149010)
    at go.retriableRequest (webpack-internal:///(app-pages-browser)/./node_modules/.pnpm/posthog-js@1.309.1/node_modules/posthog-js/dist/module.js:22:115497)
    at go.Lt (webpack-internal:///(app-pages-browser)/./node_modules/.pnpm/posthog-js@1.309.1/node_modules/posthog-js/dist/module.js:22:116384)
    at eval (webpack-internal:///(app-pages-browser)/./node_modules/.pnpm/posthog-js@1.309.1/node_modules/posthog-js/dist/module.js:22:116221) @ webpack-internal:///(app-pages-browser)/./node_modules/.pnpm/next@15.2.6_react-dom@19.0.0_react@19.0.0__react@19.0.0/node_modules/next/dist/client/components/globals/intercept-console-error.js:49
[  227661ms] [WARNING] [PostHog.js] Enqueued failed request for retry in 54985 @ webpack-internal:///(app-pages-browser)/./node_modules/.pnpm/posthog-js@1.309.1/node_modules/posthog-js/dist/module.js:21
[  227661ms] [ERROR] Failed to load resource: net::ERR_CONNECTION_REFUSED @ http://localhost:3111/ingest/s/?retry_count=4&ip=0&_=1790129516829&ver=1.309.1&compression=gzip-js:0
[  227661ms] [ERROR] [PostHog.js] TypeError: Failed to fetch
    at method (webpack-internal:///(app-pages-browser)/./node_modules/.pnpm/posthog-js@1.309.1/node_modules/posthog-js/dist/module.js:22:71863)
    at eval (webpack-internal:///(app-pages-browser)/./node_modules/.pnpm/posthog-js@1.309.1/node_modules/posthog-js/dist/module.js:22:149004)
    at qo._send_request (webpack-internal:///(app-pages-browser)/./node_modules/.pnpm/posthog-js@1.309.1/node_modules/posthog-js/dist/module.js:22:149010)
    at go.retriableRequest (webpack-internal:///(app-pages-browser)/./node_modules/.pnpm/posthog-js@1.309.1/node_modules/posthog-js/dist/module.js:22:115497)
    at go.Lt (webpack-internal:///(app-pages-browser)/./node_modules/.pnpm/posthog-js@1.309.1/node_modules/posthog-js/dist/module.js:22:116384)
    at eval (webpack-internal:///(app-pages-browser)/./node_modules/.pnpm/posthog-js@1.309.1/node_modules/posthog-js/dist/module.js:22:116221) @ webpack-internal:///(app-pages-browser)/./node_modules/.pnpm/next@15.2.6_react-dom@19.0.0_react@19.0.0__react@19.0.0/node_modules/next/dist/client/components/globals/intercept-console-error.js:49
[  227661ms] [WARNING] [PostHog.js] Enqueued failed request for retry in 51637 @ webpack-internal:///(app-pages-browser)/./node_modules/.pnpm/posthog-js@1.309.1/node_modules/posthog-js/dist/module.js:21
[  227661ms] [ERROR] Failed to load resource: net::ERR_CONNECTION_REFUSED @ http://localhost:3111/ingest/s/?retry_count=2&ip=0&_=1790129516830&ver=1.309.1&compression=gzip-js:0
[  227661ms] [ERROR] [PostHog.js] TypeError: Failed to fetch
    at method (webpack-internal:///(app-pages-browser)/./node_modules/.pnpm/posthog-js@1.309.1/node_modules/posthog-js/dist/module.js:22:71863)
    at eval (webpack-internal:///(app-pages-browser)/./node_modules/.pnpm/posthog-js@1.309.1/node_modules/posthog-js/dist/module.js:22:149004)
    at qo._send_request (webpack-internal:///(app-pages-browser)/./node_modules/.pnpm/posthog-js@1.309.1/node_modules/posthog-js/dist/module.js:22:149010)
    at go.retriableRequest (webpack-internal:///(app-pages-browser)/./node_modules/.pnpm/posthog-js@1.309.1/node_modules/posthog-js/dist/module.js:22:115497)
    at go.Lt (webpack-internal:///(app-pages-browser)/./node_modules/.pnpm/posthog-js@1.309.1/node_modules/posthog-js/dist/module.js:22:116384)
    at eval (webpack-internal:///(app-pages-browser)/./node_modules/.pnpm/posthog-js@1.309.1/node_modules/posthog-js/dist/module.js:22:116221) @ webpack-internal:///(app-pages-browser)/./node_modules/.pnpm/next@15.2.6_react-dom@19.0.0_react@19.0.0__react@19.0.0/node_modules/next/dist/client/components/globals/intercept-console-error.js:49
[  227661ms] [WARNING] [PostHog.js] Enqueued failed request for retry in 9293 @ webpack-internal:///(app-pages-browser)/./node_modules/.pnpm/posthog-js@1.309.1/node_modules/posthog-js/dist/module.js:21
[  227662ms] [ERROR] Failed to load resource: net::ERR_CONNECTION_REFUSED @ http://localhost:3111/ingest/s/?retry_count=2&ip=0&_=1790129516830&ver=1.309.1&compression=gzip-js:0
[  227662ms] [ERROR] [PostHog.js] TypeError: Failed to fetch
    at method (webpack-internal:///(app-pages-browser)/./node_modules/.pnpm/posthog-js@1.309.1/node_modules/posthog-js/dist/module.js:22:71863)
    at eval (webpack-internal:///(app-pages-browser)/./node_modules/.pnpm/posthog-js@1.309.1/node_modules/posthog-js/dist/module.js:22:149004)
    at qo._send_request (webpack-internal:///(app-pages-browser)/./node_modules/.pnpm/posthog-js@1.309.1/node_modules/posthog-js/dist/module.js:22:149010)
    at go.retriableRequest (webpack-internal:///(app-pages-browser)/./node_modules/.pnpm/posthog-js@1.309.1/node_modules/posthog-js/dist/module.js:22:115497)
    at go.Lt (webpack-internal:///(app-pages-browser)/./node_modules/.pnpm/posthog-js@1.309.1/node_modules/posthog-js/dist/module.js:22:116384)
    at eval (webpack-internal:///(app-pages-browser)/./node_modules/.pnpm/posthog-js@1.309.1/node_modules/posthog-js/dist/module.js:22:116221) @ webpack-internal:///(app-pages-browser)/./node_modules/.pnpm/next@15.2.6_react-dom@19.0.0_react@19.0.0__react@19.0.0/node_modules/next/dist/client/components/globals/intercept-console-error.js:49
[  227662ms] [WARNING] [PostHog.js] Enqueued failed request for retry in 12612 @ webpack-internal:///(app-pages-browser)/./node_modules/.pnpm/posthog-js@1.309.1/node_modules/posthog-js/dist/module.js:21
[  227670ms] [ERROR] Failed to load resource: net::ERR_CONNECTION_REFUSED @ http://localhost:3111/__nextjs_original-stack-frames:0
[  229667ms] [ERROR] Failed to load resource: net::ERR_CONNECTION_REFUSED @ http://localhost:3111/ingest/s/?ip=0&_=1790129518836&ver=1.309.1&compression=gzip-js:0
[  229667ms] [ERROR] [PostHog.js] TypeError: Failed to fetch
    at method (webpack-internal:///(app-pages-browser)/./node_modules/.pnpm/posthog-js@1.309.1/node_modules/posthog-js/dist/module.js:22:71863)
    at eval (webpack-internal:///(app-pages-browser)/./node_modules/.pnpm/posthog-js@1.309.1/node_modules/posthog-js/dist/module.js:22:149004)
    at qo._send_request (webpack-internal:///(app-pages-browser)/./node_modules/.pnpm/posthog-js@1.309.1/node_modules/posthog-js/dist/module.js:22:149010)
    at go.retriableRequest (webpack-internal:///(app-pages-browser)/./node_modules/.pnpm/posthog-js@1.309.1/node_modules/posthog-js/dist/module.js:22:115497)
    at qo.Br (webpack-internal:///(app-pages-browser)/./node_modules/.pnpm/posthog-js@1.309.1/node_modules/posthog-js/dist/module.js:22:149216)
    at fo.eval [as xe] (webpack-internal:///(app-pages-browser)/./node_modules/.pnpm/posthog-js@1.309.1/node_modules/posthog-js/dist/module.js:22:142058)
    at e (webpack-internal:///(app-pages-browser)/./node_modules/.pnpm/posthog-js@1.309.1/node_modules/posthog-js/dist/module.js:22:114800)
    at eval (webpack-internal:///(app-pages-browser)/./node_modules/.pnpm/posthog-js@1.309.1/node_modules/posthog-js/dist/module.js:22:114822) @ webpack-internal:///(app-pages-browser)/./node_modules/.pnpm/next@15.2.6_react-dom@19.0.0_react@19.0.0__react@19.0.0/node_modules/next/dist/client/components/globals/intercept-console-error.js:49
[  229667ms] [WARNING] [PostHog.js] Enqueued failed request for retry in 2359 @ webpack-internal:///(app-pages-browser)/./node_modules/.pnpm/posthog-js@1.309.1/node_modules/posthog-js/dist/module.js:21
[  229674ms] [ERROR] Failed to load resource: net::ERR_CONNECTION_REFUSED @ http://localhost:3111/__nextjs_original-stack-frames:0
[  229676ms] [LOG] [PostHog.js] send "$snapshot" {uuid: 01a0cc08-b900-771a-a04f-5d7af99a619f, event: $snapshot, properties: Object, timestamp: Tue Sep 22 2026 22:11:58 GMT-0400 (Eastern Daylight Time)} @ webpack-internal:///(app-pages-browser)/./node_modules/.pnpm/posthog-js@1.309.1/node_modules/posthog-js/dist/module.js:21
[  230667ms] [ERROR] Failed to load resource: net::ERR_CONNECTION_REFUSED @ http://localhost:3111/ingest/s/?retry_count=5&ip=0&_=1790129519832&ver=1.309.1&compression=gzip-js:0
[  230667ms] [ERROR] [PostHog.js] TypeError: Failed to fetch
    at method (webpack-internal:///(app-pages-browser)/./node_modules/.pnpm/posthog-js@1.309.1/node_modules/posthog-js/dist/module.js:22:71863)
    at eval (webpack-internal:///(app-pages-browser)/./node_modules/.pnpm/posthog-js@1.309.1/node_modules/posthog-js/dist/module.js:22:149004)
    at qo._send_request (webpack-internal:///(app-pages-browser)/./node_modules/.pnpm/posthog-js@1.309.1/node_modules/posthog-js/dist/module.js:22:149010)
    at go.retriableRequest (webpack-internal:///(app-pages-browser)/./node_modules/.pnpm/posthog-js@1.309.1/node_modules/posthog-js/dist/module.js:22:115497)
    at go.Lt (webpack-internal:///(app-pages-browser)/./node_modules/.pnpm/posthog-js@1.309.1/node_modules/posthog-js/dist/module.js:22:116384)
    at eval (webpack-internal:///(app-pages-browser)/./node_modules/.pnpm/posthog-js@1.309.1/node_modules/posthog-js/dist/module.js:22:116221) @ webpack-internal:///(app-pages-browser)/./node_modules/.pnpm/next@15.2.6_react-dom@19.0.0_react@19.0.0__react@19.0.0/node_modules/next/dist/client/components/globals/intercept-console-error.js:49
[  230667ms] [WARNING] [PostHog.js] Enqueued failed request for retry in 112202 @ webpack-internal:///(app-pages-browser)/./node_modules/.pnpm/posthog-js@1.309.1/node_modules/posthog-js/dist/module.js:21
[  230667ms] [ERROR] Failed to load resource: net::ERR_CONNECTION_REFUSED @ http://localhost:3111/ingest/s/?retry_count=3&ip=0&_=1790129519834&ver=1.309.1&compression=gzip-js:0
[  230667ms] [ERROR] [PostHog.js] TypeError: Failed to fetch
    at method (webpack-internal:///(app-pages-browser)/./node_modules/.pnpm/posthog-js@1.309.1/node_modules/posthog-js/dist/module.js:22:71863)
    at eval (webpack-internal:///(app-pages-browser)/./node_modules/.pnpm/posthog-js@1.309.1/node_modules/posthog-js/dist/module.js:22:149004)
    at qo._send_request (webpack-internal:///(app-pages-browser)/./node_modules/.pnpm/posthog-js@1.309.1/node_modules/posthog-js/dist/module.js:22:149010)
    at go.retriableRequest (webpack-internal:///(app-pages-browser)/./node_modules/.pnpm/posthog-js@1.309.1/node_modules/posthog-js/dist/module.js:22:115497)
    at go.Lt (webpack-internal:///(app-pages-browser)/./node_modules/.pnpm/posthog-js@1.309.1/node_modules/posthog-js/dist/module.js:22:116384)
    at eval (webpack-internal:///(app-pages-browser)/./node_modules/.pnpm/posthog-js@1.309.1/node_modules/posthog-js/dist/module.js:22:116221) @ webpack-internal:///(app-pages-browser)/./node_modules/.pnpm/next@15.2.6_react-dom@19.0.0_react@19.0.0__react@19.0.0/node_modules/next/dist/client/components/globals/intercept-console-error.js:49
[  230667ms] [WARNING] [PostHog.js] Enqueued failed request for retry in 26448 @ webpack-internal:///(app-pages-browser)/./node_modules/.pnpm/posthog-js@1.309.1/node_modules/posthog-js/dist/module.js:21
[  230668ms] [ERROR] Failed to load resource: net::ERR_CONNECTION_REFUSED @ http://localhost:3111/ingest/s/?retry_count=3&ip=0&_=1790129519835&ver=1.309.1&compression=gzip-js:0
[  230668ms] [ERROR] [PostHog.js] TypeError: Failed to fetch
    at method (webpack-internal:///(app-pages-browser)/./node_modules/.pnpm/posthog-js@1.309.1/node_modules/posthog-js/dist/module.js:22:71863)
    at eval (webpack-internal:///(app-pages-browser)/./node_modules/.pnpm/posthog-js@1.309.1/node_modules/posthog-js/dist/module.js:22:149004)
    at qo._send_request (webpack-internal:///(app-pages-browser)/./node_modules/.pnpm/posthog-js@1.309.1/node_modules/posthog-js/dist/module.js:22:149010)
    at go.retriableRequest (webpack-internal:///(app-pages-browser)/./node_modules/.pnpm/posthog-js@1.309.1/node_modules/posthog-js/dist/module.js:22:115497)
    at go.Lt (webpack-internal:///(app-pages-browser)/./node_modules/.pnpm/posthog-js@1.309.1/node_modules/posthog-js/dist/module.js:22:116384)
    at eval (webpack-internal:///(app-pages-browser)/./node_modules/.pnpm/posthog-js@1.309.1/node_modules/posthog-js/dist/module.js:22:116221) @ webpack-internal:///(app-pages-browser)/./node_modules/.pnpm/next@15.2.6_react-dom@19.0.0_react@19.0.0__react@19.0.0/node_modules/next/dist/client/components/globals/intercept-console-error.js:49
[  230668ms] [WARNING] [PostHog.js] Enqueued failed request for retry in 19039 @ webpack-internal:///(app-pages-browser)/./node_modules/.pnpm/posthog-js@1.309.1/node_modules/posthog-js/dist/module.js:21
[  230668ms] [ERROR] Failed to load resource: net::ERR_CONNECTION_REFUSED @ http://localhost:3111/ingest/s/?retry_count=2&ip=0&_=1790129519836&ver=1.309.1&compression=gzip-js:0
[  230668ms] [ERROR] [PostHog.js] TypeError: Failed to fetch
    at method (webpack-internal:///(app-pages-browser)/./node_modules/.pnpm/posthog-js@1.309.1/node_modules/posthog-js/dist/module.js:22:71863)
    at eval (webpack-internal:///(app-pages-browser)/./node_modules/.pnpm/posthog-js@1.309.1/node_modules/posthog-js/dist/module.js:22:149004)
    at qo._send_request (webpack-internal:///(app-pages-browser)/./node_modules/.pnpm/posthog-js@1.309.1/node_modules/posthog-js/dist/module.js:22:149010)
    at go.retriableRequest (webpack-internal:///(app-pages-browser)/./node_modules/.pnpm/posthog-js@1.309.1/node_modules/posthog-js/dist/module.js:22:115497)
    at go.Lt (webpack-internal:///(app-pages-browser)/./node_modules/.pnpm/posthog-js@1.309.1/node_modules/posthog-js/dist/module.js:22:116384)
    at eval (webpack-internal:///(app-pages-browser)/./node_modules/.pnpm/posthog-js@1.309.1/node_modules/posthog-js/dist/module.js:22:116221) @ webpack-internal:///(app-pages-browser)/./node_modules/.pnpm/next@15.2.6_react-dom@19.0.0_react@19.0.0__react@19.0.0/node_modules/next/dist/client/components/globals/intercept-console-error.js:49
[  230668ms] [WARNING] [PostHog.js] Enqueued failed request for retry in 14734 @ webpack-internal:///(app-pages-browser)/./node_modules/.pnpm/posthog-js@1.309.1/node_modules/posthog-js/dist/module.js:21
[  230668ms] [ERROR] Failed to load resource: net::ERR_CONNECTION_REFUSED @ http://localhost:3111/ingest/s/?retry_count=1&ip=0&_=1790129519837&ver=1.309.1&compression=gzip-js:0
[  230668ms] [ERROR] [PostHog.js] TypeError: Failed to fetch
    at method (webpack-internal:///(app-pages-browser)/./node_modules/.pnpm/posthog-js@1.309.1/node_modules/posthog-js/dist/module.js:22:71863)
    at eval (webpack-internal:///(app-pages-browser)/./node_modules/.pnpm/posthog-js@1.309.1/node_modules/posthog-js/dist/module.js:22:149004)
    at qo._send_request (webpack-internal:///(app-pages-browser)/./node_modules/.pnpm/posthog-js@1.309.1/node_modules/posthog-js/dist/module.js:22:149010)
    at go.retriableRequest (webpack-internal:///(app-pages-browser)/./node_modules/.pnpm/posthog-js@1.309.1/node_modules/posthog-js/dist/module.js:22:115497)
    at go.Lt (webpack-internal:///(app-pages-browser)/./node_modules/.pnpm/posthog-js@1.309.1/node_modules/posthog-js/dist/module.js:22:116384)
    at eval (webpack-internal:///(app-pages-browser)/./node_modules/.pnpm/posthog-js@1.309.1/node_modules/posthog-js/dist/module.js:22:116221) @ webpack-internal:///(app-pages-browser)/./node_modules/.pnpm/next@15.2.6_react-dom@19.0.0_react@19.0.0__react@19.0.0/node_modules/next/dist/client/components/globals/intercept-console-error.js:49
[  230668ms] [WARNING] [PostHog.js] Enqueued failed request for retry in 4883 @ webpack-internal:///(app-pages-browser)/./node_modules/.pnpm/posthog-js@1.309.1/node_modules/posthog-js/dist/module.js:21
[  230675ms] [ERROR] Failed to load resource: net::ERR_CONNECTION_REFUSED @ http://localhost:3111/__nextjs_original-stack-frames:0
[  231678ms] [LOG] [PostHog.js] send "$snapshot" {uuid: 01a0cc08-c0d1-7440-a05e-dba5558ed209, event: $snapshot, properties: Object, timestamp: Tue Sep 22 2026 22:12:00 GMT-0400 (Eastern Daylight Time)} @ webpack-internal:///(app-pages-browser)/./node_modules/.pnpm/posthog-js@1.309.1/node_modules/posthog-js/dist/module.js:21
[  232683ms] [ERROR] Failed to load resource: net::ERR_CONNECTION_REFUSED @ http://localhost:3111/ingest/s/?ip=0&_=1790129521849&ver=1.309.1&compression=gzip-js:0
[  232683ms] [ERROR] [PostHog.js] TypeError: Failed to fetch
    at method (webpack-internal:///(app-pages-browser)/./node_modules/.pnpm/posthog-js@1.309.1/node_modules/posthog-js/dist/module.js:22:71863)
    at eval (webpack-internal:///(app-pages-browser)/./node_modules/.pnpm/posthog-js@1.309.1/node_modules/posthog-js/dist/module.js:22:149004)
    at qo._send_request (webpack-internal:///(app-pages-browser)/./node_modules/.pnpm/posthog-js@1.309.1/node_modules/posthog-js/dist/module.js:22:149010)
    at go.retriableRequest (webpack-internal:///(app-pages-browser)/./node_modules/.pnpm/posthog-js@1.309.1/node_modules/posthog-js/dist/module.js:22:115497)
    at qo.Br (webpack-internal:///(app-pages-browser)/./node_modules/.pnpm/posthog-js@1.309.1/node_modules/posthog-js/dist/module.js:22:149216)
    at fo.eval [as xe] (webpack-internal:///(app-pages-browser)/./node_modules/.pnpm/posthog-js@1.309.1/node_modules/posthog-js/dist/module.js:22:142058)
    at e (webpack-internal:///(app-pages-browser)/./node_modules/.pnpm/posthog-js@1.309.1/node_modules/posthog-js/dist/module.js:22:114800)
    at eval (webpack-internal:///(app-pages-browser)/./node_modules/.pnpm/posthog-js@1.309.1/node_modules/posthog-js/dist/module.js:22:114822) @ webpack-internal:///(app-pages-browser)/./node_modules/.pnpm/next@15.2.6_react-dom@19.0.0_react@19.0.0__react@19.0.0/node_modules/next/dist/client/components/globals/intercept-console-error.js:49
[  232683ms] [WARNING] [PostHog.js] Enqueued failed request for retry in 2612 @ webpack-internal:///(app-pages-browser)/./node_modules/.pnpm/posthog-js@1.309.1/node_modules/posthog-js/dist/module.js:21
[  232690ms] [ERROR] Failed to load resource: net::ERR_CONNECTION_REFUSED @ http://localhost:3111/__nextjs_original-stack-frames:0
[  233670ms] [ERROR] Failed to load resource: net::ERR_CONNECTION_REFUSED @ http://localhost:3111/ingest/s/?retry_count=6&ip=0&_=1790129522838&ver=1.309.1&compression=gzip-js:0
[  233670ms] [ERROR] [PostHog.js] TypeError: Failed to fetch
    at method (webpack-internal:///(app-pages-browser)/./node_modules/.pnpm/posthog-js@1.309.1/node_modules/posthog-js/dist/module.js:22:71863)
    at eval (webpack-internal:///(app-pages-browser)/./node_modules/.pnpm/posthog-js@1.309.1/node_modules/posthog-js/dist/module.js:22:149004)
    at qo._send_request (webpack-internal:///(app-pages-browser)/./node_modules/.pnpm/posthog-js@1.309.1/node_modules/posthog-js/dist/module.js:22:149010)
    at go.retriableRequest (webpack-internal:///(app-pages-browser)/./node_modules/.pnpm/posthog-js@1.309.1/node_modules/posthog-js/dist/module.js:22:115497)
    at go.Lt (webpack-internal:///(app-pages-browser)/./node_modules/.pnpm/posthog-js@1.309.1/node_modules/posthog-js/dist/module.js:22:116384)
    at eval (webpack-internal:///(app-pages-browser)/./node_modules/.pnpm/posthog-js@1.309.1/node_modules/posthog-js/dist/module.js:22:116221) @ webpack-internal:///(app-pages-browser)/./node_modules/.pnpm/next@15.2.6_react-dom@19.0.0_react@19.0.0__react@19.0.0/node_modules/next/dist/client/components/globals/intercept-console-error.js:49
[  233670ms] [WARNING] [PostHog.js] Enqueued failed request for retry in 169079 @ webpack-internal:///(app-pages-browser)/./node_modules/.pnpm/posthog-js@1.309.1/node_modules/posthog-js/dist/module.js:21
[  233670ms] [ERROR] Failed to load resource: net::ERR_CONNECTION_REFUSED @ http://localhost:3111/ingest/s/?retry_count=5&ip=0&_=1790129522839&ver=1.309.1&compression=gzip-js:0
[  233670ms] [ERROR] [PostHog.js] TypeError: Failed to fetch
    at method (webpack-internal:///(app-pages-browser)/./node_modules/.pnpm/posthog-js@1.309.1/node_modules/posthog-js/dist/module.js:22:71863)
    at eval (webpack-internal:///(app-pages-browser)/./node_modules/.pnpm/posthog-js@1.309.1/node_modules/posthog-js/dist/module.js:22:149004)
    at qo._send_request (webpack-internal:///(app-pages-browser)/./node_modules/.pnpm/posthog-js@1.309.1/node_modules/posthog-js/dist/module.js:22:149010)
    at go.retriableRequest (webpack-internal:///(app-pages-browser)/./node_modules/.pnpm/posthog-js@1.309.1/node_modules/posthog-js/dist/module.js:22:115497)
    at go.Lt (webpack-internal:///(app-pages-browser)/./node_modules/.pnpm/posthog-js@1.309.1/node_modules/posthog-js/dist/module.js:22:116384)
    at eval (webpack-internal:///(app-pages-browser)/./node_modules/.pnpm/posthog-js@1.309.1/node_modules/posthog-js/dist/module.js:22:116221) @ webpack-internal:///(app-pages-browser)/./node_modules/.pnpm/next@15.2.6_react-dom@19.0.0_react@19.0.0__react@19.0.0/node_modules/next/dist/client/components/globals/intercept-console-error.js:49
[  233670ms] [WARNING] [PostHog.js] Enqueued failed request for retry in 79534 @ webpack-internal:///(app-pages-browser)/./node_modules/.pnpm/posthog-js@1.309.1/node_modules/posthog-js/dist/module.js:21
[  233671ms] [ERROR] Failed to load resource: net::ERR_CONNECTION_REFUSED @ http://localhost:3111/ingest/s/?retry_count=3&ip=0&_=1790129522840&ver=1.309.1&compression=gzip-js:0
[  233671ms] [ERROR] [PostHog.js] TypeError: Failed to fetch
    at method (webpack-internal:///(app-pages-browser)/./node_modules/.pnpm/posthog-js@1.309.1/node_modules/posthog-js/dist/module.js:22:71863)
    at eval (webpack-internal:///(app-pages-browser)/./node_modules/.pnpm/posthog-js@1.309.1/node_modules/posthog-js/dist/module.js:22:149004)
    at qo._send_request (webpack-internal:///(app-pages-browser)/./node_modules/.pnpm/posthog-js@1.309.1/node_modules/posthog-js/dist/module.js:22:149010)
    at go.retriableRequest (webpack-internal:///(app-pages-browser)/./node_modules/.pnpm/posthog-js@1.309.1/node_modules/posthog-js/dist/module.js:22:115497)
    at go.Lt (webpack-internal:///(app-pages-browser)/./node_modules/.pnpm/posthog-js@1.309.1/node_modules/posthog-js/dist/module.js:22:116384)
    at eval (webpack-internal:///(app-pages-browser)/./node_modules/.pnpm/posthog-js@1.309.1/node_modules/posthog-js/dist/module.js:22:116221) @ webpack-internal:///(app-pages-browser)/./node_modules/.pnpm/next@15.2.6_react-dom@19.0.0_react@19.0.0__react@19.0.0/node_modules/next/dist/client/components/globals/intercept-console-error.js:49
[  233671ms] [WARNING] [PostHog.js] Enqueued failed request for retry in 26270 @ webpack-internal:///(app-pages-browser)/./node_modules/.pnpm/posthog-js@1.309.1/node_modules/posthog-js/dist/module.js:21
[  233674ms] [ERROR] Failed to load resource: net::ERR_CONNECTION_REFUSED @ http://localhost:3111/ingest/s/?retry_count=1&ip=0&_=1790129522841&ver=1.309.1&compression=gzip-js:0
[  233674ms] [ERROR] [PostHog.js] TypeError: Failed to fetch
    at method (webpack-internal:///(app-pages-browser)/./node_modules/.pnpm/posthog-js@1.309.1/node_modules/posthog-js/dist/module.js:22:71863)
    at eval (webpack-internal:///(app-pages-browser)/./node_modules/.pnpm/posthog-js@1.309.1/node_modules/posthog-js/dist/module.js:22:149004)
    at qo._send_request (webpack-internal:///(app-pages-browser)/./node_modules/.pnpm/posthog-js@1.309.1/node_modules/posthog-js/dist/module.js:22:149010)
    at go.retriableRequest (webpack-internal:///(app-pages-browser)/./node_modules/.pnpm/posthog-js@1.309.1/node_modules/posthog-js/dist/module.js:22:115497)
    at go.Lt (webpack-internal:///(app-pages-browser)/./node_modules/.pnpm/posthog-js@1.309.1/node_modules/posthog-js/dist/module.js:22:116384)
    at eval (webpack-internal:///(app-pages-browser)/./node_modules/.pnpm/posthog-js@1.309.1/node_modules/posthog-js/dist/module.js:22:116221) @ webpack-internal:///(app-pages-browser)/./node_modules/.pnpm/next@15.2.6_react-dom@19.0.0_react@19.0.0__react@19.0.0/node_modules/next/dist/client/components/globals/intercept-console-error.js:49
[  233674ms] [WARNING] [PostHog.js] Enqueued failed request for retry in 6004 @ webpack-internal:///(app-pages-browser)/./node_modules/.pnpm/posthog-js@1.309.1/node_modules/posthog-js/dist/module.js:21
[  233680ms] [ERROR] Failed to load resource: net::ERR_CONNECTION_REFUSED @ http://localhost:3111/__nextjs_original-stack-frames:0
[  233684ms] [ERROR] Failed to load resource: net::ERR_CONNECTION_REFUSED @ http://localhost:3111/__nextjs_original-stack-frames:0
[  234694ms] [LOG] [PostHog.js] send "$snapshot" {uuid: 01a0cc08-cc99-76ac-b71e-3ad4d0b3dea2, event: $snapshot, properties: Object, timestamp: Tue Sep 22 2026 22:12:03 GMT-0400 (Eastern Daylight Time)} @ webpack-internal:///(app-pages-browser)/./node_modules/.pnpm/posthog-js@1.309.1/node_modules/posthog-js/dist/module.js:21
[  236675ms] [ERROR] Failed to load resource: net::ERR_CONNECTION_REFUSED @ http://localhost:3111/ingest/s/?retry_count=4&ip=0&_=1790129525843&ver=1.309.1&compression=gzip-js:0
[  236675ms] [ERROR] [PostHog.js] TypeError: Failed to fetch
    at method (webpack-internal:///(app-pages-browser)/./node_modules/.pnpm/posthog-js@1.309.1/node_modules/posthog-js/dist/module.js:22:71863)
    at eval (webpack-internal:///(app-pages-browser)/./node_modules/.pnpm/posthog-js@1.309.1/node_modules/posthog-js/dist/module.js:22:149004)
    at qo._send_request (webpack-internal:///(app-pages-browser)/./node_modules/.pnpm/posthog-js@1.309.1/node_modules/posthog-js/dist/module.js:22:149010)
    at go.retriableRequest (webpack-internal:///(app-pages-browser)/./node_modules/.pnpm/posthog-js@1.309.1/node_modules/posthog-js/dist/module.js:22:115497)
    at go.Lt (webpack-internal:///(app-pages-browser)/./node_modules/.pnpm/posthog-js@1.309.1/node_modules/posthog-js/dist/module.js:22:116384)
    at eval (webpack-internal:///(app-pages-browser)/./node_modules/.pnpm/posthog-js@1.309.1/node_modules/posthog-js/dist/module.js:22:116221) @ webpack-internal:///(app-pages-browser)/./node_modules/.pnpm/next@15.2.6_react-dom@19.0.0_react@19.0.0__react@19.0.0/node_modules/next/dist/client/components/globals/intercept-console-error.js:49
[  236676ms] [WARNING] [PostHog.js] Enqueued failed request for retry in 53477 @ webpack-internal:///(app-pages-browser)/./node_modules/.pnpm/posthog-js@1.309.1/node_modules/posthog-js/dist/module.js:21
[  236676ms] [ERROR] Failed to load resource: net::ERR_CONNECTION_REFUSED @ http://localhost:3111/ingest/s/?retry_count=4&ip=0&_=1790129525844&ver=1.309.1&compression=gzip-js:0
[  236676ms] [ERROR] [PostHog.js] TypeError: Failed to fetch
    at method (webpack-internal:///(app-pages-browser)/./node_modules/.pnpm/posthog-js@1.309.1/node_modules/posthog-js/dist/module.js:22:71863)
    at eval (webpack-internal:///(app-pages-browser)/./node_modules/.pnpm/posthog-js@1.309.1/node_modules/posthog-js/dist/module.js:22:149004)
    at qo._send_request (webpack-internal:///(app-pages-browser)/./node_modules/.pnpm/posthog-js@1.309.1/node_modules/posthog-js/dist/module.js:22:149010)
    at go.retriableRequest (webpack-internal:///(app-pages-browser)/./node_modules/.pnpm/posthog-js@1.309.1/node_modules/posthog-js/dist/module.js:22:115497)
    at go.Lt (webpack-internal:///(app-pages-browser)/./node_modules/.pnpm/posthog-js@1.309.1/node_modules/posthog-js/dist/module.js:22:116384)
    at eval (webpack-internal:///(app-pages-browser)/./node_modules/.pnpm/posthog-js@1.309.1/node_modules/posthog-js/dist/module.js:22:116221) @ webpack-internal:///(app-pages-browser)/./node_modules/.pnpm/next@15.2.6_react-dom@19.0.0_react@19.0.0__react@19.0.0/node_modules/next/dist/client/components/globals/intercept-console-error.js:49
[  236676ms] [WARNING] [PostHog.js] Enqueued failed request for retry in 40887 @ webpack-internal:///(app-pages-browser)/./node_modules/.pnpm/posthog-js@1.309.1/node_modules/posthog-js/dist/module.js:21
[  236676ms] [ERROR] Failed to load resource: net::ERR_CONNECTION_REFUSED @ http://localhost:3111/ingest/s/?retry_count=2&ip=0&_=1790129525845&ver=1.309.1&compression=gzip-js:0
[  236676ms] [ERROR] [PostHog.js] TypeError: Failed to fetch
    at method (webpack-internal:///(app-pages-browser)/./node_modules/.pnpm/posthog-js@1.309.1/node_modules/posthog-js/dist/module.js:22:71863)
    at eval (webpack-internal:///(app-pages-browser)/./node_modules/.pnpm/posthog-js@1.309.1/node_modules/posthog-js/dist/module.js:22:149004)
    at qo._send_request (webpack-internal:///(app-pages-browser)/./node_modules/.pnpm/posthog-js@1.309.1/node_modules/posthog-js/dist/module.js:22:149010)
    at go.retriableRequest (webpack-internal:///(app-pages-browser)/./node_modules/.pnpm/posthog-js@1.309.1/node_modules/posthog-js/dist/module.js:22:115497)
    at go.Lt (webpack-internal:///(app-pages-browser)/./node_modules/.pnpm/posthog-js@1.309.1/node_modules/posthog-js/dist/module.js:22:116384)
    at eval (webpack-internal:///(app-pages-browser)/./node_modules/.pnpm/posthog-js@1.309.1/node_modules/posthog-js/dist/module.js:22:116221) @ webpack-internal:///(app-pages-browser)/./node_modules/.pnpm/next@15.2.6_react-dom@19.0.0_react@19.0.0__react@19.0.0/node_modules/next/dist/client/components/globals/intercept-console-error.js:49
[  236676ms] [WARNING] [PostHog.js] Enqueued failed request for retry in 9520 @ webpack-internal:///(app-pages-browser)/./node_modules/.pnpm/posthog-js@1.309.1/node_modules/posthog-js/dist/module.js:21
[  236676ms] [ERROR] Failed to load resource: net::ERR_CONNECTION_REFUSED @ http://localhost:3111/ingest/s/?retry_count=1&ip=0&_=1790129525846&ver=1.309.1&compression=gzip-js:0
[  236676ms] [ERROR] [PostHog.js] TypeError: Failed to fetch
    at method (webpack-internal:///(app-pages-browser)/./node_modules/.pnpm/posthog-js@1.309.1/node_modules/posthog-js/dist/module.js:22:71863)
    at eval (webpack-internal:///(app-pages-browser)/./node_modules/.pnpm/posthog-js@1.309.1/node_modules/posthog-js/dist/module.js:22:149004)
    at qo._send_request (webpack-internal:///(app-pages-browser)/./node_modules/.pnpm/posthog-js@1.309.1/node_modules/posthog-js/dist/module.js:22:149010)
    at go.retriableRequest (webpack-internal:///(app-pages-browser)/./node_modules/.pnpm/posthog-js@1.309.1/node_modules/posthog-js/dist/module.js:22:115497)
    at go.Lt (webpack-internal:///(app-pages-browser)/./node_modules/.pnpm/posthog-js@1.309.1/node_modules/posthog-js/dist/module.js:22:116384)
    at eval (webpack-internal:///(app-pages-browser)/./node_modules/.pnpm/posthog-js@1.309.1/node_modules/posthog-js/dist/module.js:22:116221) @ webpack-internal:///(app-pages-browser)/./node_modules/.pnpm/next@15.2.6_react-dom@19.0.0_react@19.0.0__react@19.0.0/node_modules/next/dist/client/components/globals/intercept-console-error.js:49
[  236676ms] [WARNING] [PostHog.js] Enqueued failed request for retry in 6980 @ webpack-internal:///(app-pages-browser)/./node_modules/.pnpm/posthog-js@1.309.1/node_modules/posthog-js/dist/module.js:21
[  236684ms] [ERROR] Failed to load resource: net::ERR_CONNECTION_REFUSED @ http://localhost:3111/__nextjs_original-stack-frames:0
[  237698ms] [ERROR] Failed to load resource: net::ERR_CONNECTION_REFUSED @ http://localhost:3111/ingest/s/?ip=0&_=1790129526866&ver=1.309.1&compression=gzip-js:0
[  237698ms] [ERROR] [PostHog.js] TypeError: Failed to fetch
    at method (webpack-internal:///(app-pages-browser)/./node_modules/.pnpm/posthog-js@1.309.1/node_modules/posthog-js/dist/module.js:22:71863)
    at eval (webpack-internal:///(app-pages-browser)/./node_modules/.pnpm/posthog-js@1.309.1/node_modules/posthog-js/dist/module.js:22:149004)
    at qo._send_request (webpack-internal:///(app-pages-browser)/./node_modules/.pnpm/posthog-js@1.309.1/node_modules/posthog-js/dist/module.js:22:149010)
    at go.retriableRequest (webpack-internal:///(app-pages-browser)/./node_modules/.pnpm/posthog-js@1.309.1/node_modules/posthog-js/dist/module.js:22:115497)
    at qo.Br (webpack-internal:///(app-pages-browser)/./node_modules/.pnpm/posthog-js@1.309.1/node_modules/posthog-js/dist/module.js:22:149216)
    at fo.eval [as xe] (webpack-internal:///(app-pages-browser)/./node_modules/.pnpm/posthog-js@1.309.1/node_modules/posthog-js/dist/module.js:22:142058)
    at e (webpack-internal:///(app-pages-browser)/./node_modules/.pnpm/posthog-js@1.309.1/node_modules/posthog-js/dist/module.js:22:114800)
    at eval (webpack-internal:///(app-pages-browser)/./node_modules/.pnpm/posthog-js@1.309.1/node_modules/posthog-js/dist/module.js:22:114822) @ webpack-internal:///(app-pages-browser)/./node_modules/.pnpm/next@15.2.6_react-dom@19.0.0_react@19.0.0__react@19.0.0/node_modules/next/dist/client/components/globals/intercept-console-error.js:49
[  237698ms] [WARNING] [PostHog.js] Enqueued failed request for retry in 2811 @ webpack-internal:///(app-pages-browser)/./node_modules/.pnpm/posthog-js@1.309.1/node_modules/posthog-js/dist/module.js:21
[  237705ms] [ERROR] Failed to load resource: net::ERR_CONNECTION_REFUSED @ http://localhost:3111/__nextjs_original-stack-frames:0
[  238688ms] [LOG] [PostHog.js] send "$snapshot" {uuid: 01a0cc08-dc33-7ad3-9aac-4beca65f30f5, event: $snapshot, properties: Object, timestamp: Tue Sep 22 2026 22:12:07 GMT-0400 (Eastern Daylight Time)} @ webpack-internal:///(app-pages-browser)/./node_modules/.pnpm/posthog-js@1.309.1/node_modules/posthog-js/dist/module.js:21
[  239682ms] [ERROR] Failed to load resource: net::ERR_CONNECTION_REFUSED @ http://localhost:3111/ingest/s/?retry_count=6&ip=0&_=1790129528847&ver=1.309.1&compression=gzip-js:0
[  239683ms] [ERROR] [PostHog.js] TypeError: Failed to fetch
    at method (webpack-internal:///(app-pages-browser)/./node_modules/.pnpm/posthog-js@1.309.1/node_modules/posthog-js/dist/module.js:22:71863)
    at eval (webpack-internal:///(app-pages-browser)/./node_modules/.pnpm/posthog-js@1.309.1/node_modules/posthog-js/dist/module.js:22:149004)
    at qo._send_request (webpack-internal:///(app-pages-browser)/./node_modules/.pnpm/posthog-js@1.309.1/node_modules/posthog-js/dist/module.js:22:149010)
    at go.retriableRequest (webpack-internal:///(app-pages-browser)/./node_modules/.pnpm/posthog-js@1.309.1/node_modules/posthog-js/dist/module.js:22:115497)
    at go.Lt (webpack-internal:///(app-pages-browser)/./node_modules/.pnpm/posthog-js@1.309.1/node_modules/posthog-js/dist/module.js:22:116384)
    at eval (webpack-internal:///(app-pages-browser)/./node_modules/.pnpm/posthog-js@1.309.1/node_modules/posthog-js/dist/module.js:22:116221) @ webpack-internal:///(app-pages-browser)/./node_modules/.pnpm/next@15.2.6_react-dom@19.0.0_react@19.0.0__react@19.0.0/node_modules/next/dist/client/components/globals/intercept-console-error.js:49
[  239683ms] [WARNING] [PostHog.js] Enqueued failed request for retry in 186359 @ webpack-internal:///(app-pages-browser)/./node_modules/.pnpm/posthog-js@1.309.1/node_modules/posthog-js/dist/module.js:21
[  239683ms] [ERROR] Failed to load resource: net::ERR_CONNECTION_REFUSED @ http://localhost:3111/ingest/s/?retry_count=5&ip=0&_=1790129528852&ver=1.309.1&compression=gzip-js:0
[  239683ms] [ERROR] [PostHog.js] TypeError: Failed to fetch
    at method (webpack-internal:///(app-pages-browser)/./node_modules/.pnpm/posthog-js@1.309.1/node_modules/posthog-js/dist/module.js:22:71863)
    at eval (webpack-internal:///(app-pages-browser)/./node_modules/.pnpm/posthog-js@1.309.1/node_modules/posthog-js/dist/module.js:22:149004)
    at qo._send_request (webpack-internal:///(app-pages-browser)/./node_modules/.pnpm/posthog-js@1.309.1/node_modules/posthog-js/dist/module.js:22:149010)
    at go.retriableRequest (webpack-internal:///(app-pages-browser)/./node_modules/.pnpm/posthog-js@1.309.1/node_modules/posthog-js/dist/module.js:22:115497)
    at go.Lt (webpack-internal:///(app-pages-browser)/./node_modules/.pnpm/posthog-js@1.309.1/node_modules/posthog-js/dist/module.js:22:116384)
    at eval (webpack-internal:///(app-pages-browser)/./node_modules/.pnpm/posthog-js@1.309.1/node_modules/posthog-js/dist/module.js:22:116221) @ webpack-internal:///(app-pages-browser)/./node_modules/.pnpm/next@15.2.6_react-dom@19.0.0_react@19.0.0__react@19.0.0/node_modules/next/dist/client/components/globals/intercept-console-error.js:49
[  239683ms] [WARNING] [PostHog.js] Enqueued failed request for retry in 74760 @ webpack-internal:///(app-pages-browser)/./node_modules/.pnpm/posthog-js@1.309.1/node_modules/posthog-js/dist/module.js:21
[  239687ms] [ERROR] Failed to load resource: net::ERR_CONNECTION_REFUSED @ http://localhost:3111/ingest/s/?retry_count=3&ip=0&_=1790129528853&ver=1.309.1&compression=gzip-js:0
[  239687ms] [ERROR] [PostHog.js] TypeError: Failed to fetch
    at method (webpack-internal:///(app-pages-browser)/./node_modules/.pnpm/posthog-js@1.309.1/node_modules/posthog-js/dist/module.js:22:71863)
    at eval (webpack-internal:///(app-pages-browser)/./node_modules/.pnpm/posthog-js@1.309.1/node_modules/posthog-js/dist/module.js:22:149004)
    at qo._send_request (webpack-internal:///(app-pages-browser)/./node_modules/.pnpm/posthog-js@1.309.1/node_modules/posthog-js/dist/module.js:22:149010)
    at go.retriableRequest (webpack-internal:///(app-pages-browser)/./node_modules/.pnpm/posthog-js@1.309.1/node_modules/posthog-js/dist/module.js:22:115497)
    at go.Lt (webpack-internal:///(app-pages-browser)/./node_modules/.pnpm/posthog-js@1.309.1/node_modules/posthog-js/dist/module.js:22:116384)
    at eval (webpack-internal:///(app-pages-browser)/./node_modules/.pnpm/posthog-js@1.309.1/node_modules/posthog-js/dist/module.js:22:116221) @ webpack-internal:///(app-pages-browser)/./node_modules/.pnpm/next@15.2.6_react-dom@19.0.0_react@19.0.0__react@19.0.0/node_modules/next/dist/client/components/globals/intercept-console-error.js:49
[  239687ms] [WARNING] [PostHog.js] Enqueued failed request for retry in 28404 @ webpack-internal:///(app-pages-browser)/./node_modules/.pnpm/posthog-js@1.309.1/node_modules/posthog-js/dist/module.js:21
[  239691ms] [ERROR] Failed to load resource: net::ERR_CONNECTION_REFUSED @ http://localhost:3111/__nextjs_original-stack-frames:0
[  239696ms] [ERROR] Failed to load resource: net::ERR_CONNECTION_REFUSED @ http://localhost:3111/__nextjs_original-stack-frames:0
[  241691ms] [ERROR] Failed to load resource: net::ERR_CONNECTION_REFUSED @ http://localhost:3111/ingest/s/?ip=0&_=1790129530860&ver=1.309.1&compression=gzip-js:0
[  241691ms] [ERROR] [PostHog.js] TypeError: Failed to fetch
    at method (webpack-internal:///(app-pages-browser)/./node_modules/.pnpm/posthog-js@1.309.1/node_modules/posthog-js/dist/module.js:22:71863)
    at eval (webpack-internal:///(app-pages-browser)/./node_modules/.pnpm/posthog-js@1.309.1/node_modules/posthog-js/dist/module.js:22:149004)
    at qo._send_request (webpack-internal:///(app-pages-browser)/./node_modules/.pnpm/posthog-js@1.309.1/node_modules/posthog-js/dist/module.js:22:149010)
    at go.retriableRequest (webpack-internal:///(app-pages-browser)/./node_modules/.pnpm/posthog-js@1.309.1/node_modules/posthog-js/dist/module.js:22:115497)
    at qo.Br (webpack-internal:///(app-pages-browser)/./node_modules/.pnpm/posthog-js@1.309.1/node_modules/posthog-js/dist/module.js:22:149216)
    at fo.eval [as xe] (webpack-internal:///(app-pages-browser)/./node_modules/.pnpm/posthog-js@1.309.1/node_modules/posthog-js/dist/module.js:22:142058)
    at e (webpack-internal:///(app-pages-browser)/./node_modules/.pnpm/posthog-js@1.309.1/node_modules/posthog-js/dist/module.js:22:114800)
    at eval (webpack-internal:///(app-pages-browser)/./node_modules/.pnpm/posthog-js@1.309.1/node_modules/posthog-js/dist/module.js:22:114822) @ webpack-internal:///(app-pages-browser)/./node_modules/.pnpm/next@15.2.6_react-dom@19.0.0_react@19.0.0__react@19.0.0/node_modules/next/dist/client/components/globals/intercept-console-error.js:49
[  241691ms] [WARNING] [PostHog.js] Enqueued failed request for retry in 2921 @ webpack-internal:///(app-pages-browser)/./node_modules/.pnpm/posthog-js@1.309.1/node_modules/posthog-js/dist/module.js:21
[  241699ms] [ERROR] Failed to load resource: net::ERR_CONNECTION_REFUSED @ http://localhost:3111/__nextjs_original-stack-frames:0
[  241702ms] [LOG] [PostHog.js] send "$snapshot" {uuid: 01a0cc08-e7f9-7b1c-b44d-975785db8eaf, event: $snapshot, properties: Object, timestamp: Tue Sep 22 2026 22:12:10 GMT-0400 (Eastern Daylight Time)} @ webpack-internal:///(app-pages-browser)/./node_modules/.pnpm/posthog-js@1.309.1/node_modules/posthog-js/dist/module.js:21
[  242687ms] [ERROR] Failed to load resource: net::ERR_CONNECTION_REFUSED @ http://localhost:3111/ingest/s/?retry_count=4&ip=0&_=1790129531855&ver=1.309.1&compression=gzip-js:0
[  242687ms] [ERROR] [PostHog.js] TypeError: Failed to fetch
    at method (webpack-internal:///(app-pages-browser)/./node_modules/.pnpm/posthog-js@1.309.1/node_modules/posthog-js/dist/module.js:22:71863)
    at eval (webpack-internal:///(app-pages-browser)/./node_modules/.pnpm/posthog-js@1.309.1/node_modules/posthog-js/dist/module.js:22:149004)
    at qo._send_request (webpack-internal:///(app-pages-browser)/./node_modules/.pnpm/posthog-js@1.309.1/node_modules/posthog-js/dist/module.js:22:149010)
    at go.retriableRequest (webpack-internal:///(app-pages-browser)/./node_modules/.pnpm/posthog-js@1.309.1/node_modules/posthog-js/dist/module.js:22:115497)
    at go.Lt (webpack-internal:///(app-pages-browser)/./node_modules/.pnpm/posthog-js@1.309.1/node_modules/posthog-js/dist/module.js:22:116384)
    at eval (webpack-internal:///(app-pages-browser)/./node_modules/.pnpm/posthog-js@1.309.1/node_modules/posthog-js/dist/module.js:22:116221) @ webpack-internal:///(app-pages-browser)/./node_modules/.pnpm/next@15.2.6_react-dom@19.0.0_react@19.0.0__react@19.0.0/node_modules/next/dist/client/components/globals/intercept-console-error.js:49
[  242687ms] [WARNING] [PostHog.js] Enqueued failed request for retry in 59397 @ webpack-internal:///(app-pages-browser)/./node_modules/.pnpm/posthog-js@1.309.1/node_modules/posthog-js/dist/module.js:21
[  242687ms] [ERROR] Failed to load resource: net::ERR_CONNECTION_REFUSED @ http://localhost:3111/ingest/s/?retry_count=3&ip=0&_=1790129531856&ver=1.309.1&compression=gzip-js:0
[  242687ms] [ERROR] [PostHog.js] TypeError: Failed to fetch
    at method (webpack-internal:///(app-pages-browser)/./node_modules/.pnpm/posthog-js@1.309.1/node_modules/posthog-js/dist/module.js:22:71863)
    at eval (webpack-internal:///(app-pages-browser)/./node_modules/.pnpm/posthog-js@1.309.1/node_modules/posthog-js/dist/module.js:22:149004)
    at qo._send_request (webpack-internal:///(app-pages-browser)/./node_modules/.pnpm/posthog-js@1.309.1/node_modules/posthog-js/dist/module.js:22:149010)
    at go.retriableRequest (webpack-internal:///(app-pages-browser)/./node_modules/.pnpm/posthog-js@1.309.1/node_modules/posthog-js/dist/module.js:22:115497)
    at go.Lt (webpack-internal:///(app-pages-browser)/./node_modules/.pnpm/posthog-js@1.309.1/node_modules/posthog-js/dist/module.js:22:116384)
    at eval (webpack-internal:///(app-pages-browser)/./node_modules/.pnpm/posthog-js@1.309.1/node_modules/posthog-js/dist/module.js:22:116221) @ webpack-internal:///(app-pages-browser)/./node_modules/.pnpm/next@15.2.6_react-dom@19.0.0_react@19.0.0__react@19.0.0/node_modules/next/dist/client/components/globals/intercept-console-error.js:49
[  242687ms] [WARNING] [PostHog.js] Enqueued failed request for retry in 24448 @ webpack-internal:///(app-pages-browser)/./node_modules/.pnpm/posthog-js@1.309.1/node_modules/posthog-js/dist/module.js:21
[  242687ms] [ERROR] Failed to load resource: net::ERR_CONNECTION_REFUSED @ http://localhost:3111/ingest/s/?retry_count=2&ip=0&_=1790129531856&ver=1.309.1&compression=gzip-js:0
[  242687ms] [ERROR] [PostHog.js] TypeError: Failed to fetch
    at method (webpack-internal:///(app-pages-browser)/./node_modules/.pnpm/posthog-js@1.309.1/node_modules/posthog-js/dist/module.js:22:71863)
    at eval (webpack-internal:///(app-pages-browser)/./node_modules/.pnpm/posthog-js@1.309.1/node_modules/posthog-js/dist/module.js:22:149004)
    at qo._send_request (webpack-internal:///(app-pages-browser)/./node_modules/.pnpm/posthog-js@1.309.1/node_modules/posthog-js/dist/module.js:22:149010)
    at go.retriableRequest (webpack-internal:///(app-pages-browser)/./node_modules/.pnpm/posthog-js@1.309.1/node_modules/posthog-js/dist/module.js:22:115497)
    at go.Lt (webpack-internal:///(app-pages-browser)/./node_modules/.pnpm/posthog-js@1.309.1/node_modules/posthog-js/dist/module.js:22:116384)
    at eval (webpack-internal:///(app-pages-browser)/./node_modules/.pnpm/posthog-js@1.309.1/node_modules/posthog-js/dist/module.js:22:116221) @ webpack-internal:///(app-pages-browser)/./node_modules/.pnpm/next@15.2.6_react-dom@19.0.0_react@19.0.0__react@19.0.0/node_modules/next/dist/client/components/globals/intercept-console-error.js:49
[  242687ms] [WARNING] [PostHog.js] Enqueued failed request for retry in 9957 @ webpack-internal:///(app-pages-browser)/./node_modules/.pnpm/posthog-js@1.309.1/node_modules/posthog-js/dist/module.js:21
[  242688ms] [ERROR] Failed to load resource: net::ERR_CONNECTION_REFUSED @ http://localhost:3111/ingest/s/?retry_count=1&ip=0&_=1790129531857&ver=1.309.1&compression=gzip-js:0
[  242688ms] [ERROR] [PostHog.js] TypeError: Failed to fetch
    at method (webpack-internal:///(app-pages-browser)/./node_modules/.pnpm/posthog-js@1.309.1/node_modules/posthog-js/dist/module.js:22:71863)
    at eval (webpack-internal:///(app-pages-browser)/./node_modules/.pnpm/posthog-js@1.309.1/node_modules/posthog-js/dist/module.js:22:149004)
    at qo._send_request (webpack-internal:///(app-pages-browser)/./node_modules/.pnpm/posthog-js@1.309.1/node_modules/posthog-js/dist/module.js:22:149010)
    at go.retriableRequest (webpack-internal:///(app-pages-browser)/./node_modules/.pnpm/posthog-js@1.309.1/node_modules/posthog-js/dist/module.js:22:115497)
    at go.Lt (webpack-internal:///(app-pages-browser)/./node_modules/.pnpm/posthog-js@1.309.1/node_modules/posthog-js/dist/module.js:22:116384)
    at eval (webpack-internal:///(app-pages-browser)/./node_modules/.pnpm/posthog-js@1.309.1/node_modules/posthog-js/dist/module.js:22:116221) @ webpack-internal:///(app-pages-browser)/./node_modules/.pnpm/next@15.2.6_react-dom@19.0.0_react@19.0.0__react@19.0.0/node_modules/next/dist/client/components/globals/intercept-console-error.js:49
[  242688ms] [WARNING] [PostHog.js] Enqueued failed request for retry in 7137 @ webpack-internal:///(app-pages-browser)/./node_modules/.pnpm/posthog-js@1.309.1/node_modules/posthog-js/dist/module.js:21
[  242695ms] [ERROR] Failed to load resource: net::ERR_CONNECTION_REFUSED @ http://localhost:3111/__nextjs_original-stack-frames:0
[  243708ms] [LOG] [PostHog.js] send "$snapshot" {uuid: 01a0cc08-efcf-7c17-8234-0224b0e1f7be, event: $snapshot, properties: Object, timestamp: Tue Sep 22 2026 22:12:12 GMT-0400 (Eastern Daylight Time)} @ webpack-internal:///(app-pages-browser)/./node_modules/.pnpm/posthog-js@1.309.1/node_modules/posthog-js/dist/module.js:21
[  244706ms] [ERROR] Failed to load resource: net::ERR_CONNECTION_REFUSED @ http://localhost:3111/ingest/s/?ip=0&_=1790129533875&ver=1.309.1&compression=gzip-js:0
[  244706ms] [ERROR] [PostHog.js] TypeError: Failed to fetch
    at method (webpack-internal:///(app-pages-browser)/./node_modules/.pnpm/posthog-js@1.309.1/node_modules/posthog-js/dist/module.js:22:71863)
    at eval (webpack-internal:///(app-pages-browser)/./node_modules/.pnpm/posthog-js@1.309.1/node_modules/posthog-js/dist/module.js:22:149004)
    at qo._send_request (webpack-internal:///(app-pages-browser)/./node_modules/.pnpm/posthog-js@1.309.1/node_modules/posthog-js/dist/module.js:22:149010)
    at go.retriableRequest (webpack-internal:///(app-pages-browser)/./node_modules/.pnpm/posthog-js@1.309.1/node_modules/posthog-js/dist/module.js:22:115497)
    at qo.Br (webpack-internal:///(app-pages-browser)/./node_modules/.pnpm/posthog-js@1.309.1/node_modules/posthog-js/dist/module.js:22:149216)
    at fo.eval [as xe] (webpack-internal:///(app-pages-browser)/./node_modules/.pnpm/posthog-js@1.309.1/node_modules/posthog-js/dist/module.js:22:142058)
    at e (webpack-internal:///(app-pages-browser)/./node_modules/.pnpm/posthog-js@1.309.1/node_modules/posthog-js/dist/module.js:22:114800)
    at eval (webpack-internal:///(app-pages-browser)/./node_modules/.pnpm/posthog-js@1.309.1/node_modules/posthog-js/dist/module.js:22:114822) @ webpack-internal:///(app-pages-browser)/./node_modules/.pnpm/next@15.2.6_react-dom@19.0.0_react@19.0.0__react@19.0.0/node_modules/next/dist/client/components/globals/intercept-console-error.js:49
[  244706ms] [WARNING] [PostHog.js] Enqueued failed request for retry in 3037 @ webpack-internal:///(app-pages-browser)/./node_modules/.pnpm/posthog-js@1.309.1/node_modules/posthog-js/dist/module.js:21
[  244714ms] [ERROR] Failed to load resource: net::ERR_CONNECTION_REFUSED @ http://localhost:3111/__nextjs_original-stack-frames:0
[  245690ms] [ERROR] Failed to load resource: net::ERR_CONNECTION_REFUSED @ http://localhost:3111/ingest/s/?retry_count=4&ip=0&_=1790129534859&ver=1.309.1&compression=gzip-js:0
[  245691ms] [ERROR] [PostHog.js] TypeError: Failed to fetch
    at method (webpack-internal:///(app-pages-browser)/./node_modules/.pnpm/posthog-js@1.309.1/node_modules/posthog-js/dist/module.js:22:71863)
    at eval (webpack-internal:///(app-pages-browser)/./node_modules/.pnpm/posthog-js@1.309.1/node_modules/posthog-js/dist/module.js:22:149004)
    at qo._send_request (webpack-internal:///(app-pages-browser)/./node_modules/.pnpm/posthog-js@1.309.1/node_modules/posthog-js/dist/module.js:22:149010)
    at go.retriableRequest (webpack-internal:///(app-pages-browser)/./node_modules/.pnpm/posthog-js@1.309.1/node_modules/posthog-js/dist/module.js:22:115497)
    at go.Lt (webpack-internal:///(app-pages-browser)/./node_modules/.pnpm/posthog-js@1.309.1/node_modules/posthog-js/dist/module.js:22:116384)
    at eval (webpack-internal:///(app-pages-browser)/./node_modules/.pnpm/posthog-js@1.309.1/node_modules/posthog-js/dist/module.js:22:116221) @ webpack-internal:///(app-pages-browser)/./node_modules/.pnpm/next@15.2.6_react-dom@19.0.0_react@19.0.0__react@19.0.0/node_modules/next/dist/client/components/globals/intercept-console-error.js:49
[  245691ms] [WARNING] [PostHog.js] Enqueued failed request for retry in 44056 @ webpack-internal:///(app-pages-browser)/./node_modules/.pnpm/posthog-js@1.309.1/node_modules/posthog-js/dist/module.js:21
[  245691ms] [ERROR] Failed to load resource: net::ERR_CONNECTION_REFUSED @ http://localhost:3111/ingest/s/?retry_count=3&ip=0&_=1790129534860&ver=1.309.1&compression=gzip-js:0
[  245691ms] [ERROR] [PostHog.js] TypeError: Failed to fetch
    at method (webpack-internal:///(app-pages-browser)/./node_modules/.pnpm/posthog-js@1.309.1/node_modules/posthog-js/dist/module.js:22:71863)
    at eval (webpack-internal:///(app-pages-browser)/./node_modules/.pnpm/posthog-js@1.309.1/node_modules/posthog-js/dist/module.js:22:149004)
    at qo._send_request (webpack-internal:///(app-pages-browser)/./node_modules/.pnpm/posthog-js@1.309.1/node_modules/posthog-js/dist/module.js:22:149010)
    at go.retriableRequest (webpack-internal:///(app-pages-browser)/./node_modules/.pnpm/posthog-js@1.309.1/node_modules/posthog-js/dist/module.js:22:115497)
    at go.Lt (webpack-internal:///(app-pages-browser)/./node_modules/.pnpm/posthog-js@1.309.1/node_modules/posthog-js/dist/module.js:22:116384)
    at eval (webpack-internal:///(app-pages-browser)/./node_modules/.pnpm/posthog-js@1.309.1/node_modules/posthog-js/dist/module.js:22:116221) @ webpack-internal:///(app-pages-browser)/./node_modules/.pnpm/next@15.2.6_react-dom@19.0.0_react@19.0.0__react@19.0.0/node_modules/next/dist/client/components/globals/intercept-console-error.js:49
[  245691ms] [WARNING] [PostHog.js] Enqueued failed request for retry in 29947 @ webpack-internal:///(app-pages-browser)/./node_modules/.pnpm/posthog-js@1.309.1/node_modules/posthog-js/dist/module.js:21
[  245691ms] [ERROR] Failed to load resource: net::ERR_CONNECTION_REFUSED @ http://localhost:3111/ingest/s/?retry_count=2&ip=0&_=1790129534861&ver=1.309.1&compression=gzip-js:0
[  245691ms] [ERROR] [PostHog.js] TypeError: Failed to fetch
    at method (webpack-internal:///(app-pages-browser)/./node_modules/.pnpm/posthog-js@1.309.1/node_modules/posthog-js/dist/module.js:22:71863)
    at eval (webpack-internal:///(app-pages-browser)/./node_modules/.pnpm/posthog-js@1.309.1/node_modules/posthog-js/dist/module.js:22:149004)
    at qo._send_request (webpack-internal:///(app-pages-browser)/./node_modules/.pnpm/posthog-js@1.309.1/node_modules/posthog-js/dist/module.js:22:149010)
    at go.retriableRequest (webpack-internal:///(app-pages-browser)/./node_modules/.pnpm/posthog-js@1.309.1/node_modules/posthog-js/dist/module.js:22:115497)
    at go.Lt (webpack-internal:///(app-pages-browser)/./node_modules/.pnpm/posthog-js@1.309.1/node_modules/posthog-js/dist/module.js:22:116384)
    at eval (webpack-internal:///(app-pages-browser)/./node_modules/.pnpm/posthog-js@1.309.1/node_modules/posthog-js/dist/module.js:22:116221) @ webpack-internal:///(app-pages-browser)/./node_modules/.pnpm/next@15.2.6_react-dom@19.0.0_react@19.0.0__react@19.0.0/node_modules/next/dist/client/components/globals/intercept-console-error.js:49
[  245691ms] [WARNING] [PostHog.js] Enqueued failed request for retry in 13871 @ webpack-internal:///(app-pages-browser)/./node_modules/.pnpm/posthog-js@1.309.1/node_modules/posthog-js/dist/module.js:21
[  245691ms] [ERROR] Failed to load resource: net::ERR_CONNECTION_REFUSED @ http://localhost:3111/ingest/s/?retry_count=1&ip=0&_=1790129534861&ver=1.309.1&compression=gzip-js:0
[  245691ms] [ERROR] [PostHog.js] TypeError: Failed to fetch
    at method (webpack-internal:///(app-pages-browser)/./node_modules/.pnpm/posthog-js@1.309.1/node_modules/posthog-js/dist/module.js:22:71863)
    at eval (webpack-internal:///(app-pages-browser)/./node_modules/.pnpm/posthog-js@1.309.1/node_modules/posthog-js/dist/module.js:22:149004)
    at qo._send_request (webpack-internal:///(app-pages-browser)/./node_modules/.pnpm/posthog-js@1.309.1/node_modules/posthog-js/dist/module.js:22:149010)
    at go.retriableRequest (webpack-internal:///(app-pages-browser)/./node_modules/.pnpm/posthog-js@1.309.1/node_modules/posthog-js/dist/module.js:22:115497)
    at go.Lt (webpack-internal:///(app-pages-browser)/./node_modules/.pnpm/posthog-js@1.309.1/node_modules/posthog-js/dist/module.js:22:116384)
    at eval (webpack-internal:///(app-pages-browser)/./node_modules/.pnpm/posthog-js@1.309.1/node_modules/posthog-js/dist/module.js:22:116221) @ webpack-internal:///(app-pages-browser)/./node_modules/.pnpm/next@15.2.6_react-dom@19.0.0_react@19.0.0__react@19.0.0/node_modules/next/dist/client/components/globals/intercept-console-error.js:49
[  245691ms] [WARNING] [PostHog.js] Enqueued failed request for retry in 5119 @ webpack-internal:///(app-pages-browser)/./node_modules/.pnpm/posthog-js@1.309.1/node_modules/posthog-js/dist/module.js:21
[  245698ms] [ERROR] Failed to load resource: net::ERR_CONNECTION_REFUSED @ http://localhost:3111/__nextjs_original-stack-frames:0
[  246720ms] [LOG] [PostHog.js] send "$snapshot" {uuid: 01a0cc08-fb93-7bb5-b9d1-e70436341d32, event: $snapshot, properties: Object, timestamp: Tue Sep 22 2026 22:12:15 GMT-0400 (Eastern Daylight Time)} @ webpack-internal:///(app-pages-browser)/./node_modules/.pnpm/posthog-js@1.309.1/node_modules/posthog-js/dist/module.js:21
[  248696ms] [ERROR] Failed to load resource: net::ERR_CONNECTION_REFUSED @ http://localhost:3111/ingest/s/?retry_count=5&ip=0&_=1790129537863&ver=1.309.1&compression=gzip-js:0
[  248696ms] [ERROR] [PostHog.js] TypeError: Failed to fetch
    at method (webpack-internal:///(app-pages-browser)/./node_modules/.pnpm/posthog-js@1.309.1/node_modules/posthog-js/dist/module.js:22:71863)
    at eval (webpack-internal:///(app-pages-browser)/./node_modules/.pnpm/posthog-js@1.309.1/node_modules/posthog-js/dist/module.js:22:149004)
    at qo._send_request (webpack-internal:///(app-pages-browser)/./node_modules/.pnpm/posthog-js@1.309.1/node_modules/posthog-js/dist/module.js:22:149010)
    at go.retriableRequest (webpack-internal:///(app-pages-browser)/./node_modules/.pnpm/posthog-js@1.309.1/node_modules/posthog-js/dist/module.js:22:115497)
    at go.Lt (webpack-internal:///(app-pages-browser)/./node_modules/.pnpm/posthog-js@1.309.1/node_modules/posthog-js/dist/module.js:22:116384)
    at eval (webpack-internal:///(app-pages-browser)/./node_modules/.pnpm/posthog-js@1.309.1/node_modules/posthog-js/dist/module.js:22:116221) @ webpack-internal:///(app-pages-browser)/./node_modules/.pnpm/next@15.2.6_react-dom@19.0.0_react@19.0.0__react@19.0.0/node_modules/next/dist/client/components/globals/intercept-console-error.js:49
[  248696ms] [WARNING] [PostHog.js] Enqueued failed request for retry in 117292 @ webpack-internal:///(app-pages-browser)/./node_modules/.pnpm/posthog-js@1.309.1/node_modules/posthog-js/dist/module.js:21
[  248696ms] [ERROR] Failed to load resource: net::ERR_CONNECTION_REFUSED @ http://localhost:3111/ingest/s/?retry_count=5&ip=0&_=1790129537865&ver=1.309.1&compression=gzip-js:0
[  248696ms] [ERROR] [PostHog.js] TypeError: Failed to fetch
    at method (webpack-internal:///(app-pages-browser)/./node_modules/.pnpm/posthog-js@1.309.1/node_modules/posthog-js/dist/module.js:22:71863)
    at eval (webpack-internal:///(app-pages-browser)/./node_modules/.pnpm/posthog-js@1.309.1/node_modules/posthog-js/dist/module.js:22:149004)
    at qo._send_request (webpack-internal:///(app-pages-browser)/./node_modules/.pnpm/posthog-js@1.309.1/node_modules/posthog-js/dist/module.js:22:149010)
    at go.retriableRequest (webpack-internal:///(app-pages-browser)/./node_modules/.pnpm/posthog-js@1.309.1/node_modules/posthog-js/dist/module.js:22:115497)
    at go.Lt (webpack-internal:///(app-pages-browser)/./node_modules/.pnpm/posthog-js@1.309.1/node_modules/posthog-js/dist/module.js:22:116384)
    at eval (webpack-internal:///(app-pages-browser)/./node_modules/.pnpm/posthog-js@1.309.1/node_modules/posthog-js/dist/module.js:22:116221) @ webpack-internal:///(app-pages-browser)/./node_modules/.pnpm/next@15.2.6_react-dom@19.0.0_react@19.0.0__react@19.0.0/node_modules/next/dist/client/components/globals/intercept-console-error.js:49
[  248697ms] [WARNING] [PostHog.js] Enqueued failed request for retry in 111360 @ webpack-internal:///(app-pages-browser)/./node_modules/.pnpm/posthog-js@1.309.1/node_modules/posthog-js/dist/module.js:21
[  248697ms] [ERROR] Failed to load resource: net::ERR_CONNECTION_REFUSED @ http://localhost:3111/ingest/s/?retry_count=3&ip=0&_=1790129537866&ver=1.309.1&compression=gzip-js:0
[  248697ms] [ERROR] [PostHog.js] TypeError: Failed to fetch
    at method (webpack-internal:///(app-pages-browser)/./node_modules/.pnpm/posthog-js@1.309.1/node_modules/posthog-js/dist/module.js:22:71863)
    at eval (webpack-internal:///(app-pages-browser)/./node_modules/.pnpm/posthog-js@1.309.1/node_modules/posthog-js/dist/module.js:22:149004)
    at qo._send_request (webpack-internal:///(app-pages-browser)/./node_modules/.pnpm/posthog-js@1.309.1/node_modules/posthog-js/dist/module.js:22:149010)
    at go.retriableRequest (webpack-internal:///(app-pages-browser)/./node_modules/.pnpm/posthog-js@1.309.1/node_modules/posthog-js/dist/module.js:22:115497)
    at go.Lt (webpack-internal:///(app-pages-browser)/./node_modules/.pnpm/posthog-js@1.309.1/node_modules/posthog-js/dist/module.js:22:116384)
    at eval (webpack-internal:///(app-pages-browser)/./node_modules/.pnpm/posthog-js@1.309.1/node_modules/posthog-js/dist/module.js:22:116221) @ webpack-internal:///(app-pages-browser)/./node_modules/.pnpm/next@15.2.6_react-dom@19.0.0_react@19.0.0__react@19.0.0/node_modules/next/dist/client/components/globals/intercept-console-error.js:49
[  248697ms] [WARNING] [PostHog.js] Enqueued failed request for retry in 25384 @ webpack-internal:///(app-pages-browser)/./node_modules/.pnpm/posthog-js@1.309.1/node_modules/posthog-js/dist/module.js:21
[  248697ms] [ERROR] Failed to load resource: net::ERR_CONNECTION_REFUSED @ http://localhost:3111/ingest/s/?retry_count=1&ip=0&_=1790129537866&ver=1.309.1&compression=gzip-js:0
[  248697ms] [ERROR] [PostHog.js] TypeError: Failed to fetch
    at method (webpack-internal:///(app-pages-browser)/./node_modules/.pnpm/posthog-js@1.309.1/node_modules/posthog-js/dist/module.js:22:71863)
    at eval (webpack-internal:///(app-pages-browser)/./node_modules/.pnpm/posthog-js@1.309.1/node_modules/posthog-js/dist/module.js:22:149004)
    at qo._send_request (webpack-internal:///(app-pages-browser)/./node_modules/.pnpm/posthog-js@1.309.1/node_modules/posthog-js/dist/module.js:22:149010)
    at go.retriableRequest (webpack-internal:///(app-pages-browser)/./node_modules/.pnpm/posthog-js@1.309.1/node_modules/posthog-js/dist/module.js:22:115497)
    at go.Lt (webpack-internal:///(app-pages-browser)/./node_modules/.pnpm/posthog-js@1.309.1/node_modules/posthog-js/dist/module.js:22:116384)
    at eval (webpack-internal:///(app-pages-browser)/./node_modules/.pnpm/posthog-js@1.309.1/node_modules/posthog-js/dist/module.js:22:116221) @ webpack-internal:///(app-pages-browser)/./node_modules/.pnpm/next@15.2.6_react-dom@19.0.0_react@19.0.0__react@19.0.0/node_modules/next/dist/client/components/globals/intercept-console-error.js:49
[  248697ms] [WARNING] [PostHog.js] Enqueued failed request for retry in 6969 @ webpack-internal:///(app-pages-browser)/./node_modules/.pnpm/posthog-js@1.309.1/node_modules/posthog-js/dist/module.js:21
[  248705ms] [ERROR] Failed to load resource: net::ERR_CONNECTION_REFUSED @ http://localhost:3111/__nextjs_original-stack-frames:0
[  249724ms] [ERROR] Failed to load resource: net::ERR_CONNECTION_REFUSED @ http://localhost:3111/ingest/s/?ip=0&_=1790129538893&ver=1.309.1&compression=gzip-js:0
[  249725ms] [ERROR] [PostHog.js] TypeError: Failed to fetch
    at method (webpack-internal:///(app-pages-browser)/./node_modules/.pnpm/posthog-js@1.309.1/node_modules/posthog-js/dist/module.js:22:71863)
    at eval (webpack-internal:///(app-pages-browser)/./node_modules/.pnpm/posthog-js@1.309.1/node_modules/posthog-js/dist/module.js:22:149004)
    at qo._send_request (webpack-internal:///(app-pages-browser)/./node_modules/.pnpm/posthog-js@1.309.1/node_modules/posthog-js/dist/module.js:22:149010)
    at go.retriableRequest (webpack-internal:///(app-pages-browser)/./node_modules/.pnpm/posthog-js@1.309.1/node_modules/posthog-js/dist/module.js:22:115497)
    at qo.Br (webpack-internal:///(app-pages-browser)/./node_modules/.pnpm/posthog-js@1.309.1/node_modules/posthog-js/dist/module.js:22:149216)
    at fo.eval [as xe] (webpack-internal:///(app-pages-browser)/./node_modules/.pnpm/posthog-js@1.309.1/node_modules/posthog-js/dist/module.js:22:142058)
    at e (webpack-internal:///(app-pages-browser)/./node_modules/.pnpm/posthog-js@1.309.1/node_modules/posthog-js/dist/module.js:22:114800)
    at eval (webpack-internal:///(app-pages-browser)/./node_modules/.pnpm/posthog-js@1.309.1/node_modules/posthog-js/dist/module.js:22:114822) @ webpack-internal:///(app-pages-browser)/./node_modules/.pnpm/next@15.2.6_react-dom@19.0.0_react@19.0.0__react@19.0.0/node_modules/next/dist/client/components/globals/intercept-console-error.js:49
[  249725ms] [WARNING] [PostHog.js] Enqueued failed request for retry in 3685 @ webpack-internal:///(app-pages-browser)/./node_modules/.pnpm/posthog-js@1.309.1/node_modules/posthog-js/dist/module.js:21
[  249733ms] [ERROR] Failed to load resource: net::ERR_CONNECTION_REFUSED @ http://localhost:3111/__nextjs_original-stack-frames:0
[  250710ms] [LOG] [PostHog.js] send "$snapshot" {uuid: 01a0cc09-0b2a-7da7-b14f-d935bc797384, event: $snapshot, properties: Object, timestamp: Tue Sep 22 2026 22:12:19 GMT-0400 (Eastern Daylight Time)} @ webpack-internal:///(app-pages-browser)/./node_modules/.pnpm/posthog-js@1.309.1/node_modules/posthog-js/dist/module.js:21
[  251704ms] [ERROR] Failed to load resource: net::ERR_CONNECTION_REFUSED @ http://localhost:3111/ingest/s/?retry_count=6&ip=0&_=1790129540867&ver=1.309.1&compression=gzip-js:0
[  251704ms] [ERROR] [PostHog.js] TypeError: Failed to fetch
    at method (webpack-internal:///(app-pages-browser)/./node_modules/.pnpm/posthog-js@1.309.1/node_modules/posthog-js/dist/module.js:22:71863)
    at eval (webpack-internal:///(app-pages-browser)/./node_modules/.pnpm/posthog-js@1.309.1/node_modules/posthog-js/dist/module.js:22:149004)
    at qo._send_request (webpack-internal:///(app-pages-browser)/./node_modules/.pnpm/posthog-js@1.309.1/node_modules/posthog-js/dist/module.js:22:149010)
    at go.retriableRequest (webpack-internal:///(app-pages-browser)/./node_modules/.pnpm/posthog-js@1.309.1/node_modules/posthog-js/dist/module.js:22:115497)
    at go.Lt (webpack-internal:///(app-pages-browser)/./node_modules/.pnpm/posthog-js@1.309.1/node_modules/posthog-js/dist/module.js:22:116384)
    at eval (webpack-internal:///(app-pages-browser)/./node_modules/.pnpm/posthog-js@1.309.1/node_modules/posthog-js/dist/module.js:22:116221) @ webpack-internal:///(app-pages-browser)/./node_modules/.pnpm/next@15.2.6_react-dom@19.0.0_react@19.0.0__react@19.0.0/node_modules/next/dist/client/components/globals/intercept-console-error.js:49
[  251705ms] [WARNING] [PostHog.js] Enqueued failed request for retry in 155544 @ webpack-internal:///(app-pages-browser)/./node_modules/.pnpm/posthog-js@1.309.1/node_modules/posthog-js/dist/module.js:21
[  251705ms] [ERROR] Failed to load resource: net::ERR_CONNECTION_REFUSED @ http://localhost:3111/ingest/s/?retry_count=6&ip=0&_=1790129540869&ver=1.309.1&compression=gzip-js:0
[  251705ms] [ERROR] [PostHog.js] TypeError: Failed to fetch
    at method (webpack-internal:///(app-pages-browser)/./node_modules/.pnpm/posthog-js@1.309.1/node_modules/posthog-js/dist/module.js:22:71863)
    at eval (webpack-internal:///(app-pages-browser)/./node_modules/.pnpm/posthog-js@1.309.1/node_modules/posthog-js/dist/module.js:22:149004)
    at qo._send_request (webpack-internal:///(app-pages-browser)/./node_modules/.pnpm/posthog-js@1.309.1/node_modules/posthog-js/dist/module.js:22:149010)
    at go.retriableRequest (webpack-internal:///(app-pages-browser)/./node_modules/.pnpm/posthog-js@1.309.1/node_modules/posthog-js/dist/module.js:22:115497)
    at go.Lt (webpack-internal:///(app-pages-browser)/./node_modules/.pnpm/posthog-js@1.309.1/node_modules/posthog-js/dist/module.js:22:116384)
    at eval (webpack-internal:///(app-pages-browser)/./node_modules/.pnpm/posthog-js@1.309.1/node_modules/posthog-js/dist/module.js:22:116221) @ webpack-internal:///(app-pages-browser)/./node_modules/.pnpm/next@15.2.6_react-dom@19.0.0_react@19.0.0__react@19.0.0/node_modules/next/dist/client/components/globals/intercept-console-error.js:49
[  251705ms] [WARNING] [PostHog.js] Enqueued failed request for retry in 215631 @ webpack-internal:///(app-pages-browser)/./node_modules/.pnpm/posthog-js@1.309.1/node_modules/posthog-js/dist/module.js:21
[  251705ms] [ERROR] Failed to load resource: net::ERR_CONNECTION_REFUSED @ http://localhost:3111/ingest/s/?retry_count=5&ip=0&_=1790129540872&ver=1.309.1&compression=gzip-js:0
[  251705ms] [ERROR] [PostHog.js] TypeError: Failed to fetch
    at method (webpack-internal:///(app-pages-browser)/./node_modules/.pnpm/posthog-js@1.309.1/node_modules/posthog-js/dist/module.js:22:71863)
    at eval (webpack-internal:///(app-pages-browser)/./node_modules/.pnpm/posthog-js@1.309.1/node_modules/posthog-js/dist/module.js:22:149004)
    at qo._send_request (webpack-internal:///(app-pages-browser)/./node_modules/.pnpm/posthog-js@1.309.1/node_modules/posthog-js/dist/module.js:22:149010)
    at go.retriableRequest (webpack-internal:///(app-pages-browser)/./node_modules/.pnpm/posthog-js@1.309.1/node_modules/posthog-js/dist/module.js:22:115497)
    at go.Lt (webpack-internal:///(app-pages-browser)/./node_modules/.pnpm/posthog-js@1.309.1/node_modules/posthog-js/dist/module.js:22:116384)
    at eval (webpack-internal:///(app-pages-browser)/./node_modules/.pnpm/posthog-js@1.309.1/node_modules/posthog-js/dist/module.js:22:116221) @ webpack-internal:///(app-pages-browser)/./node_modules/.pnpm/next@15.2.6_react-dom@19.0.0_react@19.0.0__react@19.0.0/node_modules/next/dist/client/components/globals/intercept-console-error.js:49
[  251705ms] [WARNING] [PostHog.js] Enqueued failed request for retry in 116007 @ webpack-internal:///(app-pages-browser)/./node_modules/.pnpm/posthog-js@1.309.1/node_modules/posthog-js/dist/module.js:21
[  251705ms] [ERROR] Failed to load resource: net::ERR_CONNECTION_REFUSED @ http://localhost:3111/ingest/s/?retry_count=5&ip=0&_=1790129540873&ver=1.309.1&compression=gzip-js:0
[  251705ms] [ERROR] [PostHog.js] TypeError: Failed to fetch
    at method (webpack-internal:///(app-pages-browser)/./node_modules/.pnpm/posthog-js@1.309.1/node_modules/posthog-js/dist/module.js:22:71863)
    at eval (webpack-internal:///(app-pages-browser)/./node_modules/.pnpm/posthog-js@1.309.1/node_modules/posthog-js/dist/module.js:22:149004)
    at qo._send_request (webpack-internal:///(app-pages-browser)/./node_modules/.pnpm/posthog-js@1.309.1/node_modules/posthog-js/dist/module.js:22:149010)
    at go.retriableRequest (webpack-internal:///(app-pages-browser)/./node_modules/.pnpm/posthog-js@1.309.1/node_modules/posthog-js/dist/module.js:22:115497)
    at go.Lt (webpack-internal:///(app-pages-browser)/./node_modules/.pnpm/posthog-js@1.309.1/node_modules/posthog-js/dist/module.js:22:116384)
    at eval (webpack-internal:///(app-pages-browser)/./node_modules/.pnpm/posthog-js@1.309.1/node_modules/posthog-js/dist/module.js:22:116221) @ webpack-internal:///(app-pages-browser)/./node_modules/.pnpm/next@15.2.6_react-dom@19.0.0_react@19.0.0__react@19.0.0/node_modules/next/dist/client/components/globals/intercept-console-error.js:49
[  251705ms] [WARNING] [PostHog.js] Enqueued failed request for retry in 115206 @ webpack-internal:///(app-pages-browser)/./node_modules/.pnpm/posthog-js@1.309.1/node_modules/posthog-js/dist/module.js:21
[  251705ms] [ERROR] Failed to load resource: net::ERR_CONNECTION_REFUSED @ http://localhost:3111/ingest/s/?retry_count=4&ip=0&_=1790129540874&ver=1.309.1&compression=gzip-js:0
[  251705ms] [ERROR] [PostHog.js] TypeError: Failed to fetch
    at method (webpack-internal:///(app-pages-browser)/./node_modules/.pnpm/posthog-js@1.309.1/node_modules/posthog-js/dist/module.js:22:71863)
    at eval (webpack-internal:///(app-pages-browser)/./node_modules/.pnpm/posthog-js@1.309.1/node_modules/posthog-js/dist/module.js:22:149004)
    at qo._send_request (webpack-internal:///(app-pages-browser)/./node_modules/.pnpm/posthog-js@1.309.1/node_modules/posthog-js/dist/module.js:22:149010)
    at go.retriableRequest (webpack-internal:///(app-pages-browser)/./node_modules/.pnpm/posthog-js@1.309.1/node_modules/posthog-js/dist/module.js:22:115497)
    at go.Lt (webpack-internal:///(app-pages-browser)/./node_modules/.pnpm/posthog-js@1.309.1/node_modules/posthog-js/dist/module.js:22:116384)
    at eval (webpack-internal:///(app-pages-browser)/./node_modules/.pnpm/posthog-js@1.309.1/node_modules/posthog-js/dist/module.js:22:116221) @ webpack-internal:///(app-pages-browser)/./node_modules/.pnpm/next@15.2.6_react-dom@19.0.0_react@19.0.0__react@19.0.0/node_modules/next/dist/client/components/globals/intercept-console-error.js:49
[  251706ms] [WARNING] [PostHog.js] Enqueued failed request for retry in 51054 @ webpack-internal:///(app-pages-browser)/./node_modules/.pnpm/posthog-js@1.309.1/node_modules/posthog-js/dist/module.js:21
[  251706ms] [ERROR] Failed to load resource: net::ERR_CONNECTION_REFUSED @ http://localhost:3111/ingest/s/?retry_count=2&ip=0&_=1790129540874&ver=1.309.1&compression=gzip-js:0
[  251706ms] [ERROR] [PostHog.js] TypeError: Failed to fetch
    at method (webpack-internal:///(app-pages-browser)/./node_modules/.pnpm/posthog-js@1.309.1/node_modules/posthog-js/dist/module.js:22:71863)
    at eval (webpack-internal:///(app-pages-browser)/./node_modules/.pnpm/posthog-js@1.309.1/node_modules/posthog-js/dist/module.js:22:149004)
    at qo._send_request (webpack-internal:///(app-pages-browser)/./node_modules/.pnpm/posthog-js@1.309.1/node_modules/posthog-js/dist/module.js:22:149010)
    at go.retriableRequest (webpack-internal:///(app-pages-browser)/./node_modules/.pnpm/posthog-js@1.309.1/node_modules/posthog-js/dist/module.js:22:115497)
    at go.Lt (webpack-internal:///(app-pages-browser)/./node_modules/.pnpm/posthog-js@1.309.1/node_modules/posthog-js/dist/module.js:22:116384)
    at eval (webpack-internal:///(app-pages-browser)/./node_modules/.pnpm/posthog-js@1.309.1/node_modules/posthog-js/dist/module.js:22:116221) @ webpack-internal:///(app-pages-browser)/./node_modules/.pnpm/next@15.2.6_react-dom@19.0.0_react@19.0.0__react@19.0.0/node_modules/next/dist/client/components/globals/intercept-console-error.js:49
[  251706ms] [WARNING] [PostHog.js] Enqueued failed request for retry in 10657 @ webpack-internal:///(app-pages-browser)/./node_modules/.pnpm/posthog-js@1.309.1/node_modules/posthog-js/dist/module.js:21
[  251706ms] [ERROR] Failed to load resource: net::ERR_CONNECTION_REFUSED @ http://localhost:3111/ingest/s/?retry_count=2&ip=0&_=1790129540875&ver=1.309.1&compression=gzip-js:0
[  251706ms] [ERROR] [PostHog.js] TypeError: Failed to fetch
    at method (webpack-internal:///(app-pages-browser)/./node_modules/.pnpm/posthog-js@1.309.1/node_modules/posthog-js/dist/module.js:22:71863)
    at eval (webpack-internal:///(app-pages-browser)/./node_modules/.pnpm/posthog-js@1.309.1/node_modules/posthog-js/dist/module.js:22:149004)
    at qo._send_request (webpack-internal:///(app-pages-browser)/./node_modules/.pnpm/posthog-js@1.309.1/node_modules/posthog-js/dist/module.js:22:149010)
    at go.retriableRequest (webpack-internal:///(app-pages-browser)/./node_modules/.pnpm/posthog-js@1.309.1/node_modules/posthog-js/dist/module.js:22:115497)
    at go.Lt (webpack-internal:///(app-pages-browser)/./node_modules/.pnpm/posthog-js@1.309.1/node_modules/posthog-js/dist/module.js:22:116384)
    at eval (webpack-internal:///(app-pages-browser)/./node_modules/.pnpm/posthog-js@1.309.1/node_modules/posthog-js/dist/module.js:22:116221) @ webpack-internal:///(app-pages-browser)/./node_modules/.pnpm/next@15.2.6_react-dom@19.0.0_react@19.0.0__react@19.0.0/node_modules/next/dist/client/components/globals/intercept-console-error.js:49
[  251706ms] [WARNING] [PostHog.js] Enqueued failed request for retry in 10190 @ webpack-internal:///(app-pages-browser)/./node_modules/.pnpm/posthog-js@1.309.1/node_modules/posthog-js/dist/module.js:21
[  251713ms] [ERROR] Failed to load resource: net::ERR_CONNECTION_REFUSED @ http://localhost:3111/__nextjs_original-stack-frames:0
[  253713ms] [ERROR] Failed to load resource: net::ERR_CONNECTION_REFUSED @ http://localhost:3111/ingest/s/?ip=0&_=1790129542882&ver=1.309.1&compression=gzip-js:0
[  253713ms] [ERROR] [PostHog.js] TypeError: Failed to fetch
    at method (webpack-internal:///(app-pages-browser)/./node_modules/.pnpm/posthog-js@1.309.1/node_modules/posthog-js/dist/module.js:22:71863)
    at eval (webpack-internal:///(app-pages-browser)/./node_modules/.pnpm/posthog-js@1.309.1/node_modules/posthog-js/dist/module.js:22:149004)
    at qo._send_request (webpack-internal:///(app-pages-browser)/./node_modules/.pnpm/posthog-js@1.309.1/node_modules/posthog-js/dist/module.js:22:149010)
    at go.retriableRequest (webpack-internal:///(app-pages-browser)/./node_modules/.pnpm/posthog-js@1.309.1/node_modules/posthog-js/dist/module.js:22:115497)
    at qo.Br (webpack-internal:///(app-pages-browser)/./node_modules/.pnpm/posthog-js@1.309.1/node_modules/posthog-js/dist/module.js:22:149216)
    at fo.eval [as xe] (webpack-internal:///(app-pages-browser)/./node_modules/.pnpm/posthog-js@1.309.1/node_modules/posthog-js/dist/module.js:22:142058)
    at e (webpack-internal:///(app-pages-browser)/./node_modules/.pnpm/posthog-js@1.309.1/node_modules/posthog-js/dist/module.js:22:114800)
    at eval (webpack-internal:///(app-pages-browser)/./node_modules/.pnpm/posthog-js@1.309.1/node_modules/posthog-js/dist/module.js:22:114822) @ webpack-internal:///(app-pages-browser)/./node_modules/.pnpm/next@15.2.6_react-dom@19.0.0_react@19.0.0__react@19.0.0/node_modules/next/dist/client/components/globals/intercept-console-error.js:49
[  253713ms] [WARNING] [PostHog.js] Enqueued failed request for retry in 3458 @ webpack-internal:///(app-pages-browser)/./node_modules/.pnpm/posthog-js@1.309.1/node_modules/posthog-js/dist/module.js:21
[  253718ms] [LOG] [PostHog.js] send "$snapshot" {uuid: 01a0cc09-16e9-767e-82d6-748e4c6d66cb, event: $snapshot, properties: Object, timestamp: Tue Sep 22 2026 22:12:22 GMT-0400 (Eastern Daylight Time)} @ webpack-internal:///(app-pages-browser)/./node_modules/.pnpm/posthog-js@1.309.1/node_modules/posthog-js/dist/module.js:21
[  253722ms] [ERROR] Failed to load resource: net::ERR_CONNECTION_REFUSED @ http://localhost:3111/__nextjs_original-stack-frames:0
[  254710ms] [ERROR] Failed to load resource: net::ERR_CONNECTION_REFUSED @ http://localhost:3111/ingest/s/?retry_count=5&ip=0&_=1790129543876&ver=1.309.1&compression=gzip-js:0
[  254710ms] [ERROR] [PostHog.js] TypeError: Failed to fetch
    at method (webpack-internal:///(app-pages-browser)/./node_modules/.pnpm/posthog-js@1.309.1/node_modules/posthog-js/dist/module.js:22:71863)
    at eval (webpack-internal:///(app-pages-browser)/./node_modules/.pnpm/posthog-js@1.309.1/node_modules/posthog-js/dist/module.js:22:149004)
    at qo._send_request (webpack-internal:///(app-pages-browser)/./node_modules/.pnpm/posthog-js@1.309.1/node_modules/posthog-js/dist/module.js:22:149010)
    at go.retriableRequest (webpack-internal:///(app-pages-browser)/./node_modules/.pnpm/posthog-js@1.309.1/node_modules/posthog-js/dist/module.js:22:115497)
    at go.Lt (webpack-internal:///(app-pages-browser)/./node_modules/.pnpm/posthog-js@1.309.1/node_modules/posthog-js/dist/module.js:22:116384)
    at eval (webpack-internal:///(app-pages-browser)/./node_modules/.pnpm/posthog-js@1.309.1/node_modules/posthog-js/dist/module.js:22:116221) @ webpack-internal:///(app-pages-browser)/./node_modules/.pnpm/next@15.2.6_react-dom@19.0.0_react@19.0.0__react@19.0.0/node_modules/next/dist/client/components/globals/intercept-console-error.js:49
[  254710ms] [WARNING] [PostHog.js] Enqueued failed request for retry in 108013 @ webpack-internal:///(app-pages-browser)/./node_modules/.pnpm/posthog-js@1.309.1/node_modules/posthog-js/dist/module.js:21
[  254711ms] [ERROR] Failed to load resource: net::ERR_CONNECTION_REFUSED @ http://localhost:3111/ingest/s/?retry_count=3&ip=0&_=1790129543879&ver=1.309.1&compression=gzip-js:0
[  254711ms] [ERROR] [PostHog.js] TypeError: Failed to fetch
    at method (webpack-internal:///(app-pages-browser)/./node_modules/.pnpm/posthog-js@1.309.1/node_modules/posthog-js/dist/module.js:22:71863)
    at eval (webpack-internal:///(app-pages-browser)/./node_modules/.pnpm/posthog-js@1.309.1/node_modules/posthog-js/dist/module.js:22:149004)
    at qo._send_request (webpack-internal:///(app-pages-browser)/./node_modules/.pnpm/posthog-js@1.309.1/node_modules/posthog-js/dist/module.js:22:149010)
    at go.retriableRequest (webpack-internal:///(app-pages-browser)/./node_modules/.pnpm/posthog-js@1.309.1/node_modules/posthog-js/dist/module.js:22:115497)
    at go.Lt (webpack-internal:///(app-pages-browser)/./node_modules/.pnpm/posthog-js@1.309.1/node_modules/posthog-js/dist/module.js:22:116384)
    at eval (webpack-internal:///(app-pages-browser)/./node_modules/.pnpm/posthog-js@1.309.1/node_modules/posthog-js/dist/module.js:22:116221) @ webpack-internal:///(app-pages-browser)/./node_modules/.pnpm/next@15.2.6_react-dom@19.0.0_react@19.0.0__react@19.0.0/node_modules/next/dist/client/components/globals/intercept-console-error.js:49
[  254711ms] [WARNING] [PostHog.js] Enqueued failed request for retry in 19537 @ webpack-internal:///(app-pages-browser)/./node_modules/.pnpm/posthog-js@1.309.1/node_modules/posthog-js/dist/module.js:21
[  254716ms] [ERROR] Failed to load resource: net::ERR_CONNECTION_REFUSED @ http://localhost:3111/ingest/s/?retry_count=1&ip=0&_=1790129543880&ver=1.309.1&compression=gzip-js:0
[  254716ms] [ERROR] [PostHog.js] TypeError: Failed to fetch
    at method (webpack-internal:///(app-pages-browser)/./node_modules/.pnpm/posthog-js@1.309.1/node_modules/posthog-js/dist/module.js:22:71863)
    at eval (webpack-internal:///(app-pages-browser)/./node_modules/.pnpm/posthog-js@1.309.1/node_modules/posthog-js/dist/module.js:22:149004)
    at qo._send_request (webpack-internal:///(app-pages-browser)/./node_modules/.pnpm/posthog-js@1.309.1/node_modules/posthog-js/dist/module.js:22:149010)
    at go.retriableRequest (webpack-internal:///(app-pages-browser)/./node_modules/.pnpm/posthog-js@1.309.1/node_modules/posthog-js/dist/module.js:22:115497)
    at go.Lt (webpack-internal:///(app-pages-browser)/./node_modules/.pnpm/posthog-js@1.309.1/node_modules/posthog-js/dist/module.js:22:116384)
    at eval (webpack-internal:///(app-pages-browser)/./node_modules/.pnpm/posthog-js@1.309.1/node_modules/posthog-js/dist/module.js:22:116221) @ webpack-internal:///(app-pages-browser)/./node_modules/.pnpm/next@15.2.6_react-dom@19.0.0_react@19.0.0__react@19.0.0/node_modules/next/dist/client/components/globals/intercept-console-error.js:49
[  254716ms] [WARNING] [PostHog.js] Enqueued failed request for retry in 5950 @ webpack-internal:///(app-pages-browser)/./node_modules/.pnpm/posthog-js@1.309.1/node_modules/posthog-js/dist/module.js:21
[  254721ms] [ERROR] Failed to load resource: net::ERR_CONNECTION_REFUSED @ http://localhost:3111/__nextjs_original-stack-frames:0
[  254725ms] [ERROR] Failed to load resource: net::ERR_CONNECTION_REFUSED @ http://localhost:3111/__nextjs_original-stack-frames:0
[  255725ms] [LOG] [PostHog.js] send "$snapshot" {uuid: 01a0cc09-1ec0-75a4-98bb-3cdfeb9e792c, event: $snapshot, properties: Object, timestamp: Tue Sep 22 2026 22:12:24 GMT-0400 (Eastern Daylight Time)} @ webpack-internal:///(app-pages-browser)/./node_modules/.pnpm/posthog-js@1.309.1/node_modules/posthog-js/dist/module.js:21
[  256722ms] [ERROR] Failed to load resource: net::ERR_CONNECTION_REFUSED @ http://localhost:3111/ingest/s/?ip=0&_=1790129545890&ver=1.309.1&compression=gzip-js:0
[  256723ms] [ERROR] [PostHog.js] TypeError: Failed to fetch
    at method (webpack-internal:///(app-pages-browser)/./node_modules/.pnpm/posthog-js@1.309.1/node_modules/posthog-js/dist/module.js:22:71863)
    at eval (webpack-internal:///(app-pages-browser)/./node_modules/.pnpm/posthog-js@1.309.1/node_modules/posthog-js/dist/module.js:22:149004)
    at qo._send_request (webpack-internal:///(app-pages-browser)/./node_modules/.pnpm/posthog-js@1.309.1/node_modules/posthog-js/dist/module.js:22:149010)
    at go.retriableRequest (webpack-internal:///(app-pages-browser)/./node_modules/.pnpm/posthog-js@1.309.1/node_modules/posthog-js/dist/module.js:22:115497)
    at qo.Br (webpack-internal:///(app-pages-browser)/./node_modules/.pnpm/posthog-js@1.309.1/node_modules/posthog-js/dist/module.js:22:149216)
    at fo.eval [as xe] (webpack-internal:///(app-pages-browser)/./node_modules/.pnpm/posthog-js@1.309.1/node_modules/posthog-js/dist/module.js:22:142058)
    at e (webpack-internal:///(app-pages-browser)/./node_modules/.pnpm/posthog-js@1.309.1/node_modules/posthog-js/dist/module.js:22:114800)
    at eval (webpack-internal:///(app-pages-browser)/./node_modules/.pnpm/posthog-js@1.309.1/node_modules/posthog-js/dist/module.js:22:114822) @ webpack-internal:///(app-pages-browser)/./node_modules/.pnpm/next@15.2.6_react-dom@19.0.0_react@19.0.0__react@19.0.0/node_modules/next/dist/client/components/globals/intercept-console-error.js:49
[  256723ms] [WARNING] [PostHog.js] Enqueued failed request for retry in 2993 @ webpack-internal:///(app-pages-browser)/./node_modules/.pnpm/posthog-js@1.309.1/node_modules/posthog-js/dist/module.js:21
[  256732ms] [ERROR] Failed to load resource: net::ERR_CONNECTION_REFUSED @ http://localhost:3111/__nextjs_original-stack-frames:0
[  257714ms] [ERROR] Failed to load resource: net::ERR_CONNECTION_REFUSED @ http://localhost:3111/ingest/s/?retry_count=6&ip=0&_=1790129546881&ver=1.309.1&compression=gzip-js:0
[  257714ms] [ERROR] [PostHog.js] TypeError: Failed to fetch
    at method (webpack-internal:///(app-pages-browser)/./node_modules/.pnpm/posthog-js@1.309.1/node_modules/posthog-js/dist/module.js:22:71863)
    at eval (webpack-internal:///(app-pages-browser)/./node_modules/.pnpm/posthog-js@1.309.1/node_modules/posthog-js/dist/module.js:22:149004)
    at qo._send_request (webpack-internal:///(app-pages-browser)/./node_modules/.pnpm/posthog-js@1.309.1/node_modules/posthog-js/dist/module.js:22:149010)
    at go.retriableRequest (webpack-internal:///(app-pages-browser)/./node_modules/.pnpm/posthog-js@1.309.1/node_modules/posthog-js/dist/module.js:22:115497)
    at go.Lt (webpack-internal:///(app-pages-browser)/./node_modules/.pnpm/posthog-js@1.309.1/node_modules/posthog-js/dist/module.js:22:116384)
    at eval (webpack-internal:///(app-pages-browser)/./node_modules/.pnpm/posthog-js@1.309.1/node_modules/posthog-js/dist/module.js:22:116221) @ webpack-internal:///(app-pages-browser)/./node_modules/.pnpm/next@15.2.6_react-dom@19.0.0_react@19.0.0__react@19.0.0/node_modules/next/dist/client/components/globals/intercept-console-error.js:49
[  257714ms] [WARNING] [PostHog.js] Enqueued failed request for retry in 232265 @ webpack-internal:///(app-pages-browser)/./node_modules/.pnpm/posthog-js@1.309.1/node_modules/posthog-js/dist/module.js:21
[  257714ms] [ERROR] Failed to load resource: net::ERR_CONNECTION_REFUSED @ http://localhost:3111/ingest/s/?retry_count=4&ip=0&_=1790129546883&ver=1.309.1&compression=gzip-js:0
[  257714ms] [ERROR] [PostHog.js] TypeError: Failed to fetch
    at method (webpack-internal:///(app-pages-browser)/./node_modules/.pnpm/posthog-js@1.309.1/node_modules/posthog-js/dist/module.js:22:71863)
    at eval (webpack-internal:///(app-pages-browser)/./node_modules/.pnpm/posthog-js@1.309.1/node_modules/posthog-js/dist/module.js:22:149004)
    at qo._send_request (webpack-internal:///(app-pages-browser)/./node_modules/.pnpm/posthog-js@1.309.1/node_modules/posthog-js/dist/module.js:22:149010)
    at go.retriableRequest (webpack-internal:///(app-pages-browser)/./node_modules/.pnpm/posthog-js@1.309.1/node_modules/posthog-js/dist/module.js:22:115497)
    at go.Lt (webpack-internal:///(app-pages-browser)/./node_modules/.pnpm/posthog-js@1.309.1/node_modules/posthog-js/dist/module.js:22:116384)
    at eval (webpack-internal:///(app-pages-browser)/./node_modules/.pnpm/posthog-js@1.309.1/node_modules/posthog-js/dist/module.js:22:116221) @ webpack-internal:///(app-pages-browser)/./node_modules/.pnpm/next@15.2.6_react-dom@19.0.0_react@19.0.0__react@19.0.0/node_modules/next/dist/client/components/globals/intercept-console-error.js:49
[  257714ms] [WARNING] [PostHog.js] Enqueued failed request for retry in 56770 @ webpack-internal:///(app-pages-browser)/./node_modules/.pnpm/posthog-js@1.309.1/node_modules/posthog-js/dist/module.js:21
[  257714ms] [ERROR] Failed to load resource: net::ERR_CONNECTION_REFUSED @ http://localhost:3111/ingest/s/?retry_count=2&ip=0&_=1790129546884&ver=1.309.1&compression=gzip-js:0
[  257714ms] [ERROR] [PostHog.js] TypeError: Failed to fetch
    at method (webpack-internal:///(app-pages-browser)/./node_modules/.pnpm/posthog-js@1.309.1/node_modules/posthog-js/dist/module.js:22:71863)
    at eval (webpack-internal:///(app-pages-browser)/./node_modules/.pnpm/posthog-js@1.309.1/node_modules/posthog-js/dist/module.js:22:149004)
    at qo._send_request (webpack-internal:///(app-pages-browser)/./node_modules/.pnpm/posthog-js@1.309.1/node_modules/posthog-js/dist/module.js:22:149010)
    at go.retriableRequest (webpack-internal:///(app-pages-browser)/./node_modules/.pnpm/posthog-js@1.309.1/node_modules/posthog-js/dist/module.js:22:115497)
    at go.Lt (webpack-internal:///(app-pages-browser)/./node_modules/.pnpm/posthog-js@1.309.1/node_modules/posthog-js/dist/module.js:22:116384)
    at eval (webpack-internal:///(app-pages-browser)/./node_modules/.pnpm/posthog-js@1.309.1/node_modules/posthog-js/dist/module.js:22:116221) @ webpack-internal:///(app-pages-browser)/./node_modules/.pnpm/next@15.2.6_react-dom@19.0.0_react@19.0.0__react@19.0.0/node_modules/next/dist/client/components/globals/intercept-console-error.js:49
[  257714ms] [WARNING] [PostHog.js] Enqueued failed request for retry in 11163 @ webpack-internal:///(app-pages-browser)/./node_modules/.pnpm/posthog-js@1.309.1/node_modules/posthog-js/dist/module.js:21
[  257719ms] [ERROR] Failed to load resource: net::ERR_CONNECTION_REFUSED @ http://localhost:3111/ingest/s/?retry_count=1&ip=0&_=1790129546884&ver=1.309.1&compression=gzip-js:0
[  257719ms] [ERROR] [PostHog.js] TypeError: Failed to fetch
    at method (webpack-internal:///(app-pages-browser)/./node_modules/.pnpm/posthog-js@1.309.1/node_modules/posthog-js/dist/module.js:22:71863)
    at eval (webpack-internal:///(app-pages-browser)/./node_modules/.pnpm/posthog-js@1.309.1/node_modules/posthog-js/dist/module.js:22:149004)
    at qo._send_request (webpack-internal:///(app-pages-browser)/./node_modules/.pnpm/posthog-js@1.309.1/node_modules/posthog-js/dist/module.js:22:149010)
    at go.retriableRequest (webpack-internal:///(app-pages-browser)/./node_modules/.pnpm/posthog-js@1.309.1/node_modules/posthog-js/dist/module.js:22:115497)
    at go.Lt (webpack-internal:///(app-pages-browser)/./node_modules/.pnpm/posthog-js@1.309.1/node_modules/posthog-js/dist/module.js:22:116384)
    at eval (webpack-internal:///(app-pages-browser)/./node_modules/.pnpm/posthog-js@1.309.1/node_modules/posthog-js/dist/module.js:22:116221) @ webpack-internal:///(app-pages-browser)/./node_modules/.pnpm/next@15.2.6_react-dom@19.0.0_react@19.0.0__react@19.0.0/node_modules/next/dist/client/components/globals/intercept-console-error.js:49
[  257719ms] [WARNING] [PostHog.js] Enqueued failed request for retry in 6480 @ webpack-internal:///(app-pages-browser)/./node_modules/.pnpm/posthog-js@1.309.1/node_modules/posthog-js/dist/module.js:21
[  257725ms] [ERROR] Failed to load resource: net::ERR_CONNECTION_REFUSED @ http://localhost:3111/__nextjs_original-stack-frames:0
[  257729ms] [ERROR] Failed to load resource: net::ERR_CONNECTION_REFUSED @ http://localhost:3111/__nextjs_original-stack-frames:0
[  258742ms] [LOG] [PostHog.js] send "$snapshot" {uuid: 01a0cc09-2a89-713c-8f41-63a82045235c, event: $snapshot, properties: Object, timestamp: Tue Sep 22 2026 22:12:27 GMT-0400 (Eastern Daylight Time)} @ webpack-internal:///(app-pages-browser)/./node_modules/.pnpm/posthog-js@1.309.1/node_modules/posthog-js/dist/module.js:21
[  260722ms] [ERROR] Failed to load resource: net::ERR_CONNECTION_REFUSED @ http://localhost:3111/ingest/s/?retry_count=6&ip=0&_=1790129549886&ver=1.309.1&compression=gzip-js:0
[  260722ms] [ERROR] [PostHog.js] TypeError: Failed to fetch
    at method (webpack-internal:///(app-pages-browser)/./node_modules/.pnpm/posthog-js@1.309.1/node_modules/posthog-js/dist/module.js:22:71863)
    at eval (webpack-internal:///(app-pages-browser)/./node_modules/.pnpm/posthog-js@1.309.1/node_modules/posthog-js/dist/module.js:22:149004)
    at qo._send_request (webpack-internal:///(app-pages-browser)/./node_modules/.pnpm/posthog-js@1.309.1/node_modules/posthog-js/dist/module.js:22:149010)
    at go.retriableRequest (webpack-internal:///(app-pages-browser)/./node_modules/.pnpm/posthog-js@1.309.1/node_modules/posthog-js/dist/module.js:22:115497)
    at go.Lt (webpack-internal:///(app-pages-browser)/./node_modules/.pnpm/posthog-js@1.309.1/node_modules/posthog-js/dist/module.js:22:116384)
    at eval (webpack-internal:///(app-pages-browser)/./node_modules/.pnpm/posthog-js@1.309.1/node_modules/posthog-js/dist/module.js:22:116221) @ webpack-internal:///(app-pages-browser)/./node_modules/.pnpm/next@15.2.6_react-dom@19.0.0_react@19.0.0__react@19.0.0/node_modules/next/dist/client/components/globals/intercept-console-error.js:49
[  260723ms] [WARNING] [PostHog.js] Enqueued failed request for retry in 235229 @ webpack-internal:///(app-pages-browser)/./node_modules/.pnpm/posthog-js@1.309.1/node_modules/posthog-js/dist/module.js:21
[  260723ms] [ERROR] Failed to load resource: net::ERR_CONNECTION_REFUSED @ http://localhost:3111/ingest/s/?retry_count=5&ip=0&_=1790129549889&ver=1.309.1&compression=gzip-js:0
[  260723ms] [ERROR] [PostHog.js] TypeError: Failed to fetch
    at method (webpack-internal:///(app-pages-browser)/./node_modules/.pnpm/posthog-js@1.309.1/node_modules/posthog-js/dist/module.js:22:71863)
    at eval (webpack-internal:///(app-pages-browser)/./node_modules/.pnpm/posthog-js@1.309.1/node_modules/posthog-js/dist/module.js:22:149004)
    at qo._send_request (webpack-internal:///(app-pages-browser)/./node_modules/.pnpm/posthog-js@1.309.1/node_modules/posthog-js/dist/module.js:22:149010)
    at go.retriableRequest (webpack-internal:///(app-pages-browser)/./node_modules/.pnpm/posthog-js@1.309.1/node_modules/posthog-js/dist/module.js:22:115497)
    at go.Lt (webpack-internal:///(app-pages-browser)/./node_modules/.pnpm/posthog-js@1.309.1/node_modules/posthog-js/dist/module.js:22:116384)
    at eval (webpack-internal:///(app-pages-browser)/./node_modules/.pnpm/posthog-js@1.309.1/node_modules/posthog-js/dist/module.js:22:116221) @ webpack-internal:///(app-pages-browser)/./node_modules/.pnpm/next@15.2.6_react-dom@19.0.0_react@19.0.0__react@19.0.0/node_modules/next/dist/client/components/globals/intercept-console-error.js:49
[  260723ms] [WARNING] [PostHog.js] Enqueued failed request for retry in 108629 @ webpack-internal:///(app-pages-browser)/./node_modules/.pnpm/posthog-js@1.309.1/node_modules/posthog-js/dist/module.js:21
[  260723ms] [ERROR] Failed to load resource: net::ERR_CONNECTION_REFUSED @ http://localhost:3111/ingest/s/?retry_count=4&ip=0&_=1790129549891&ver=1.309.1&compression=gzip-js:0
[  260723ms] [ERROR] [PostHog.js] TypeError: Failed to fetch
    at method (webpack-internal:///(app-pages-browser)/./node_modules/.pnpm/posthog-js@1.309.1/node_modules/posthog-js/dist/module.js:22:71863)
    at eval (webpack-internal:///(app-pages-browser)/./node_modules/.pnpm/posthog-js@1.309.1/node_modules/posthog-js/dist/module.js:22:149004)
    at qo._send_request (webpack-internal:///(app-pages-browser)/./node_modules/.pnpm/posthog-js@1.309.1/node_modules/posthog-js/dist/module.js:22:149010)
    at go.retriableRequest (webpack-internal:///(app-pages-browser)/./node_modules/.pnpm/posthog-js@1.309.1/node_modules/posthog-js/dist/module.js:22:115497)
    at go.Lt (webpack-internal:///(app-pages-browser)/./node_modules/.pnpm/posthog-js@1.309.1/node_modules/posthog-js/dist/module.js:22:116384)
    at eval (webpack-internal:///(app-pages-browser)/./node_modules/.pnpm/posthog-js@1.309.1/node_modules/posthog-js/dist/module.js:22:116221) @ webpack-internal:///(app-pages-browser)/./node_modules/.pnpm/next@15.2.6_react-dom@19.0.0_react@19.0.0__react@19.0.0/node_modules/next/dist/client/components/globals/intercept-console-error.js:49
[  260723ms] [WARNING] [PostHog.js] Enqueued failed request for retry in 57938 @ webpack-internal:///(app-pages-browser)/./node_modules/.pnpm/posthog-js@1.309.1/node_modules/posthog-js/dist/module.js:21
[  260723ms] [ERROR] Failed to load resource: net::ERR_CONNECTION_REFUSED @ http://localhost:3111/ingest/s/?retry_count=3&ip=0&_=1790129549892&ver=1.309.1&compression=gzip-js:0
[  260723ms] [ERROR] [PostHog.js] TypeError: Failed to fetch
    at method (webpack-internal:///(app-pages-browser)/./node_modules/.pnpm/posthog-js@1.309.1/node_modules/posthog-js/dist/module.js:22:71863)
    at eval (webpack-internal:///(app-pages-browser)/./node_modules/.pnpm/posthog-js@1.309.1/node_modules/posthog-js/dist/module.js:22:149004)
    at qo._send_request (webpack-internal:///(app-pages-browser)/./node_modules/.pnpm/posthog-js@1.309.1/node_modules/posthog-js/dist/module.js:22:149010)
    at go.retriableRequest (webpack-internal:///(app-pages-browser)/./node_modules/.pnpm/posthog-js@1.309.1/node_modules/posthog-js/dist/module.js:22:115497)
    at go.Lt (webpack-internal:///(app-pages-browser)/./node_modules/.pnpm/posthog-js@1.309.1/node_modules/posthog-js/dist/module.js:22:116384)
    at eval (webpack-internal:///(app-pages-browser)/./node_modules/.pnpm/posthog-js@1.309.1/node_modules/posthog-js/dist/module.js:22:116221) @ webpack-internal:///(app-pages-browser)/./node_modules/.pnpm/next@15.2.6_react-dom@19.0.0_react@19.0.0__react@19.0.0/node_modules/next/dist/client/components/globals/intercept-console-error.js:49
[  260723ms] [WARNING] [PostHog.js] Enqueued failed request for retry in 22675 @ webpack-internal:///(app-pages-browser)/./node_modules/.pnpm/posthog-js@1.309.1/node_modules/posthog-js/dist/module.js:21
[  260723ms] [ERROR] Failed to load resource: net::ERR_CONNECTION_REFUSED @ http://localhost:3111/ingest/s/?retry_count=2&ip=0&_=1790129549892&ver=1.309.1&compression=gzip-js:0
[  260723ms] [ERROR] [PostHog.js] TypeError: Failed to fetch
    at method (webpack-internal:///(app-pages-browser)/./node_modules/.pnpm/posthog-js@1.309.1/node_modules/posthog-js/dist/module.js:22:71863)
    at eval (webpack-internal:///(app-pages-browser)/./node_modules/.pnpm/posthog-js@1.309.1/node_modules/posthog-js/dist/module.js:22:149004)
    at qo._send_request (webpack-internal:///(app-pages-browser)/./node_modules/.pnpm/posthog-js@1.309.1/node_modules/posthog-js/dist/module.js:22:149010)
    at go.retriableRequest (webpack-internal:///(app-pages-browser)/./node_modules/.pnpm/posthog-js@1.309.1/node_modules/posthog-js/dist/module.js:22:115497)
    at go.Lt (webpack-internal:///(app-pages-browser)/./node_modules/.pnpm/posthog-js@1.309.1/node_modules/posthog-js/dist/module.js:22:116384)
    at eval (webpack-internal:///(app-pages-browser)/./node_modules/.pnpm/posthog-js@1.309.1/node_modules/posthog-js/dist/module.js:22:116221) @ webpack-internal:///(app-pages-browser)/./node_modules/.pnpm/next@15.2.6_react-dom@19.0.0_react@19.0.0__react@19.0.0/node_modules/next/dist/client/components/globals/intercept-console-error.js:49
[  260723ms] [WARNING] [PostHog.js] Enqueued failed request for retry in 10619 @ webpack-internal:///(app-pages-browser)/./node_modules/.pnpm/posthog-js@1.309.1/node_modules/posthog-js/dist/module.js:21
[  260724ms] [ERROR] Failed to load resource: net::ERR_CONNECTION_REFUSED @ http://localhost:3111/ingest/s/?retry_count=1&ip=0&_=1790129549893&ver=1.309.1&compression=gzip-js:0
[  260724ms] [ERROR] [PostHog.js] TypeError: Failed to fetch
    at method (webpack-internal:///(app-pages-browser)/./node_modules/.pnpm/posthog-js@1.309.1/node_modules/posthog-js/dist/module.js:22:71863)
    at eval (webpack-internal:///(app-pages-browser)/./node_modules/.pnpm/posthog-js@1.309.1/node_modules/posthog-js/dist/module.js:22:149004)
    at qo._send_request (webpack-internal:///(app-pages-browser)/./node_modules/.pnpm/posthog-js@1.309.1/node_modules/posthog-js/dist/module.js:22:149010)
    at go.retriableRequest (webpack-internal:///(app-pages-browser)/./node_modules/.pnpm/posthog-js@1.309.1/node_modules/posthog-js/dist/module.js:22:115497)
    at go.Lt (webpack-internal:///(app-pages-browser)/./node_modules/.pnpm/posthog-js@1.309.1/node_modules/posthog-js/dist/module.js:22:116384)
    at eval (webpack-internal:///(app-pages-browser)/./node_modules/.pnpm/posthog-js@1.309.1/node_modules/posthog-js/dist/module.js:22:116221) @ webpack-internal:///(app-pages-browser)/./node_modules/.pnpm/next@15.2.6_react-dom@19.0.0_react@19.0.0__react@19.0.0/node_modules/next/dist/client/components/globals/intercept-console-error.js:49
[  260724ms] [WARNING] [PostHog.js] Enqueued failed request for retry in 4742 @ webpack-internal:///(app-pages-browser)/./node_modules/.pnpm/posthog-js@1.309.1/node_modules/posthog-js/dist/module.js:21
[  260730ms] [ERROR] Failed to load resource: net::ERR_CONNECTION_REFUSED @ http://localhost:3111/__nextjs_original-stack-frames:0
[  261746ms] [ERROR] Failed to load resource: net::ERR_CONNECTION_REFUSED @ http://localhost:3111/ingest/s/?ip=0&_=1790129550914&ver=1.309.1&compression=gzip-js:0
[  261746ms] [ERROR] [PostHog.js] TypeError: Failed to fetch
    at method (webpack-internal:///(app-pages-browser)/./node_modules/.pnpm/posthog-js@1.309.1/node_modules/posthog-js/dist/module.js:22:71863)
    at eval (webpack-internal:///(app-pages-browser)/./node_modules/.pnpm/posthog-js@1.309.1/node_modules/posthog-js/dist/module.js:22:149004)
    at qo._send_request (webpack-internal:///(app-pages-browser)/./node_modules/.pnpm/posthog-js@1.309.1/node_modules/posthog-js/dist/module.js:22:149010)
    at go.retriableRequest (webpack-internal:///(app-pages-browser)/./node_modules/.pnpm/posthog-js@1.309.1/node_modules/posthog-js/dist/module.js:22:115497)
    at qo.Br (webpack-internal:///(app-pages-browser)/./node_modules/.pnpm/posthog-js@1.309.1/node_modules/posthog-js/dist/module.js:22:149216)
    at fo.eval [as xe] (webpack-internal:///(app-pages-browser)/./node_modules/.pnpm/posthog-js@1.309.1/node_modules/posthog-js/dist/module.js:22:142058)
    at e (webpack-internal:///(app-pages-browser)/./node_modules/.pnpm/posthog-js@1.309.1/node_modules/posthog-js/dist/module.js:22:114800)
    at eval (webpack-internal:///(app-pages-browser)/./node_modules/.pnpm/posthog-js@1.309.1/node_modules/posthog-js/dist/module.js:22:114822) @ webpack-internal:///(app-pages-browser)/./node_modules/.pnpm/next@15.2.6_react-dom@19.0.0_react@19.0.0__react@19.0.0/node_modules/next/dist/client/components/globals/intercept-console-error.js:49
[  261746ms] [WARNING] [PostHog.js] Enqueued failed request for retry in 3737 @ webpack-internal:///(app-pages-browser)/./node_modules/.pnpm/posthog-js@1.309.1/node_modules/posthog-js/dist/module.js:21
[  261752ms] [ERROR] Failed to load resource: net::ERR_CONNECTION_REFUSED @ http://localhost:3111/__nextjs_original-stack-frames:0
[  262736ms] [LOG] [PostHog.js] send "$snapshot" {uuid: 01a0cc09-3a24-7b55-b7a5-75377b2b0989, event: $snapshot, properties: Object, timestamp: Tue Sep 22 2026 22:12:31 GMT-0400 (Eastern Daylight Time)} @ webpack-internal:///(app-pages-browser)/./node_modules/.pnpm/posthog-js@1.309.1/node_modules/posthog-js/dist/module.js:21
[  263728ms] [ERROR] Failed to load resource: net::ERR_CONNECTION_REFUSED @ http://localhost:3111/ingest/s/?retry_count=6&ip=0&_=1790129552895&ver=1.309.1&compression=gzip-js:0
[  263728ms] [ERROR] [PostHog.js] TypeError: Failed to fetch
    at method (webpack-internal:///(app-pages-browser)/./node_modules/.pnpm/posthog-js@1.309.1/node_modules/posthog-js/dist/module.js:22:71863)
    at eval (webpack-internal:///(app-pages-browser)/./node_modules/.pnpm/posthog-js@1.309.1/node_modules/posthog-js/dist/module.js:22:149004)
    at qo._send_request (webpack-internal:///(app-pages-browser)/./node_modules/.pnpm/posthog-js@1.309.1/node_modules/posthog-js/dist/module.js:22:149010)
    at go.retriableRequest (webpack-internal:///(app-pages-browser)/./node_modules/.pnpm/posthog-js@1.309.1/node_modules/posthog-js/dist/module.js:22:115497)
    at go.Lt (webpack-internal:///(app-pages-browser)/./node_modules/.pnpm/posthog-js@1.309.1/node_modules/posthog-js/dist/module.js:22:116384)
    at eval (webpack-internal:///(app-pages-browser)/./node_modules/.pnpm/posthog-js@1.309.1/node_modules/posthog-js/dist/module.js:22:116221) @ webpack-internal:///(app-pages-browser)/./node_modules/.pnpm/next@15.2.6_react-dom@19.0.0_react@19.0.0__react@19.0.0/node_modules/next/dist/client/components/globals/intercept-console-error.js:49
[  263728ms] [WARNING] [PostHog.js] Enqueued failed request for retry in 220210 @ webpack-internal:///(app-pages-browser)/./node_modules/.pnpm/posthog-js@1.309.1/node_modules/posthog-js/dist/module.js:21
[  263729ms] [ERROR] Failed to load resource: net::ERR_CONNECTION_REFUSED @ http://localhost:3111/ingest/s/?retry_count=6&ip=0&_=1790129552896&ver=1.309.1&compression=gzip-js:0
[  263729ms] [ERROR] [PostHog.js] TypeError: Failed to fetch
    at method (webpack-internal:///(app-pages-browser)/./node_modules/.pnpm/posthog-js@1.309.1/node_modules/posthog-js/dist/module.js:22:71863)
    at eval (webpack-internal:///(app-pages-browser)/./node_modules/.pnpm/posthog-js@1.309.1/node_modules/posthog-js/dist/module.js:22:149004)
    at qo._send_request (webpack-internal:///(app-pages-browser)/./node_modules/.pnpm/posthog-js@1.309.1/node_modules/posthog-js/dist/module.js:22:149010)
    at go.retriableRequest (webpack-internal:///(app-pages-browser)/./node_modules/.pnpm/posthog-js@1.309.1/node_modules/posthog-js/dist/module.js:22:115497)
    at go.Lt (webpack-internal:///(app-pages-browser)/./node_modules/.pnpm/posthog-js@1.309.1/node_modules/posthog-js/dist/module.js:22:116384)
    at eval (webpack-internal:///(app-pages-browser)/./node_modules/.pnpm/posthog-js@1.309.1/node_modules/posthog-js/dist/module.js:22:116221) @ webpack-internal:///(app-pages-browser)/./node_modules/.pnpm/next@15.2.6_react-dom@19.0.0_react@19.0.0__react@19.0.0/node_modules/next/dist/client/components/globals/intercept-console-error.js:49
[  263729ms] [WARNING] [PostHog.js] Enqueued failed request for retry in 175605 @ webpack-internal:///(app-pages-browser)/./node_modules/.pnpm/posthog-js@1.309.1/node_modules/posthog-js/dist/module.js:21
[  263729ms] [ERROR] Failed to load resource: net::ERR_CONNECTION_REFUSED @ http://localhost:3111/ingest/s/?retry_count=5&ip=0&_=1790129552897&ver=1.309.1&compression=gzip-js:0
[  263729ms] [ERROR] [PostHog.js] TypeError: Failed to fetch
    at method (webpack-internal:///(app-pages-browser)/./node_modules/.pnpm/posthog-js@1.309.1/node_modules/posthog-js/dist/module.js:22:71863)
    at eval (webpack-internal:///(app-pages-browser)/./node_modules/.pnpm/posthog-js@1.309.1/node_modules/posthog-js/dist/module.js:22:149004)
    at qo._send_request (webpack-internal:///(app-pages-browser)/./node_modules/.pnpm/posthog-js@1.309.1/node_modules/posthog-js/dist/module.js:22:149010)
    at go.retriableRequest (webpack-internal:///(app-pages-browser)/./node_modules/.pnpm/posthog-js@1.309.1/node_modules/posthog-js/dist/module.js:22:115497)
    at go.Lt (webpack-internal:///(app-pages-browser)/./node_modules/.pnpm/posthog-js@1.309.1/node_modules/posthog-js/dist/module.js:22:116384)
    at eval (webpack-internal:///(app-pages-browser)/./node_modules/.pnpm/posthog-js@1.309.1/node_modules/posthog-js/dist/module.js:22:116221) @ webpack-internal:///(app-pages-browser)/./node_modules/.pnpm/next@15.2.6_react-dom@19.0.0_react@19.0.0__react@19.0.0/node_modules/next/dist/client/components/globals/intercept-console-error.js:49
[  263729ms] [WARNING] [PostHog.js] Enqueued failed request for retry in 79450 @ webpack-internal:///(app-pages-browser)/./node_modules/.pnpm/posthog-js@1.309.1/node_modules/posthog-js/dist/module.js:21
[  263729ms] [ERROR] Failed to load resource: net::ERR_CONNECTION_REFUSED @ http://localhost:3111/ingest/s/?retry_count=3&ip=0&_=1790129552898&ver=1.309.1&compression=gzip-js:0
[  263729ms] [ERROR] [PostHog.js] TypeError: Failed to fetch
    at method (webpack-internal:///(app-pages-browser)/./node_modules/.pnpm/posthog-js@1.309.1/node_modules/posthog-js/dist/module.js:22:71863)
    at eval (webpack-internal:///(app-pages-browser)/./node_modules/.pnpm/posthog-js@1.309.1/node_modules/posthog-js/dist/module.js:22:149004)
    at qo._send_request (webpack-internal:///(app-pages-browser)/./node_modules/.pnpm/posthog-js@1.309.1/node_modules/posthog-js/dist/module.js:22:149010)
    at go.retriableRequest (webpack-internal:///(app-pages-browser)/./node_modules/.pnpm/posthog-js@1.309.1/node_modules/posthog-js/dist/module.js:22:115497)
    at go.Lt (webpack-internal:///(app-pages-browser)/./node_modules/.pnpm/posthog-js@1.309.1/node_modules/posthog-js/dist/module.js:22:116384)
    at eval (webpack-internal:///(app-pages-browser)/./node_modules/.pnpm/posthog-js@1.309.1/node_modules/posthog-js/dist/module.js:22:116221) @ webpack-internal:///(app-pages-browser)/./node_modules/.pnpm/next@15.2.6_react-dom@19.0.0_react@19.0.0__react@19.0.0/node_modules/next/dist/client/components/globals/intercept-console-error.js:49
[  263729ms] [WARNING] [PostHog.js] Enqueued failed request for retry in 21989 @ webpack-internal:///(app-pages-browser)/./node_modules/.pnpm/posthog-js@1.309.1/node_modules/posthog-js/dist/module.js:21
[  263729ms] [ERROR] Failed to load resource: net::ERR_CONNECTION_REFUSED @ http://localhost:3111/ingest/s/?retry_count=3&ip=0&_=1790129552899&ver=1.309.1&compression=gzip-js:0
[  263729ms] [ERROR] [PostHog.js] TypeError: Failed to fetch
    at method (webpack-internal:///(app-pages-browser)/./node_modules/.pnpm/posthog-js@1.309.1/node_modules/posthog-js/dist/module.js:22:71863)
    at eval (webpack-internal:///(app-pages-browser)/./node_modules/.pnpm/posthog-js@1.309.1/node_modules/posthog-js/dist/module.js:22:149004)
    at qo._send_request (webpack-internal:///(app-pages-browser)/./node_modules/.pnpm/posthog-js@1.309.1/node_modules/posthog-js/dist/module.js:22:149010)
    at go.retriableRequest (webpack-internal:///(app-pages-browser)/./node_modules/.pnpm/posthog-js@1.309.1/node_modules/posthog-js/dist/module.js:22:115497)
    at go.Lt (webpack-internal:///(app-pages-browser)/./node_modules/.pnpm/posthog-js@1.309.1/node_modules/posthog-js/dist/module.js:22:116384)
    at eval (webpack-internal:///(app-pages-browser)/./node_modules/.pnpm/posthog-js@1.309.1/node_modules/posthog-js/dist/module.js:22:116221) @ webpack-internal:///(app-pages-browser)/./node_modules/.pnpm/next@15.2.6_react-dom@19.0.0_react@19.0.0__react@19.0.0/node_modules/next/dist/client/components/globals/intercept-console-error.js:49
[  263729ms] [WARNING] [PostHog.js] Enqueued failed request for retry in 27123 @ webpack-internal:///(app-pages-browser)/./node_modules/.pnpm/posthog-js@1.309.1/node_modules/posthog-js/dist/module.js:21
[  263737ms] [ERROR] Failed to load resource: net::ERR_CONNECTION_REFUSED @ http://localhost:3111/__nextjs_original-stack-frames:0
[  265740ms] [ERROR] Failed to load resource: net::ERR_CONNECTION_REFUSED @ http://localhost:3111/ingest/s/?ip=0&_=1790129554909&ver=1.309.1&compression=gzip-js:0
[  265740ms] [ERROR] [PostHog.js] TypeError: Failed to fetch
    at method (webpack-internal:///(app-pages-browser)/./node_modules/.pnpm/posthog-js@1.309.1/node_modules/posthog-js/dist/module.js:22:71863)
    at eval (webpack-internal:///(app-pages-browser)/./node_modules/.pnpm/posthog-js@1.309.1/node_modules/posthog-js/dist/module.js:22:149004)
    at qo._send_request (webpack-internal:///(app-pages-browser)/./node_modules/.pnpm/posthog-js@1.309.1/node_modules/posthog-js/dist/module.js:22:149010)
    at go.retriableRequest (webpack-internal:///(app-pages-browser)/./node_modules/.pnpm/posthog-js@1.309.1/node_modules/posthog-js/dist/module.js:22:115497)
    at qo.Br (webpack-internal:///(app-pages-browser)/./node_modules/.pnpm/posthog-js@1.309.1/node_modules/posthog-js/dist/module.js:22:149216)
    at fo.eval [as xe] (webpack-internal:///(app-pages-browser)/./node_modules/.pnpm/posthog-js@1.309.1/node_modules/posthog-js/dist/module.js:22:142058)
    at e (webpack-internal:///(app-pages-browser)/./node_modules/.pnpm/posthog-js@1.309.1/node_modules/posthog-js/dist/module.js:22:114800)
    at eval (webpack-internal:///(app-pages-browser)/./node_modules/.pnpm/posthog-js@1.309.1/node_modules/posthog-js/dist/module.js:22:114822) @ webpack-internal:///(app-pages-browser)/./node_modules/.pnpm/next@15.2.6_react-dom@19.0.0_react@19.0.0__react@19.0.0/node_modules/next/dist/client/components/globals/intercept-console-error.js:49
[  265740ms] [WARNING] [PostHog.js] Enqueued failed request for retry in 3179 @ webpack-internal:///(app-pages-browser)/./node_modules/.pnpm/posthog-js@1.309.1/node_modules/posthog-js/dist/module.js:21
[  265745ms] [LOG] [PostHog.js] send "$snapshot" {uuid: 01a0cc09-45e4-70d5-942f-b9702ad1f3db, event: $snapshot, properties: Object, timestamp: Tue Sep 22 2026 22:12:34 GMT-0400 (Eastern Daylight Time)} @ webpack-internal:///(app-pages-browser)/./node_modules/.pnpm/posthog-js@1.309.1/node_modules/posthog-js/dist/module.js:21
[  265748ms] [ERROR] Failed to load resource: net::ERR_CONNECTION_REFUSED @ http://localhost:3111/__nextjs_original-stack-frames:0
[  266735ms] [ERROR] Failed to load resource: net::ERR_CONNECTION_REFUSED @ http://localhost:3111/ingest/s/?retry_count=6&ip=0&_=1790129555900&ver=1.309.1&compression=gzip-js:0
[  266735ms] [ERROR] [PostHog.js] TypeError: Failed to fetch
    at method (webpack-internal:///(app-pages-browser)/./node_modules/.pnpm/posthog-js@1.309.1/node_modules/posthog-js/dist/module.js:22:71863)
    at eval (webpack-internal:///(app-pages-browser)/./node_modules/.pnpm/posthog-js@1.309.1/node_modules/posthog-js/dist/module.js:22:149004)
    at qo._send_request (webpack-internal:///(app-pages-browser)/./node_modules/.pnpm/posthog-js@1.309.1/node_modules/posthog-js/dist/module.js:22:149010)
    at go.retriableRequest (webpack-internal:///(app-pages-browser)/./node_modules/.pnpm/posthog-js@1.309.1/node_modules/posthog-js/dist/module.js:22:115497)
    at go.Lt (webpack-internal:///(app-pages-browser)/./node_modules/.pnpm/posthog-js@1.309.1/node_modules/posthog-js/dist/module.js:22:116384)
    at eval (webpack-internal:///(app-pages-browser)/./node_modules/.pnpm/posthog-js@1.309.1/node_modules/posthog-js/dist/module.js:22:116221) @ webpack-internal:///(app-pages-browser)/./node_modules/.pnpm/next@15.2.6_react-dom@19.0.0_react@19.0.0__react@19.0.0/node_modules/next/dist/client/components/globals/intercept-console-error.js:49
[  266736ms] [WARNING] [PostHog.js] Enqueued failed request for retry in 181920 @ webpack-internal:///(app-pages-browser)/./node_modules/.pnpm/posthog-js@1.309.1/node_modules/posthog-js/dist/module.js:21
[  266736ms] [ERROR] Failed to load resource: net::ERR_CONNECTION_REFUSED @ http://localhost:3111/ingest/s/?retry_count=5&ip=0&_=1790129555904&ver=1.309.1&compression=gzip-js:0
[  266736ms] [ERROR] [PostHog.js] TypeError: Failed to fetch
    at method (webpack-internal:///(app-pages-browser)/./node_modules/.pnpm/posthog-js@1.309.1/node_modules/posthog-js/dist/module.js:22:71863)
    at eval (webpack-internal:///(app-pages-browser)/./node_modules/.pnpm/posthog-js@1.309.1/node_modules/posthog-js/dist/module.js:22:149004)
    at qo._send_request (webpack-internal:///(app-pages-browser)/./node_modules/.pnpm/posthog-js@1.309.1/node_modules/posthog-js/dist/module.js:22:149010)
    at go.retriableRequest (webpack-internal:///(app-pages-browser)/./node_modules/.pnpm/posthog-js@1.309.1/node_modules/posthog-js/dist/module.js:22:115497)
    at go.Lt (webpack-internal:///(app-pages-browser)/./node_modules/.pnpm/posthog-js@1.309.1/node_modules/posthog-js/dist/module.js:22:116384)
    at eval (webpack-internal:///(app-pages-browser)/./node_modules/.pnpm/posthog-js@1.309.1/node_modules/posthog-js/dist/module.js:22:116221) @ webpack-internal:///(app-pages-browser)/./node_modules/.pnpm/next@15.2.6_react-dom@19.0.0_react@19.0.0__react@19.0.0/node_modules/next/dist/client/components/globals/intercept-console-error.js:49
[  266736ms] [WARNING] [PostHog.js] Enqueued failed request for retry in 91221 @ webpack-internal:///(app-pages-browser)/./node_modules/.pnpm/posthog-js@1.309.1/node_modules/posthog-js/dist/module.js:21
[  266736ms] [ERROR] Failed to load resource: net::ERR_CONNECTION_REFUSED @ http://localhost:3111/ingest/s/?retry_count=2&ip=0&_=1790129555904&ver=1.309.1&compression=gzip-js:0
[  266736ms] [ERROR] [PostHog.js] TypeError: Failed to fetch
    at method (webpack-internal:///(app-pages-browser)/./node_modules/.pnpm/posthog-js@1.309.1/node_modules/posthog-js/dist/module.js:22:71863)
    at eval (webpack-internal:///(app-pages-browser)/./node_modules/.pnpm/posthog-js@1.309.1/node_modules/posthog-js/dist/module.js:22:149004)
    at qo._send_request (webpack-internal:///(app-pages-browser)/./node_modules/.pnpm/posthog-js@1.309.1/node_modules/posthog-js/dist/module.js:22:149010)
    at go.retriableRequest (webpack-internal:///(app-pages-browser)/./node_modules/.pnpm/posthog-js@1.309.1/node_modules/posthog-js/dist/module.js:22:115497)
    at go.Lt (webpack-internal:///(app-pages-browser)/./node_modules/.pnpm/posthog-js@1.309.1/node_modules/posthog-js/dist/module.js:22:116384)
    at eval (webpack-internal:///(app-pages-browser)/./node_modules/.pnpm/posthog-js@1.309.1/node_modules/posthog-js/dist/module.js:22:116221) @ webpack-internal:///(app-pages-browser)/./node_modules/.pnpm/next@15.2.6_react-dom@19.0.0_react@19.0.0__react@19.0.0/node_modules/next/dist/client/components/globals/intercept-console-error.js:49
[  266736ms] [WARNING] [PostHog.js] Enqueued failed request for retry in 10549 @ webpack-internal:///(app-pages-browser)/./node_modules/.pnpm/posthog-js@1.309.1/node_modules/posthog-js/dist/module.js:21
[  266736ms] [ERROR] Failed to load resource: net::ERR_CONNECTION_REFUSED @ http://localhost:3111/ingest/s/?retry_count=2&ip=0&_=1790129555905&ver=1.309.1&compression=gzip-js:0
[  266736ms] [ERROR] [PostHog.js] TypeError: Failed to fetch
    at method (webpack-internal:///(app-pages-browser)/./node_modules/.pnpm/posthog-js@1.309.1/node_modules/posthog-js/dist/module.js:22:71863)
    at eval (webpack-internal:///(app-pages-browser)/./node_modules/.pnpm/posthog-js@1.309.1/node_modules/posthog-js/dist/module.js:22:149004)
    at qo._send_request (webpack-internal:///(app-pages-browser)/./node_modules/.pnpm/posthog-js@1.309.1/node_modules/posthog-js/dist/module.js:22:149010)
    at go.retriableRequest (webpack-internal:///(app-pages-browser)/./node_modules/.pnpm/posthog-js@1.309.1/node_modules/posthog-js/dist/module.js:22:115497)
    at go.Lt (webpack-internal:///(app-pages-browser)/./node_modules/.pnpm/posthog-js@1.309.1/node_modules/posthog-js/dist/module.js:22:116384)
    at eval (webpack-internal:///(app-pages-browser)/./node_modules/.pnpm/posthog-js@1.309.1/node_modules/posthog-js/dist/module.js:22:116221) @ webpack-internal:///(app-pages-browser)/./node_modules/.pnpm/next@15.2.6_react-dom@19.0.0_react@19.0.0__react@19.0.0/node_modules/next/dist/client/components/globals/intercept-console-error.js:49
[  266736ms] [WARNING] [PostHog.js] Enqueued failed request for retry in 14511 @ webpack-internal:///(app-pages-browser)/./node_modules/.pnpm/posthog-js@1.309.1/node_modules/posthog-js/dist/module.js:21
[  266740ms] [ERROR] Failed to load resource: net::ERR_CONNECTION_REFUSED @ http://localhost:3111/ingest/s/?retry_count=1&ip=0&_=1790129555906&ver=1.309.1&compression=gzip-js:0
[  266740ms] [ERROR] [PostHog.js] TypeError: Failed to fetch
    at method (webpack-internal:///(app-pages-browser)/./node_modules/.pnpm/posthog-js@1.309.1/node_modules/posthog-js/dist/module.js:22:71863)
    at eval (webpack-internal:///(app-pages-browser)/./node_modules/.pnpm/posthog-js@1.309.1/node_modules/posthog-js/dist/module.js:22:149004)
    at qo._send_request (webpack-internal:///(app-pages-browser)/./node_modules/.pnpm/posthog-js@1.309.1/node_modules/posthog-js/dist/module.js:22:149010)
    at go.retriableRequest (webpack-internal:///(app-pages-browser)/./node_modules/.pnpm/posthog-js@1.309.1/node_modules/posthog-js/dist/module.js:22:115497)
    at go.Lt (webpack-internal:///(app-pages-browser)/./node_modules/.pnpm/posthog-js@1.309.1/node_modules/posthog-js/dist/module.js:22:116384)
    at eval (webpack-internal:///(app-pages-browser)/./node_modules/.pnpm/posthog-js@1.309.1/node_modules/posthog-js/dist/module.js:22:116221) @ webpack-internal:///(app-pages-browser)/./node_modules/.pnpm/next@15.2.6_react-dom@19.0.0_react@19.0.0__react@19.0.0/node_modules/next/dist/client/components/globals/intercept-console-error.js:49
[  266740ms] [WARNING] [PostHog.js] Enqueued failed request for retry in 7352 @ webpack-internal:///(app-pages-browser)/./node_modules/.pnpm/posthog-js@1.309.1/node_modules/posthog-js/dist/module.js:21
[  266744ms] [ERROR] Failed to load resource: net::ERR_CONNECTION_REFUSED @ http://localhost:3111/__nextjs_original-stack-frames:0
[  266748ms] [ERROR] Failed to load resource: net::ERR_CONNECTION_REFUSED @ http://localhost:3111/__nextjs_original-stack-frames:0
[  267755ms] [LOG] [PostHog.js] send "$snapshot" {uuid: 01a0cc09-4dbe-7530-b557-a4f55a525496, event: $snapshot, properties: Object, timestamp: Tue Sep 22 2026 22:12:36 GMT-0400 (Eastern Daylight Time)} @ webpack-internal:///(app-pages-browser)/./node_modules/.pnpm/posthog-js@1.309.1/node_modules/posthog-js/dist/module.js:21
[  268748ms] [ERROR] Failed to load resource: net::ERR_CONNECTION_REFUSED @ http://localhost:3111/ingest/s/?ip=0&_=1790129557918&ver=1.309.1&compression=gzip-js:0
[  268748ms] [ERROR] [PostHog.js] TypeError: Failed to fetch
    at method (webpack-internal:///(app-pages-browser)/./node_modules/.pnpm/posthog-js@1.309.1/node_modules/posthog-js/dist/module.js:22:71863)
    at eval (webpack-internal:///(app-pages-browser)/./node_modules/.pnpm/posthog-js@1.309.1/node_modules/posthog-js/dist/module.js:22:149004)
    at qo._send_request (webpack-internal:///(app-pages-browser)/./node_modules/.pnpm/posthog-js@1.309.1/node_modules/posthog-js/dist/module.js:22:149010)
    at go.retriableRequest (webpack-internal:///(app-pages-browser)/./node_modules/.pnpm/posthog-js@1.309.1/node_modules/posthog-js/dist/module.js:22:115497)
    at qo.Br (webpack-internal:///(app-pages-browser)/./node_modules/.pnpm/posthog-js@1.309.1/node_modules/posthog-js/dist/module.js:22:149216)
    at fo.eval [as xe] (webpack-internal:///(app-pages-browser)/./node_modules/.pnpm/posthog-js@1.309.1/node_modules/posthog-js/dist/module.js:22:142058)
    at e (webpack-internal:///(app-pages-browser)/./node_modules/.pnpm/posthog-js@1.309.1/node_modules/posthog-js/dist/module.js:22:114800)
    at eval (webpack-internal:///(app-pages-browser)/./node_modules/.pnpm/posthog-js@1.309.1/node_modules/posthog-js/dist/module.js:22:114822) @ webpack-internal:///(app-pages-browser)/./node_modules/.pnpm/next@15.2.6_react-dom@19.0.0_react@19.0.0__react@19.0.0/node_modules/next/dist/client/components/globals/intercept-console-error.js:49
[  268749ms] [WARNING] [PostHog.js] Enqueued failed request for retry in 3063 @ webpack-internal:///(app-pages-browser)/./node_modules/.pnpm/posthog-js@1.309.1/node_modules/posthog-js/dist/module.js:21
[  268755ms] [ERROR] Failed to load resource: net::ERR_CONNECTION_REFUSED @ http://localhost:3111/__nextjs_original-stack-frames:0
[  269740ms] [ERROR] Failed to load resource: net::ERR_CONNECTION_REFUSED @ http://localhost:3111/ingest/s/?retry_count=6&ip=0&_=1790129558907&ver=1.309.1&compression=gzip-js:0
[  269741ms] [ERROR] [PostHog.js] TypeError: Failed to fetch
    at method (webpack-internal:///(app-pages-browser)/./node_modules/.pnpm/posthog-js@1.309.1/node_modules/posthog-js/dist/module.js:22:71863)
    at eval (webpack-internal:///(app-pages-browser)/./node_modules/.pnpm/posthog-js@1.309.1/node_modules/posthog-js/dist/module.js:22:149004)
    at qo._send_request (webpack-internal:///(app-pages-browser)/./node_modules/.pnpm/posthog-js@1.309.1/node_modules/posthog-js/dist/module.js:22:149010)
    at go.retriableRequest (webpack-internal:///(app-pages-browser)/./node_modules/.pnpm/posthog-js@1.309.1/node_modules/posthog-js/dist/module.js:22:115497)
    at go.Lt (webpack-internal:///(app-pages-browser)/./node_modules/.pnpm/posthog-js@1.309.1/node_modules/posthog-js/dist/module.js:22:116384)
    at eval (webpack-internal:///(app-pages-browser)/./node_modules/.pnpm/posthog-js@1.309.1/node_modules/posthog-js/dist/module.js:22:116221) @ webpack-internal:///(app-pages-browser)/./node_modules/.pnpm/next@15.2.6_react-dom@19.0.0_react@19.0.0__react@19.0.0/node_modules/next/dist/client/components/globals/intercept-console-error.js:49
[  269741ms] [WARNING] [PostHog.js] Enqueued failed request for retry in 166822 @ webpack-internal:///(app-pages-browser)/./node_modules/.pnpm/posthog-js@1.309.1/node_modules/posthog-js/dist/module.js:21
[  269741ms] [ERROR] Failed to load resource: net::ERR_CONNECTION_REFUSED @ http://localhost:3111/ingest/s/?retry_count=4&ip=0&_=1790129558909&ver=1.309.1&compression=gzip-js:0
[  269741ms] [ERROR] [PostHog.js] TypeError: Failed to fetch
    at method (webpack-internal:///(app-pages-browser)/./node_modules/.pnpm/posthog-js@1.309.1/node_modules/posthog-js/dist/module.js:22:71863)
    at eval (webpack-internal:///(app-pages-browser)/./node_modules/.pnpm/posthog-js@1.309.1/node_modules/posthog-js/dist/module.js:22:149004)
    at qo._send_request (webpack-internal:///(app-pages-browser)/./node_modules/.pnpm/posthog-js@1.309.1/node_modules/posthog-js/dist/module.js:22:149010)
    at go.retriableRequest (webpack-internal:///(app-pages-browser)/./node_modules/.pnpm/posthog-js@1.309.1/node_modules/posthog-js/dist/module.js:22:115497)
    at go.Lt (webpack-internal:///(app-pages-browser)/./node_modules/.pnpm/posthog-js@1.309.1/node_modules/posthog-js/dist/module.js:22:116384)
    at eval (webpack-internal:///(app-pages-browser)/./node_modules/.pnpm/posthog-js@1.309.1/node_modules/posthog-js/dist/module.js:22:116221) @ webpack-internal:///(app-pages-browser)/./node_modules/.pnpm/next@15.2.6_react-dom@19.0.0_react@19.0.0__react@19.0.0/node_modules/next/dist/client/components/globals/intercept-console-error.js:49
[  269741ms] [WARNING] [PostHog.js] Enqueued failed request for retry in 43413 @ webpack-internal:///(app-pages-browser)/./node_modules/.pnpm/posthog-js@1.309.1/node_modules/posthog-js/dist/module.js:21
[  269741ms] [ERROR] Failed to load resource: net::ERR_CONNECTION_REFUSED @ http://localhost:3111/ingest/s/?retry_count=4&ip=0&_=1790129558910&ver=1.309.1&compression=gzip-js:0
[  269741ms] [ERROR] [PostHog.js] TypeError: Failed to fetch
    at method (webpack-internal:///(app-pages-browser)/./node_modules/.pnpm/posthog-js@1.309.1/node_modules/posthog-js/dist/module.js:22:71863)
    at eval (webpack-internal:///(app-pages-browser)/./node_modules/.pnpm/posthog-js@1.309.1/node_modules/posthog-js/dist/module.js:22:149004)
    at qo._send_request (webpack-internal:///(app-pages-browser)/./node_modules/.pnpm/posthog-js@1.309.1/node_modules/posthog-js/dist/module.js:22:149010)
    at go.retriableRequest (webpack-internal:///(app-pages-browser)/./node_modules/.pnpm/posthog-js@1.309.1/node_modules/posthog-js/dist/module.js:22:115497)
    at go.Lt (webpack-internal:///(app-pages-browser)/./node_modules/.pnpm/posthog-js@1.309.1/node_modules/posthog-js/dist/module.js:22:116384)
    at eval (webpack-internal:///(app-pages-browser)/./node_modules/.pnpm/posthog-js@1.309.1/node_modules/posthog-js/dist/module.js:22:116221) @ webpack-internal:///(app-pages-browser)/./node_modules/.pnpm/next@15.2.6_react-dom@19.0.0_react@19.0.0__react@19.0.0/node_modules/next/dist/client/components/globals/intercept-console-error.js:49
[  269741ms] [WARNING] [PostHog.js] Enqueued failed request for retry in 40965 @ webpack-internal:///(app-pages-browser)/./node_modules/.pnpm/posthog-js@1.309.1/node_modules/posthog-js/dist/module.js:21
[  269741ms] [ERROR] Failed to load resource: net::ERR_CONNECTION_REFUSED @ http://localhost:3111/ingest/s/?retry_count=3&ip=0&_=1790129558911&ver=1.309.1&compression=gzip-js:0
[  269741ms] [ERROR] [PostHog.js] TypeError: Failed to fetch
    at method (webpack-internal:///(app-pages-browser)/./node_modules/.pnpm/posthog-js@1.309.1/node_modules/posthog-js/dist/module.js:22:71863)
    at eval (webpack-internal:///(app-pages-browser)/./node_modules/.pnpm/posthog-js@1.309.1/node_modules/posthog-js/dist/module.js:22:149004)
    at qo._send_request (webpack-internal:///(app-pages-browser)/./node_modules/.pnpm/posthog-js@1.309.1/node_modules/posthog-js/dist/module.js:22:149010)
    at go.retriableRequest (webpack-internal:///(app-pages-browser)/./node_modules/.pnpm/posthog-js@1.309.1/node_modules/posthog-js/dist/module.js:22:115497)
    at go.Lt (webpack-internal:///(app-pages-browser)/./node_modules/.pnpm/posthog-js@1.309.1/node_modules/posthog-js/dist/module.js:22:116384)
    at eval (webpack-internal:///(app-pages-browser)/./node_modules/.pnpm/posthog-js@1.309.1/node_modules/posthog-js/dist/module.js:22:116221) @ webpack-internal:///(app-pages-browser)/./node_modules/.pnpm/next@15.2.6_react-dom@19.0.0_react@19.0.0__react@19.0.0/node_modules/next/dist/client/components/globals/intercept-console-error.js:49
[  269741ms] [WARNING] [PostHog.js] Enqueued failed request for retry in 19960 @ webpack-internal:///(app-pages-browser)/./node_modules/.pnpm/posthog-js@1.309.1/node_modules/posthog-js/dist/module.js:21
[  269745ms] [ERROR] Failed to load resource: net::ERR_CONNECTION_REFUSED @ http://localhost:3111/ingest/s/?retry_count=1&ip=0&_=1790129558911&ver=1.309.1&compression=gzip-js:0
[  269746ms] [ERROR] [PostHog.js] TypeError: Failed to fetch
    at method (webpack-internal:///(app-pages-browser)/./node_modules/.pnpm/posthog-js@1.309.1/node_modules/posthog-js/dist/module.js:22:71863)
    at eval (webpack-internal:///(app-pages-browser)/./node_modules/.pnpm/posthog-js@1.309.1/node_modules/posthog-js/dist/module.js:22:149004)
    at qo._send_request (webpack-internal:///(app-pages-browser)/./node_modules/.pnpm/posthog-js@1.309.1/node_modules/posthog-js/dist/module.js:22:149010)
    at go.retriableRequest (webpack-internal:///(app-pages-browser)/./node_modules/.pnpm/posthog-js@1.309.1/node_modules/posthog-js/dist/module.js:22:115497)
    at go.Lt (webpack-internal:///(app-pages-browser)/./node_modules/.pnpm/posthog-js@1.309.1/node_modules/posthog-js/dist/module.js:22:116384)
    at eval (webpack-internal:///(app-pages-browser)/./node_modules/.pnpm/posthog-js@1.309.1/node_modules/posthog-js/dist/module.js:22:116221) @ webpack-internal:///(app-pages-browser)/./node_modules/.pnpm/next@15.2.6_react-dom@19.0.0_react@19.0.0__react@19.0.0/node_modules/next/dist/client/components/globals/intercept-console-error.js:49
[  269746ms] [WARNING] [PostHog.js] Enqueued failed request for retry in 5455 @ webpack-internal:///(app-pages-browser)/./node_modules/.pnpm/posthog-js@1.309.1/node_modules/posthog-js/dist/module.js:21
[  269750ms] [ERROR] Failed to load resource: net::ERR_CONNECTION_REFUSED @ http://localhost:3111/__nextjs_original-stack-frames:0
[  269754ms] [ERROR] Failed to load resource: net::ERR_CONNECTION_REFUSED @ http://localhost:3111/__nextjs_original-stack-frames:0
[  270758ms] [LOG] [PostHog.js] send "$snapshot" {uuid: 01a0cc09-5979-7f5a-a46f-e833d72a6603, event: $snapshot, properties: Object, timestamp: Tue Sep 22 2026 22:12:39 GMT-0400 (Eastern Daylight Time)} @ webpack-internal:///(app-pages-browser)/./node_modules/.pnpm/posthog-js@1.309.1/node_modules/posthog-js/dist/module.js:21
[  272744ms] [ERROR] Failed to load resource: net::ERR_CONNECTION_REFUSED @ http://localhost:3111/ingest/i/v0/e/?retry_count=6&ip=0&_=1790129561913&ver=1.309.1&compression=gzip-js:0
[  272744ms] [ERROR] [PostHog.js] TypeError: Failed to fetch
    at method (webpack-internal:///(app-pages-browser)/./node_modules/.pnpm/posthog-js@1.309.1/node_modules/posthog-js/dist/module.js:22:71863)
    at eval (webpack-internal:///(app-pages-browser)/./node_modules/.pnpm/posthog-js@1.309.1/node_modules/posthog-js/dist/module.js:22:149004)
    at qo._send_request (webpack-internal:///(app-pages-browser)/./node_modules/.pnpm/posthog-js@1.309.1/node_modules/posthog-js/dist/module.js:22:149010)
    at go.retriableRequest (webpack-internal:///(app-pages-browser)/./node_modules/.pnpm/posthog-js@1.309.1/node_modules/posthog-js/dist/module.js:22:115497)
    at go.Lt (webpack-internal:///(app-pages-browser)/./node_modules/.pnpm/posthog-js@1.309.1/node_modules/posthog-js/dist/module.js:22:116384)
    at eval (webpack-internal:///(app-pages-browser)/./node_modules/.pnpm/posthog-js@1.309.1/node_modules/posthog-js/dist/module.js:22:116221) @ webpack-internal:///(app-pages-browser)/./node_modules/.pnpm/next@15.2.6_react-dom@19.0.0_react@19.0.0__react@19.0.0/node_modules/next/dist/client/components/globals/intercept-console-error.js:49
[  272744ms] [WARNING] [PostHog.js] Enqueued failed request for retry in 208827 @ webpack-internal:///(app-pages-browser)/./node_modules/.pnpm/posthog-js@1.309.1/node_modules/posthog-js/dist/module.js:21
[  272744ms] [ERROR] Failed to load resource: net::ERR_CONNECTION_REFUSED @ http://localhost:3111/ingest/s/?retry_count=3&ip=0&_=1790129561914&ver=1.309.1&compression=gzip-js:0
[  272744ms] [ERROR] [PostHog.js] TypeError: Failed to fetch
    at method (webpack-internal:///(app-pages-browser)/./node_modules/.pnpm/posthog-js@1.309.1/node_modules/posthog-js/dist/module.js:22:71863)
    at eval (webpack-internal:///(app-pages-browser)/./node_modules/.pnpm/posthog-js@1.309.1/node_modules/posthog-js/dist/module.js:22:149004)
    at qo._send_request (webpack-internal:///(app-pages-browser)/./node_modules/.pnpm/posthog-js@1.309.1/node_modules/posthog-js/dist/module.js:22:149010)
    at go.retriableRequest (webpack-internal:///(app-pages-browser)/./node_modules/.pnpm/posthog-js@1.309.1/node_modules/posthog-js/dist/module.js:22:115497)
    at go.Lt (webpack-internal:///(app-pages-browser)/./node_modules/.pnpm/posthog-js@1.309.1/node_modules/posthog-js/dist/module.js:22:116384)
    at eval (webpack-internal:///(app-pages-browser)/./node_modules/.pnpm/posthog-js@1.309.1/node_modules/posthog-js/dist/module.js:22:116221) @ webpack-internal:///(app-pages-browser)/./node_modules/.pnpm/next@15.2.6_react-dom@19.0.0_react@19.0.0__react@19.0.0/node_modules/next/dist/client/components/globals/intercept-console-error.js:49
[  272744ms] [WARNING] [PostHog.js] Enqueued failed request for retry in 24889 @ webpack-internal:///(app-pages-browser)/./node_modules/.pnpm/posthog-js@1.309.1/node_modules/posthog-js/dist/module.js:21
[  272749ms] [ERROR] Failed to load resource: net::ERR_CONNECTION_REFUSED @ http://localhost:3111/ingest/s/?retry_count=1&ip=0&_=1790129561914&ver=1.309.1&compression=gzip-js:0
[  272750ms] [ERROR] [PostHog.js] TypeError: Failed to fetch
    at method (webpack-internal:///(app-pages-browser)/./node_modules/.pnpm/posthog-js@1.309.1/node_modules/posthog-js/dist/module.js:22:71863)
    at eval (webpack-internal:///(app-pages-browser)/./node_modules/.pnpm/posthog-js@1.309.1/node_modules/posthog-js/dist/module.js:22:149004)
    at qo._send_request (webpack-internal:///(app-pages-browser)/./node_modules/.pnpm/posthog-js@1.309.1/node_modules/posthog-js/dist/module.js:22:149010)
    at go.retriableRequest (webpack-internal:///(app-pages-browser)/./node_modules/.pnpm/posthog-js@1.309.1/node_modules/posthog-js/dist/module.js:22:115497)
    at go.Lt (webpack-internal:///(app-pages-browser)/./node_modules/.pnpm/posthog-js@1.309.1/node_modules/posthog-js/dist/module.js:22:116384)
    at eval (webpack-internal:///(app-pages-browser)/./node_modules/.pnpm/posthog-js@1.309.1/node_modules/posthog-js/dist/module.js:22:116221) @ webpack-internal:///(app-pages-browser)/./node_modules/.pnpm/next@15.2.6_react-dom@19.0.0_react@19.0.0__react@19.0.0/node_modules/next/dist/client/components/globals/intercept-console-error.js:49
[  272750ms] [WARNING] [PostHog.js] Enqueued failed request for retry in 7210 @ webpack-internal:///(app-pages-browser)/./node_modules/.pnpm/posthog-js@1.309.1/node_modules/posthog-js/dist/module.js:21
[  272756ms] [ERROR] Failed to load resource: net::ERR_CONNECTION_REFUSED @ http://localhost:3111/__nextjs_original-stack-frames:0
[  272760ms] [ERROR] Failed to load resource: net::ERR_CONNECTION_REFUSED @ http://localhost:3111/__nextjs_original-stack-frames:0
[  273762ms] [ERROR] Failed to load resource: net::ERR_CONNECTION_REFUSED @ http://localhost:3111/ingest/s/?ip=0&_=1790129562931&ver=1.309.1&compression=gzip-js:0
[  273762ms] [ERROR] [PostHog.js] TypeError: Failed to fetch
    at method (webpack-internal:///(app-pages-browser)/./node_modules/.pnpm/posthog-js@1.309.1/node_modules/posthog-js/dist/module.js:22:71863)
    at eval (webpack-internal:///(app-pages-browser)/./node_modules/.pnpm/posthog-js@1.309.1/node_modules/posthog-js/dist/module.js:22:149004)
    at qo._send_request (webpack-internal:///(app-pages-browser)/./node_modules/.pnpm/posthog-js@1.309.1/node_modules/posthog-js/dist/module.js:22:149010)
    at go.retriableRequest (webpack-internal:///(app-pages-browser)/./node_modules/.pnpm/posthog-js@1.309.1/node_modules/posthog-js/dist/module.js:22:115497)
    at qo.Br (webpack-internal:///(app-pages-browser)/./node_modules/.pnpm/posthog-js@1.309.1/node_modules/posthog-js/dist/module.js:22:149216)
    at fo.eval [as xe] (webpack-internal:///(app-pages-browser)/./node_modules/.pnpm/posthog-js@1.309.1/node_modules/posthog-js/dist/module.js:22:142058)
    at e (webpack-internal:///(app-pages-browser)/./node_modules/.pnpm/posthog-js@1.309.1/node_modules/posthog-js/dist/module.js:22:114800)
    at eval (webpack-internal:///(app-pages-browser)/./node_modules/.pnpm/posthog-js@1.309.1/node_modules/posthog-js/dist/module.js:22:114822) @ webpack-internal:///(app-pages-browser)/./node_modules/.pnpm/next@15.2.6_react-dom@19.0.0_react@19.0.0__react@19.0.0/node_modules/next/dist/client/components/globals/intercept-console-error.js:49
[  273762ms] [WARNING] [PostHog.js] Enqueued failed request for retry in 3260 @ webpack-internal:///(app-pages-browser)/./node_modules/.pnpm/posthog-js@1.309.1/node_modules/posthog-js/dist/module.js:21
[  273771ms] [ERROR] Failed to load resource: net::ERR_CONNECTION_REFUSED @ http://localhost:3111/__nextjs_original-stack-frames:0
[  274767ms] [LOG] [PostHog.js] send "$snapshot" {uuid: 01a0cc09-6922-74d5-8509-4d4f4805f95b, event: $snapshot, properties: Object, timestamp: Tue Sep 22 2026 22:12:43 GMT-0400 (Eastern Daylight Time)} @ webpack-internal:///(app-pages-browser)/./node_modules/.pnpm/posthog-js@1.309.1/node_modules/posthog-js/dist/module.js:21
[  275754ms] [ERROR] Failed to load resource: net::ERR_CONNECTION_REFUSED @ http://localhost:3111/ingest/s/?retry_count=4&ip=0&_=1790129564917&ver=1.309.1&compression=gzip-js:0
[  275754ms] [ERROR] [PostHog.js] TypeError: Failed to fetch
    at method (webpack-internal:///(app-pages-browser)/./node_modules/.pnpm/posthog-js@1.309.1/node_modules/posthog-js/dist/module.js:22:71863)
    at eval (webpack-internal:///(app-pages-browser)/./node_modules/.pnpm/posthog-js@1.309.1/node_modules/posthog-js/dist/module.js:22:149004)
    at qo._send_request (webpack-internal:///(app-pages-browser)/./node_modules/.pnpm/posthog-js@1.309.1/node_modules/posthog-js/dist/module.js:22:149010)
    at go.retriableRequest (webpack-internal:///(app-pages-browser)/./node_modules/.pnpm/posthog-js@1.309.1/node_modules/posthog-js/dist/module.js:22:115497)
    at go.Lt (webpack-internal:///(app-pages-browser)/./node_modules/.pnpm/posthog-js@1.309.1/node_modules/posthog-js/dist/module.js:22:116384)
    at eval (webpack-internal:///(app-pages-browser)/./node_modules/.pnpm/posthog-js@1.309.1/node_modules/posthog-js/dist/module.js:22:116221) @ webpack-internal:///(app-pages-browser)/./node_modules/.pnpm/next@15.2.6_react-dom@19.0.0_react@19.0.0__react@19.0.0/node_modules/next/dist/client/components/globals/intercept-console-error.js:49
[  275754ms] [WARNING] [PostHog.js] Enqueued failed request for retry in 42397 @ webpack-internal:///(app-pages-browser)/./node_modules/.pnpm/posthog-js@1.309.1/node_modules/posthog-js/dist/module.js:21
[  275754ms] [ERROR] Failed to load resource: net::ERR_CONNECTION_REFUSED @ http://localhost:3111/ingest/s/?retry_count=4&ip=0&_=1790129564920&ver=1.309.1&compression=gzip-js:0
[  275754ms] [ERROR] [PostHog.js] TypeError: Failed to fetch
    at method (webpack-internal:///(app-pages-browser)/./node_modules/.pnpm/posthog-js@1.309.1/node_modules/posthog-js/dist/module.js:22:71863)
    at eval (webpack-internal:///(app-pages-browser)/./node_modules/.pnpm/posthog-js@1.309.1/node_modules/posthog-js/dist/module.js:22:149004)
    at qo._send_request (webpack-internal:///(app-pages-browser)/./node_modules/.pnpm/posthog-js@1.309.1/node_modules/posthog-js/dist/module.js:22:149010)
    at go.retriableRequest (webpack-internal:///(app-pages-browser)/./node_modules/.pnpm/posthog-js@1.309.1/node_modules/posthog-js/dist/module.js:22:115497)
    at go.Lt (webpack-internal:///(app-pages-browser)/./node_modules/.pnpm/posthog-js@1.309.1/node_modules/posthog-js/dist/module.js:22:116384)
    at eval (webpack-internal:///(app-pages-browser)/./node_modules/.pnpm/posthog-js@1.309.1/node_modules/posthog-js/dist/module.js:22:116221) @ webpack-internal:///(app-pages-browser)/./node_modules/.pnpm/next@15.2.6_react-dom@19.0.0_react@19.0.0__react@19.0.0/node_modules/next/dist/client/components/globals/intercept-console-error.js:49
[  275754ms] [WARNING] [PostHog.js] Enqueued failed request for retry in 37029 @ webpack-internal:///(app-pages-browser)/./node_modules/.pnpm/posthog-js@1.309.1/node_modules/posthog-js/dist/module.js:21
[  275754ms] [ERROR] Failed to load resource: net::ERR_CONNECTION_REFUSED @ http://localhost:3111/ingest/s/?retry_count=4&ip=0&_=1790129564922&ver=1.309.1&compression=gzip-js:0
[  275754ms] [ERROR] [PostHog.js] TypeError: Failed to fetch
    at method (webpack-internal:///(app-pages-browser)/./node_modules/.pnpm/posthog-js@1.309.1/node_modules/posthog-js/dist/module.js:22:71863)
    at eval (webpack-internal:///(app-pages-browser)/./node_modules/.pnpm/posthog-js@1.309.1/node_modules/posthog-js/dist/module.js:22:149004)
    at qo._send_request (webpack-internal:///(app-pages-browser)/./node_modules/.pnpm/posthog-js@1.309.1/node_modules/posthog-js/dist/module.js:22:149010)
    at go.retriableRequest (webpack-internal:///(app-pages-browser)/./node_modules/.pnpm/posthog-js@1.309.1/node_modules/posthog-js/dist/module.js:22:115497)
    at go.Lt (webpack-internal:///(app-pages-browser)/./node_modules/.pnpm/posthog-js@1.309.1/node_modules/posthog-js/dist/module.js:22:116384)
    at eval (webpack-internal:///(app-pages-browser)/./node_modules/.pnpm/posthog-js@1.309.1/node_modules/posthog-js/dist/module.js:22:116221) @ webpack-internal:///(app-pages-browser)/./node_modules/.pnpm/next@15.2.6_react-dom@19.0.0_react@19.0.0__react@19.0.0/node_modules/next/dist/client/components/globals/intercept-console-error.js:49
[  275754ms] [WARNING] [PostHog.js] Enqueued failed request for retry in 59944 @ webpack-internal:///(app-pages-browser)/./node_modules/.pnpm/posthog-js@1.309.1/node_modules/posthog-js/dist/module.js:21
[  275754ms] [ERROR] Failed to load resource: net::ERR_CONNECTION_REFUSED @ http://localhost:3111/ingest/s/?retry_count=2&ip=0&_=1790129564923&ver=1.309.1&compression=gzip-js:0
[  275754ms] [ERROR] [PostHog.js] TypeError: Failed to fetch
    at method (webpack-internal:///(app-pages-browser)/./node_modules/.pnpm/posthog-js@1.309.1/node_modules/posthog-js/dist/module.js:22:71863)
    at eval (webpack-internal:///(app-pages-browser)/./node_modules/.pnpm/posthog-js@1.309.1/node_modules/posthog-js/dist/module.js:22:149004)
    at qo._send_request (webpack-internal:///(app-pages-browser)/./node_modules/.pnpm/posthog-js@1.309.1/node_modules/posthog-js/dist/module.js:22:149010)
    at go.retriableRequest (webpack-internal:///(app-pages-browser)/./node_modules/.pnpm/posthog-js@1.309.1/node_modules/posthog-js/dist/module.js:22:115497)
    at go.Lt (webpack-internal:///(app-pages-browser)/./node_modules/.pnpm/posthog-js@1.309.1/node_modules/posthog-js/dist/module.js:22:116384)
    at eval (webpack-internal:///(app-pages-browser)/./node_modules/.pnpm/posthog-js@1.309.1/node_modules/posthog-js/dist/module.js:22:116221) @ webpack-internal:///(app-pages-browser)/./node_modules/.pnpm/next@15.2.6_react-dom@19.0.0_react@19.0.0__react@19.0.0/node_modules/next/dist/client/components/globals/intercept-console-error.js:49
[  275755ms] [WARNING] [PostHog.js] Enqueued failed request for retry in 13350 @ webpack-internal:///(app-pages-browser)/./node_modules/.pnpm/posthog-js@1.309.1/node_modules/posthog-js/dist/module.js:21
[  275755ms] [ERROR] Failed to load resource: net::ERR_CONNECTION_REFUSED @ http://localhost:3111/ingest/s/?retry_count=2&ip=0&_=1790129564924&ver=1.309.1&compression=gzip-js:0
[  275755ms] [ERROR] [PostHog.js] TypeError: Failed to fetch
    at method (webpack-internal:///(app-pages-browser)/./node_modules/.pnpm/posthog-js@1.309.1/node_modules/posthog-js/dist/module.js:22:71863)
    at eval (webpack-internal:///(app-pages-browser)/./node_modules/.pnpm/posthog-js@1.309.1/node_modules/posthog-js/dist/module.js:22:149004)
    at qo._send_request (webpack-internal:///(app-pages-browser)/./node_modules/.pnpm/posthog-js@1.309.1/node_modules/posthog-js/dist/module.js:22:149010)
    at go.retriableRequest (webpack-internal:///(app-pages-browser)/./node_modules/.pnpm/posthog-js@1.309.1/node_modules/posthog-js/dist/module.js:22:115497)
    at go.Lt (webpack-internal:///(app-pages-browser)/./node_modules/.pnpm/posthog-js@1.309.1/node_modules/posthog-js/dist/module.js:22:116384)
    at eval (webpack-internal:///(app-pages-browser)/./node_modules/.pnpm/posthog-js@1.309.1/node_modules/posthog-js/dist/module.js:22:116221) @ webpack-internal:///(app-pages-browser)/./node_modules/.pnpm/next@15.2.6_react-dom@19.0.0_react@19.0.0__react@19.0.0/node_modules/next/dist/client/components/globals/intercept-console-error.js:49
[  275755ms] [WARNING] [PostHog.js] Enqueued failed request for retry in 10585 @ webpack-internal:///(app-pages-browser)/./node_modules/.pnpm/posthog-js@1.309.1/node_modules/posthog-js/dist/module.js:21
[  275761ms] [ERROR] Failed to load resource: net::ERR_CONNECTION_REFUSED @ http://localhost:3111/__nextjs_original-stack-frames:0
[  277769ms] [LOG] [PostHog.js] send "$snapshot" {uuid: 01a0cc09-74dc-7821-bbf4-c455a8b928b4, event: $snapshot, properties: Object, timestamp: Tue Sep 22 2026 22:12:46 GMT-0400 (Eastern Daylight Time)} @ webpack-internal:///(app-pages-browser)/./node_modules/.pnpm/posthog-js@1.309.1/node_modules/posthog-js/dist/module.js:21
[  277770ms] [ERROR] Failed to load resource: net::ERR_CONNECTION_REFUSED @ http://localhost:3111/ingest/s/?ip=0&_=1790129566939&ver=1.309.1&compression=gzip-js:0
[  277770ms] [ERROR] [PostHog.js] TypeError: Failed to fetch
    at method (webpack-internal:///(app-pages-browser)/./node_modules/.pnpm/posthog-js@1.309.1/node_modules/posthog-js/dist/module.js:22:71863)
    at eval (webpack-internal:///(app-pages-browser)/./node_modules/.pnpm/posthog-js@1.309.1/node_modules/posthog-js/dist/module.js:22:149004)
    at qo._send_request (webpack-internal:///(app-pages-browser)/./node_modules/.pnpm/posthog-js@1.309.1/node_modules/posthog-js/dist/module.js:22:149010)
    at go.retriableRequest (webpack-internal:///(app-pages-browser)/./node_modules/.pnpm/posthog-js@1.309.1/node_modules/posthog-js/dist/module.js:22:115497)
    at qo.Br (webpack-internal:///(app-pages-browser)/./node_modules/.pnpm/posthog-js@1.309.1/node_modules/posthog-js/dist/module.js:22:149216)
    at fo.eval [as xe] (webpack-internal:///(app-pages-browser)/./node_modules/.pnpm/posthog-js@1.309.1/node_modules/posthog-js/dist/module.js:22:142058)
    at e (webpack-internal:///(app-pages-browser)/./node_modules/.pnpm/posthog-js@1.309.1/node_modules/posthog-js/dist/module.js:22:114800)
    at eval (webpack-internal:///(app-pages-browser)/./node_modules/.pnpm/posthog-js@1.309.1/node_modules/posthog-js/dist/module.js:22:114822) @ webpack-internal:///(app-pages-browser)/./node_modules/.pnpm/next@15.2.6_react-dom@19.0.0_react@19.0.0__react@19.0.0/node_modules/next/dist/client/components/globals/intercept-console-error.js:49
[  277770ms] [WARNING] [PostHog.js] Enqueued failed request for retry in 3039 @ webpack-internal:///(app-pages-browser)/./node_modules/.pnpm/posthog-js@1.309.1/node_modules/posthog-js/dist/module.js:21
[  277777ms] [ERROR] Failed to load resource: net::ERR_CONNECTION_REFUSED @ http://localhost:3111/__nextjs_original-stack-frames:0
[  278759ms] [ERROR] Failed to load resource: net::ERR_CONNECTION_REFUSED @ http://localhost:3111/ingest/s/?retry_count=5&ip=0&_=1790129567926&ver=1.309.1&compression=gzip-js:0
[  278759ms] [ERROR] [PostHog.js] TypeError: Failed to fetch
    at method (webpack-internal:///(app-pages-browser)/./node_modules/.pnpm/posthog-js@1.309.1/node_modules/posthog-js/dist/module.js:22:71863)
    at eval (webpack-internal:///(app-pages-browser)/./node_modules/.pnpm/posthog-js@1.309.1/node_modules/posthog-js/dist/module.js:22:149004)
    at qo._send_request (webpack-internal:///(app-pages-browser)/./node_modules/.pnpm/posthog-js@1.309.1/node_modules/posthog-js/dist/module.js:22:149010)
    at go.retriableRequest (webpack-internal:///(app-pages-browser)/./node_modules/.pnpm/posthog-js@1.309.1/node_modules/posthog-js/dist/module.js:22:115497)
    at go.Lt (webpack-internal:///(app-pages-browser)/./node_modules/.pnpm/posthog-js@1.309.1/node_modules/posthog-js/dist/module.js:22:116384)
    at eval (webpack-internal:///(app-pages-browser)/./node_modules/.pnpm/posthog-js@1.309.1/node_modules/posthog-js/dist/module.js:22:116221) @ webpack-internal:///(app-pages-browser)/./node_modules/.pnpm/next@15.2.6_react-dom@19.0.0_react@19.0.0__react@19.0.0/node_modules/next/dist/client/components/globals/intercept-console-error.js:49
[  278759ms] [WARNING] [PostHog.js] Enqueued failed request for retry in 79396 @ webpack-internal:///(app-pages-browser)/./node_modules/.pnpm/posthog-js@1.309.1/node_modules/posthog-js/dist/module.js:21
[  278759ms] [ERROR] Failed to load resource: net::ERR_CONNECTION_REFUSED @ http://localhost:3111/ingest/s/?retry_count=3&ip=0&_=1790129567929&ver=1.309.1&compression=gzip-js:0
[  278760ms] [ERROR] [PostHog.js] TypeError: Failed to fetch
    at method (webpack-internal:///(app-pages-browser)/./node_modules/.pnpm/posthog-js@1.309.1/node_modules/posthog-js/dist/module.js:22:71863)
    at eval (webpack-internal:///(app-pages-browser)/./node_modules/.pnpm/posthog-js@1.309.1/node_modules/posthog-js/dist/module.js:22:149004)
    at qo._send_request (webpack-internal:///(app-pages-browser)/./node_modules/.pnpm/posthog-js@1.309.1/node_modules/posthog-js/dist/module.js:22:149010)
    at go.retriableRequest (webpack-internal:///(app-pages-browser)/./node_modules/.pnpm/posthog-js@1.309.1/node_modules/posthog-js/dist/module.js:22:115497)
    at go.Lt (webpack-internal:///(app-pages-browser)/./node_modules/.pnpm/posthog-js@1.309.1/node_modules/posthog-js/dist/module.js:22:116384)
    at eval (webpack-internal:///(app-pages-browser)/./node_modules/.pnpm/posthog-js@1.309.1/node_modules/posthog-js/dist/module.js:22:116221) @ webpack-internal:///(app-pages-browser)/./node_modules/.pnpm/next@15.2.6_react-dom@19.0.0_react@19.0.0__react@19.0.0/node_modules/next/dist/client/components/globals/intercept-console-error.js:49
[  278760ms] [WARNING] [PostHog.js] Enqueued failed request for retry in 18691 @ webpack-internal:///(app-pages-browser)/./node_modules/.pnpm/posthog-js@1.309.1/node_modules/posthog-js/dist/module.js:21
[  278760ms] [ERROR] Failed to load resource: net::ERR_CONNECTION_REFUSED @ http://localhost:3111/ingest/s/?retry_count=1&ip=0&_=1790129567929&ver=1.309.1&compression=gzip-js:0
[  278760ms] [ERROR] [PostHog.js] TypeError: Failed to fetch
    at method (webpack-internal:///(app-pages-browser)/./node_modules/.pnpm/posthog-js@1.309.1/node_modules/posthog-js/dist/module.js:22:71863)
    at eval (webpack-internal:///(app-pages-browser)/./node_modules/.pnpm/posthog-js@1.309.1/node_modules/posthog-js/dist/module.js:22:149004)
    at qo._send_request (webpack-internal:///(app-pages-browser)/./node_modules/.pnpm/posthog-js@1.309.1/node_modules/posthog-js/dist/module.js:22:149010)
    at go.retriableRequest (webpack-internal:///(app-pages-browser)/./node_modules/.pnpm/posthog-js@1.309.1/node_modules/posthog-js/dist/module.js:22:115497)
    at go.Lt (webpack-internal:///(app-pages-browser)/./node_modules/.pnpm/posthog-js@1.309.1/node_modules/posthog-js/dist/module.js:22:116384)
    at eval (webpack-internal:///(app-pages-browser)/./node_modules/.pnpm/posthog-js@1.309.1/node_modules/posthog-js/dist/module.js:22:116221) @ webpack-internal:///(app-pages-browser)/./node_modules/.pnpm/next@15.2.6_react-dom@19.0.0_react@19.0.0__react@19.0.0/node_modules/next/dist/client/components/globals/intercept-console-error.js:49
[  278760ms] [WARNING] [PostHog.js] Enqueued failed request for retry in 7034 @ webpack-internal:///(app-pages-browser)/./node_modules/.pnpm/posthog-js@1.309.1/node_modules/posthog-js/dist/module.js:21
[  278768ms] [ERROR] Failed to load resource: net::ERR_CONNECTION_REFUSED @ http://localhost:3111/__nextjs_original-stack-frames:0
[  279786ms] [LOG] [PostHog.js] send "$snapshot" {uuid: 01a0cc09-7cbc-75af-9bf4-e58d6060ed1c, event: $snapshot, properties: Object, timestamp: Tue Sep 22 2026 22:12:48 GMT-0400 (Eastern Daylight Time)} @ webpack-internal:///(app-pages-browser)/./node_modules/.pnpm/posthog-js@1.309.1/node_modules/posthog-js/dist/module.js:21
[  280773ms] [ERROR] Failed to load resource: net::ERR_CONNECTION_REFUSED @ http://localhost:3111/ingest/s/?ip=0&_=1790129569941&ver=1.309.1&compression=gzip-js:0
[  280773ms] [ERROR] [PostHog.js] TypeError: Failed to fetch
    at method (webpack-internal:///(app-pages-browser)/./node_modules/.pnpm/posthog-js@1.309.1/node_modules/posthog-js/dist/module.js:22:71863)
    at eval (webpack-internal:///(app-pages-browser)/./node_modules/.pnpm/posthog-js@1.309.1/node_modules/posthog-js/dist/module.js:22:149004)
    at qo._send_request (webpack-internal:///(app-pages-browser)/./node_modules/.pnpm/posthog-js@1.309.1/node_modules/posthog-js/dist/module.js:22:149010)
    at go.retriableRequest (webpack-internal:///(app-pages-browser)/./node_modules/.pnpm/posthog-js@1.309.1/node_modules/posthog-js/dist/module.js:22:115497)
    at qo.Br (webpack-internal:///(app-pages-browser)/./node_modules/.pnpm/posthog-js@1.309.1/node_modules/posthog-js/dist/module.js:22:149216)
    at fo.eval [as xe] (webpack-internal:///(app-pages-browser)/./node_modules/.pnpm/posthog-js@1.309.1/node_modules/posthog-js/dist/module.js:22:142058)
    at e (webpack-internal:///(app-pages-browser)/./node_modules/.pnpm/posthog-js@1.309.1/node_modules/posthog-js/dist/module.js:22:114800)
    at eval (webpack-internal:///(app-pages-browser)/./node_modules/.pnpm/posthog-js@1.309.1/node_modules/posthog-js/dist/module.js:22:114822) @ webpack-internal:///(app-pages-browser)/./node_modules/.pnpm/next@15.2.6_react-dom@19.0.0_react@19.0.0__react@19.0.0/node_modules/next/dist/client/components/globals/intercept-console-error.js:49
[  280773ms] [WARNING] [PostHog.js] Enqueued failed request for retry in 3638 @ webpack-internal:///(app-pages-browser)/./node_modules/.pnpm/posthog-js@1.309.1/node_modules/posthog-js/dist/module.js:21
[  280780ms] [ERROR] Failed to load resource: net::ERR_CONNECTION_REFUSED @ http://localhost:3111/__nextjs_original-stack-frames:0
[  281766ms] [ERROR] Failed to load resource: net::ERR_CONNECTION_REFUSED @ http://localhost:3111/ingest/s/?retry_count=6&ip=0&_=1790129570932&ver=1.309.1&compression=gzip-js:0
[  281766ms] [ERROR] [PostHog.js] TypeError: Failed to fetch
    at method (webpack-internal:///(app-pages-browser)/./node_modules/.pnpm/posthog-js@1.309.1/node_modules/posthog-js/dist/module.js:22:71863)
    at eval (webpack-internal:///(app-pages-browser)/./node_modules/.pnpm/posthog-js@1.309.1/node_modules/posthog-js/dist/module.js:22:149004)
    at qo._send_request (webpack-internal:///(app-pages-browser)/./node_modules/.pnpm/posthog-js@1.309.1/node_modules/posthog-js/dist/module.js:22:149010)
    at go.retriableRequest (webpack-internal:///(app-pages-browser)/./node_modules/.pnpm/posthog-js@1.309.1/node_modules/posthog-js/dist/module.js:22:115497)
    at go.Lt (webpack-internal:///(app-pages-browser)/./node_modules/.pnpm/posthog-js@1.309.1/node_modules/posthog-js/dist/module.js:22:116384)
    at eval (webpack-internal:///(app-pages-browser)/./node_modules/.pnpm/posthog-js@1.309.1/node_modules/posthog-js/dist/module.js:22:116221) @ webpack-internal:///(app-pages-browser)/./node_modules/.pnpm/next@15.2.6_react-dom@19.0.0_react@19.0.0__react@19.0.0/node_modules/next/dist/client/components/globals/intercept-console-error.js:49
[  281766ms] [WARNING] [PostHog.js] Enqueued failed request for retry in 222434 @ webpack-internal:///(app-pages-browser)/./node_modules/.pnpm/posthog-js@1.309.1/node_modules/posthog-js/dist/module.js:21
[  281766ms] [ERROR] Failed to load resource: net::ERR_CONNECTION_REFUSED @ http://localhost:3111/ingest/s/?retry_count=5&ip=0&_=1790129570934&ver=1.309.1&compression=gzip-js:0
[  281766ms] [ERROR] [PostHog.js] TypeError: Failed to fetch
    at method (webpack-internal:///(app-pages-browser)/./node_modules/.pnpm/posthog-js@1.309.1/node_modules/posthog-js/dist/module.js:22:71863)
    at eval (webpack-internal:///(app-pages-browser)/./node_modules/.pnpm/posthog-js@1.309.1/node_modules/posthog-js/dist/module.js:22:149004)
    at qo._send_request (webpack-internal:///(app-pages-browser)/./node_modules/.pnpm/posthog-js@1.309.1/node_modules/posthog-js/dist/module.js:22:149010)
    at go.retriableRequest (webpack-internal:///(app-pages-browser)/./node_modules/.pnpm/posthog-js@1.309.1/node_modules/posthog-js/dist/module.js:22:115497)
    at go.Lt (webpack-internal:///(app-pages-browser)/./node_modules/.pnpm/posthog-js@1.309.1/node_modules/posthog-js/dist/module.js:22:116384)
    at eval (webpack-internal:///(app-pages-browser)/./node_modules/.pnpm/posthog-js@1.309.1/node_modules/posthog-js/dist/module.js:22:116221) @ webpack-internal:///(app-pages-browser)/./node_modules/.pnpm/next@15.2.6_react-dom@19.0.0_react@19.0.0__react@19.0.0/node_modules/next/dist/client/components/globals/intercept-console-error.js:49
[  281767ms] [WARNING] [PostHog.js] Enqueued failed request for retry in 75998 @ webpack-internal:///(app-pages-browser)/./node_modules/.pnpm/posthog-js@1.309.1/node_modules/posthog-js/dist/module.js:21
[  281767ms] [ERROR] Failed to load resource: net::ERR_CONNECTION_REFUSED @ http://localhost:3111/ingest/s/?retry_count=3&ip=0&_=1790129570935&ver=1.309.1&compression=gzip-js:0
[  281767ms] [ERROR] [PostHog.js] TypeError: Failed to fetch
    at method (webpack-internal:///(app-pages-browser)/./node_modules/.pnpm/posthog-js@1.309.1/node_modules/posthog-js/dist/module.js:22:71863)
    at eval (webpack-internal:///(app-pages-browser)/./node_modules/.pnpm/posthog-js@1.309.1/node_modules/posthog-js/dist/module.js:22:149004)
    at qo._send_request (webpack-internal:///(app-pages-browser)/./node_modules/.pnpm/posthog-js@1.309.1/node_modules/posthog-js/dist/module.js:22:149010)
    at go.retriableRequest (webpack-internal:///(app-pages-browser)/./node_modules/.pnpm/posthog-js@1.309.1/node_modules/posthog-js/dist/module.js:22:115497)
    at go.Lt (webpack-internal:///(app-pages-browser)/./node_modules/.pnpm/posthog-js@1.309.1/node_modules/posthog-js/dist/module.js:22:116384)
    at eval (webpack-internal:///(app-pages-browser)/./node_modules/.pnpm/posthog-js@1.309.1/node_modules/posthog-js/dist/module.js:22:116221) @ webpack-internal:///(app-pages-browser)/./node_modules/.pnpm/next@15.2.6_react-dom@19.0.0_react@19.0.0__react@19.0.0/node_modules/next/dist/client/components/globals/intercept-console-error.js:49
[  281767ms] [WARNING] [PostHog.js] Enqueued failed request for retry in 19918 @ webpack-internal:///(app-pages-browser)/./node_modules/.pnpm/posthog-js@1.309.1/node_modules/posthog-js/dist/module.js:21
[  281767ms] [ERROR] Failed to load resource: net::ERR_CONNECTION_REFUSED @ http://localhost:3111/ingest/s/?retry_count=2&ip=0&_=1790129570936&ver=1.309.1&compression=gzip-js:0
[  281767ms] [ERROR] [PostHog.js] TypeError: Failed to fetch
    at method (webpack-internal:///(app-pages-browser)/./node_modules/.pnpm/posthog-js@1.309.1/node_modules/posthog-js/dist/module.js:22:71863)
    at eval (webpack-internal:///(app-pages-browser)/./node_modules/.pnpm/posthog-js@1.309.1/node_modules/posthog-js/dist/module.js:22:149004)
    at qo._send_request (webpack-internal:///(app-pages-browser)/./node_modules/.pnpm/posthog-js@1.309.1/node_modules/posthog-js/dist/module.js:22:149010)
    at go.retriableRequest (webpack-internal:///(app-pages-browser)/./node_modules/.pnpm/posthog-js@1.309.1/node_modules/posthog-js/dist/module.js:22:115497)
    at go.Lt (webpack-internal:///(app-pages-browser)/./node_modules/.pnpm/posthog-js@1.309.1/node_modules/posthog-js/dist/module.js:22:116384)
    at eval (webpack-internal:///(app-pages-browser)/./node_modules/.pnpm/posthog-js@1.309.1/node_modules/posthog-js/dist/module.js:22:116221) @ webpack-internal:///(app-pages-browser)/./node_modules/.pnpm/next@15.2.6_react-dom@19.0.0_react@19.0.0__react@19.0.0/node_modules/next/dist/client/components/globals/intercept-console-error.js:49
[  281767ms] [WARNING] [PostHog.js] Enqueued failed request for retry in 9185 @ webpack-internal:///(app-pages-browser)/./node_modules/.pnpm/posthog-js@1.309.1/node_modules/posthog-js/dist/module.js:21
[  281772ms] [ERROR] Failed to load resource: net::ERR_CONNECTION_REFUSED @ http://localhost:3111/ingest/s/?retry_count=1&ip=0&_=1790129570936&ver=1.309.1&compression=gzip-js:0
[  281772ms] [ERROR] [PostHog.js] TypeError: Failed to fetch
    at method (webpack-internal:///(app-pages-browser)/./node_modules/.pnpm/posthog-js@1.309.1/node_modules/posthog-js/dist/module.js:22:71863)
    at eval (webpack-internal:///(app-pages-browser)/./node_modules/.pnpm/posthog-js@1.309.1/node_modules/posthog-js/dist/module.js:22:149004)
    at qo._send_request (webpack-internal:///(app-pages-browser)/./node_modules/.pnpm/posthog-js@1.309.1/node_modules/posthog-js/dist/module.js:22:149010)
    at go.retriableRequest (webpack-internal:///(app-pages-browser)/./node_modules/.pnpm/posthog-js@1.309.1/node_modules/posthog-js/dist/module.js:22:115497)
    at go.Lt (webpack-internal:///(app-pages-browser)/./node_modules/.pnpm/posthog-js@1.309.1/node_modules/posthog-js/dist/module.js:22:116384)
    at eval (webpack-internal:///(app-pages-browser)/./node_modules/.pnpm/posthog-js@1.309.1/node_modules/posthog-js/dist/module.js:22:116221) @ webpack-internal:///(app-pages-browser)/./node_modules/.pnpm/next@15.2.6_react-dom@19.0.0_react@19.0.0__react@19.0.0/node_modules/next/dist/client/components/globals/intercept-console-error.js:49
[  281772ms] [WARNING] [PostHog.js] Enqueued failed request for retry in 6036 @ webpack-internal:///(app-pages-browser)/./node_modules/.pnpm/posthog-js@1.309.1/node_modules/posthog-js/dist/module.js:21
[  281779ms] [ERROR] Failed to load resource: net::ERR_CONNECTION_REFUSED @ http://localhost:3111/__nextjs_original-stack-frames:0
[  281783ms] [ERROR] Failed to load resource: net::ERR_CONNECTION_REFUSED @ http://localhost:3111/__nextjs_original-stack-frames:0
[  282785ms] [LOG] [PostHog.js] send "$snapshot" {uuid: 01a0cc09-8875-778d-8e0f-63fc79d763b7, event: $snapshot, properties: Object, timestamp: Tue Sep 22 2026 22:12:51 GMT-0400 (Eastern Daylight Time)} @ webpack-internal:///(app-pages-browser)/./node_modules/.pnpm/posthog-js@1.309.1/node_modules/posthog-js/dist/module.js:21
[  284425ms] [LOG] [PostHog.js] send "$$heatmap" {uuid: 01a0cc09-8edb-72e4-8cc7-c68684d537cd, event: $$heatmap, properties: Object, timestamp: Tue Sep 22 2026 22:12:53 GMT-0400 (Eastern Daylight Time)} @ webpack-internal:///(app-pages-browser)/./node_modules/.pnpm/posthog-js@1.309.1/node_modules/posthog-js/dist/module.js:21
[  284425ms] [LOG] [PostHog.js] send "$snapshot" {uuid: 01a0cc09-8edd-785c-8eca-eaaa277e1030, event: $snapshot, properties: Object, timestamp: Tue Sep 22 2026 22:12:53 GMT-0400 (Eastern Daylight Time)} @ webpack-internal:///(app-pages-browser)/./node_modules/.pnpm/posthog-js@1.309.1/node_modules/posthog-js/dist/module.js:21
[  284427ms] [LOG] [PostHog.js] send "$pageleave" {uuid: 01a0cc09-8ede-71ca-b7f9-88c806d0d630, event: $pageleave, properties: Object, timestamp: Tue Sep 22 2026 22:12:53 GMT-0400 (Eastern Daylight Time)} @ webpack-internal:///(app-pages-browser)/./node_modules/.pnpm/posthog-js@1.309.1/node_modules/posthog-js/dist/module.js:21
[  284457ms] [LOG] [PostHog.js] send "$web_vitals" {uuid: 01a0cc09-8efc-7859-a29b-ba33d785f5dc, event: $web_vitals, properties: Object, timestamp: Tue Sep 22 2026 22:12:53 GMT-0400 (Eastern Daylight Time)} @ webpack-internal:///(app-pages-browser)/./node_modules/.pnpm/posthog-js@1.309.1/node_modules/posthog-js/dist/module.js:21
