[     261ms] [INFO] %cDownload the React DevTools for a better development experience: https://react.dev/link/react-devtools font-weight:bold @ webpack-internal:///(app-pages-browser)/./node_modules/.pnpm/next@15.2.6_react-dom@19.0.0_react@19.0.0__react@19.0.0/node_modules/next/dist/compiled/react-dom/cjs/react-dom-client.development.js:24914
[     286ms] [ERROR] [PostHog.js] PostHog was initialized without a token. This likely indicates a misconfiguration. Please check the first argument passed to posthog.init() @ webpack-internal:///(app-pages-browser)/./node_modules/.pnpm/next@15.2.6_react-dom@19.0.0_react@19.0.0__react@19.0.0/node_modules/next/dist/client/components/globals/intercept-console-error.js:49
[    2746ms] [LOG] [Fast Refresh] rebuilding @ webpack-internal:///(app-pages-browser)/./node_modules/.pnpm/next@15.2.6_react-dom@19.0.0_react@19.0.0__react@19.0.0/node_modules/next/dist/client/components/react-dev-overlay/app/hot-reloader-client.js:241
[    2833ms] [LOG] [Fast Refresh] done in 87ms @ webpack-internal:///(app-pages-browser)/./node_modules/.pnpm/next@15.2.6_react-dom@19.0.0_react@19.0.0__react@19.0.0/node_modules/next/dist/client/components/react-dev-overlay/app/hot-reloader-client.js:73
[    2854ms] [LOG] [Fast Refresh] rebuilding @ webpack-internal:///(app-pages-browser)/./node_modules/.pnpm/next@15.2.6_react-dom@19.0.0_react@19.0.0__react@19.0.0/node_modules/next/dist/client/components/react-dev-overlay/app/hot-reloader-client.js:241
[    2917ms] [LOG] [Fast Refresh] done in 63ms @ webpack-internal:///(app-pages-browser)/./node_modules/.pnpm/next@15.2.6_react-dom@19.0.0_react@19.0.0__react@19.0.0/node_modules/next/dist/client/components/react-dev-overlay/app/hot-reloader-client.js:73
[    2949ms] [LOG] [Fast Refresh] rebuilding @ webpack-internal:///(app-pages-browser)/./node_modules/.pnpm/next@15.2.6_react-dom@19.0.0_react@19.0.0__react@19.0.0/node_modules/next/dist/client/components/react-dev-overlay/app/hot-reloader-client.js:241
[    3009ms] [LOG] [Fast Refresh] rebuilding @ webpack-internal:///(app-pages-browser)/./node_modules/.pnpm/next@15.2.6_react-dom@19.0.0_react@19.0.0__react@19.0.0/node_modules/next/dist/client/components/react-dev-overlay/app/hot-reloader-client.js:241
[    3035ms] [LOG] [Fast Refresh] done in 26ms @ webpack-internal:///(app-pages-browser)/./node_modules/.pnpm/next@15.2.6_react-dom@19.0.0_react@19.0.0__react@19.0.0/node_modules/next/dist/client/components/react-dev-overlay/app/hot-reloader-client.js:73
[    3095ms] [LOG] [Fast Refresh] done in 86ms @ webpack-internal:///(app-pages-browser)/./node_modules/.pnpm/next@15.2.6_react-dom@19.0.0_react@19.0.0__react@19.0.0/node_modules/next/dist/client/components/react-dev-overlay/app/hot-reloader-client.js:73
[    3150ms] [LOG] [Fast Refresh] rebuilding @ webpack-internal:///(app-pages-browser)/./node_modules/.pnpm/next@15.2.6_react-dom@19.0.0_react@19.0.0__react@19.0.0/node_modules/next/dist/client/components/react-dev-overlay/app/hot-reloader-client.js:241
[    3211ms] [LOG] [Fast Refresh] rebuilding @ webpack-internal:///(app-pages-browser)/./node_modules/.pnpm/next@15.2.6_react-dom@19.0.0_react@19.0.0__react@19.0.0/node_modules/next/dist/client/components/react-dev-overlay/app/hot-reloader-client.js:241
[    3223ms] [LOG] [Fast Refresh] done in 12ms @ webpack-internal:///(app-pages-browser)/./node_modules/.pnpm/next@15.2.6_react-dom@19.0.0_react@19.0.0__react@19.0.0/node_modules/next/dist/client/components/react-dev-overlay/app/hot-reloader-client.js:73
[    3266ms] [LOG] [Fast Refresh] done in 54ms @ webpack-internal:///(app-pages-browser)/./node_modules/.pnpm/next@15.2.6_react-dom@19.0.0_react@19.0.0__react@19.0.0/node_modules/next/dist/client/components/react-dev-overlay/app/hot-reloader-client.js:73
[    3303ms] [LOG] [Fast Refresh] rebuilding @ webpack-internal:///(app-pages-browser)/./node_modules/.pnpm/next@15.2.6_react-dom@19.0.0_react@19.0.0__react@19.0.0/node_modules/next/dist/client/components/react-dev-overlay/app/hot-reloader-client.js:241
[    3352ms] [LOG] [Fast Refresh] rebuilding @ webpack-internal:///(app-pages-browser)/./node_modules/.pnpm/next@15.2.6_react-dom@19.0.0_react@19.0.0__react@19.0.0/node_modules/next/dist/client/components/react-dev-overlay/app/hot-reloader-client.js:241
[    3359ms] [LOG] [Fast Refresh] done in 6ms @ webpack-internal:///(app-pages-browser)/./node_modules/.pnpm/next@15.2.6_react-dom@19.0.0_react@19.0.0__react@19.0.0/node_modules/next/dist/client/components/react-dev-overlay/app/hot-reloader-client.js:73
[    3403ms] [LOG] [Fast Refresh] done in 50ms @ webpack-internal:///(app-pages-browser)/./node_modules/.pnpm/next@15.2.6_react-dom@19.0.0_react@19.0.0__react@19.0.0/node_modules/next/dist/client/components/react-dev-overlay/app/hot-reloader-client.js:73
[    3406ms] [LOG] [Fast Refresh] rebuilding @ webpack-internal:///(app-pages-browser)/./node_modules/.pnpm/next@15.2.6_react-dom@19.0.0_react@19.0.0__react@19.0.0/node_modules/next/dist/client/components/react-dev-overlay/app/hot-reloader-client.js:241
[    3454ms] [LOG] [Fast Refresh] rebuilding @ webpack-internal:///(app-pages-browser)/./node_modules/.pnpm/next@15.2.6_react-dom@19.0.0_react@19.0.0__react@19.0.0/node_modules/next/dist/client/components/react-dev-overlay/app/hot-reloader-client.js:241
[    3457ms] [LOG] [Fast Refresh] done in 3ms @ webpack-internal:///(app-pages-browser)/./node_modules/.pnpm/next@15.2.6_react-dom@19.0.0_react@19.0.0__react@19.0.0/node_modules/next/dist/client/components/react-dev-overlay/app/hot-reloader-client.js:73
[    3514ms] [LOG] [Fast Refresh] done in 59ms @ webpack-internal:///(app-pages-browser)/./node_modules/.pnpm/next@15.2.6_react-dom@19.0.0_react@19.0.0__react@19.0.0/node_modules/next/dist/client/components/react-dev-overlay/app/hot-reloader-client.js:73
[    3556ms] [LOG] [Fast Refresh] rebuilding @ webpack-internal:///(app-pages-browser)/./node_modules/.pnpm/next@15.2.6_react-dom@19.0.0_react@19.0.0__react@19.0.0/node_modules/next/dist/client/components/react-dev-overlay/app/hot-reloader-client.js:241
[    3607ms] [LOG] [Fast Refresh] rebuilding @ webpack-internal:///(app-pages-browser)/./node_modules/.pnpm/next@15.2.6_react-dom@19.0.0_react@19.0.0__react@19.0.0/node_modules/next/dist/client/components/react-dev-overlay/app/hot-reloader-client.js:241
[    3609ms] [LOG] [Fast Refresh] done in 3ms @ webpack-internal:///(app-pages-browser)/./node_modules/.pnpm/next@15.2.6_react-dom@19.0.0_react@19.0.0__react@19.0.0/node_modules/next/dist/client/components/react-dev-overlay/app/hot-reloader-client.js:73
[    3655ms] [LOG] [Fast Refresh] done in 49ms @ webpack-internal:///(app-pages-browser)/./node_modules/.pnpm/next@15.2.6_react-dom@19.0.0_react@19.0.0__react@19.0.0/node_modules/next/dist/client/components/react-dev-overlay/app/hot-reloader-client.js:73
[    3663ms] [LOG] [Fast Refresh] rebuilding @ webpack-internal:///(app-pages-browser)/./node_modules/.pnpm/next@15.2.6_react-dom@19.0.0_react@19.0.0__react@19.0.0/node_modules/next/dist/client/components/react-dev-overlay/app/hot-reloader-client.js:241
[    3708ms] [LOG] [Fast Refresh] rebuilding @ webpack-internal:///(app-pages-browser)/./node_modules/.pnpm/next@15.2.6_react-dom@19.0.0_react@19.0.0__react@19.0.0/node_modules/next/dist/client/components/react-dev-overlay/app/hot-reloader-client.js:241
[    3716ms] [LOG] [Fast Refresh] done in 9ms @ webpack-internal:///(app-pages-browser)/./node_modules/.pnpm/next@15.2.6_react-dom@19.0.0_react@19.0.0__react@19.0.0/node_modules/next/dist/client/components/react-dev-overlay/app/hot-reloader-client.js:73
[    3755ms] [LOG] [Fast Refresh] done in 47ms @ webpack-internal:///(app-pages-browser)/./node_modules/.pnpm/next@15.2.6_react-dom@19.0.0_react@19.0.0__react@19.0.0/node_modules/next/dist/client/components/react-dev-overlay/app/hot-reloader-client.js:73
[    3758ms] [LOG] [Fast Refresh] rebuilding @ webpack-internal:///(app-pages-browser)/./node_modules/.pnpm/next@15.2.6_react-dom@19.0.0_react@19.0.0__react@19.0.0/node_modules/next/dist/client/components/react-dev-overlay/app/hot-reloader-client.js:241
[    3805ms] [LOG] [Fast Refresh] done in 47ms @ webpack-internal:///(app-pages-browser)/./node_modules/.pnpm/next@15.2.6_react-dom@19.0.0_react@19.0.0__react@19.0.0/node_modules/next/dist/client/components/react-dev-overlay/app/hot-reloader-client.js:73
[    3809ms] [LOG] [Fast Refresh] rebuilding @ webpack-internal:///(app-pages-browser)/./node_modules/.pnpm/next@15.2.6_react-dom@19.0.0_react@19.0.0__react@19.0.0/node_modules/next/dist/client/components/react-dev-overlay/app/hot-reloader-client.js:241
[    3857ms] [LOG] [Fast Refresh] rebuilding @ webpack-internal:///(app-pages-browser)/./node_modules/.pnpm/next@15.2.6_react-dom@19.0.0_react@19.0.0__react@19.0.0/node_modules/next/dist/client/components/react-dev-overlay/app/hot-reloader-client.js:241
[    3860ms] [LOG] [Fast Refresh] done in 2ms @ webpack-internal:///(app-pages-browser)/./node_modules/.pnpm/next@15.2.6_react-dom@19.0.0_react@19.0.0__react@19.0.0/node_modules/next/dist/client/components/react-dev-overlay/app/hot-reloader-client.js:73
[    3904ms] [LOG] [Fast Refresh] done in 47ms @ webpack-internal:///(app-pages-browser)/./node_modules/.pnpm/next@15.2.6_react-dom@19.0.0_react@19.0.0__react@19.0.0/node_modules/next/dist/client/components/react-dev-overlay/app/hot-reloader-client.js:73
[    3907ms] [LOG] [Fast Refresh] rebuilding @ webpack-internal:///(app-pages-browser)/./node_modules/.pnpm/next@15.2.6_react-dom@19.0.0_react@19.0.0__react@19.0.0/node_modules/next/dist/client/components/react-dev-overlay/app/hot-reloader-client.js:241
[    3954ms] [LOG] [Fast Refresh] done in 47ms @ webpack-internal:///(app-pages-browser)/./node_modules/.pnpm/next@15.2.6_react-dom@19.0.0_react@19.0.0__react@19.0.0/node_modules/next/dist/client/components/react-dev-overlay/app/hot-reloader-client.js:73
[    3959ms] [LOG] [Fast Refresh] rebuilding @ webpack-internal:///(app-pages-browser)/./node_modules/.pnpm/next@15.2.6_react-dom@19.0.0_react@19.0.0__react@19.0.0/node_modules/next/dist/client/components/react-dev-overlay/app/hot-reloader-client.js:241
[    4007ms] [LOG] [Fast Refresh] done in 48ms @ webpack-internal:///(app-pages-browser)/./node_modules/.pnpm/next@15.2.6_react-dom@19.0.0_react@19.0.0__react@19.0.0/node_modules/next/dist/client/components/react-dev-overlay/app/hot-reloader-client.js:73
[    4017ms] [LOG] [Fast Refresh] rebuilding @ webpack-internal:///(app-pages-browser)/./node_modules/.pnpm/next@15.2.6_react-dom@19.0.0_react@19.0.0__react@19.0.0/node_modules/next/dist/client/components/react-dev-overlay/app/hot-reloader-client.js:241
[    4068ms] [LOG] [Fast Refresh] done in 52ms @ webpack-internal:///(app-pages-browser)/./node_modules/.pnpm/next@15.2.6_react-dom@19.0.0_react@19.0.0__react@19.0.0/node_modules/next/dist/client/components/react-dev-overlay/app/hot-reloader-client.js:73
[    4110ms] [LOG] [Fast Refresh] rebuilding @ webpack-internal:///(app-pages-browser)/./node_modules/.pnpm/next@15.2.6_react-dom@19.0.0_react@19.0.0__react@19.0.0/node_modules/next/dist/client/components/react-dev-overlay/app/hot-reloader-client.js:241
[    4162ms] [LOG] [Fast Refresh] rebuilding @ webpack-internal:///(app-pages-browser)/./node_modules/.pnpm/next@15.2.6_react-dom@19.0.0_react@19.0.0__react@19.0.0/node_modules/next/dist/client/components/react-dev-overlay/app/hot-reloader-client.js:241
[    4172ms] [LOG] [Fast Refresh] done in 10ms @ webpack-internal:///(app-pages-browser)/./node_modules/.pnpm/next@15.2.6_react-dom@19.0.0_react@19.0.0__react@19.0.0/node_modules/next/dist/client/components/react-dev-overlay/app/hot-reloader-client.js:73
[    4210ms] [LOG] [Fast Refresh] rebuilding @ webpack-internal:///(app-pages-browser)/./node_modules/.pnpm/next@15.2.6_react-dom@19.0.0_react@19.0.0__react@19.0.0/node_modules/next/dist/client/components/react-dev-overlay/app/hot-reloader-client.js:241
[    4213ms] [LOG] [Fast Refresh] done in 3ms @ webpack-internal:///(app-pages-browser)/./node_modules/.pnpm/next@15.2.6_react-dom@19.0.0_react@19.0.0__react@19.0.0/node_modules/next/dist/client/components/react-dev-overlay/app/hot-reloader-client.js:73
[    4257ms] [LOG] [Fast Refresh] done in 48ms @ webpack-internal:///(app-pages-browser)/./node_modules/.pnpm/next@15.2.6_react-dom@19.0.0_react@19.0.0__react@19.0.0/node_modules/next/dist/client/components/react-dev-overlay/app/hot-reloader-client.js:73
[    4261ms] [LOG] [Fast Refresh] rebuilding @ webpack-internal:///(app-pages-browser)/./node_modules/.pnpm/next@15.2.6_react-dom@19.0.0_react@19.0.0__react@19.0.0/node_modules/next/dist/client/components/react-dev-overlay/app/hot-reloader-client.js:241
[    4309ms] [LOG] [Fast Refresh] done in 48ms @ webpack-internal:///(app-pages-browser)/./node_modules/.pnpm/next@15.2.6_react-dom@19.0.0_react@19.0.0__react@19.0.0/node_modules/next/dist/client/components/react-dev-overlay/app/hot-reloader-client.js:73
[    4312ms] [LOG] [Fast Refresh] rebuilding @ webpack-internal:///(app-pages-browser)/./node_modules/.pnpm/next@15.2.6_react-dom@19.0.0_react@19.0.0__react@19.0.0/node_modules/next/dist/client/components/react-dev-overlay/app/hot-reloader-client.js:241
[    4361ms] [LOG] [Fast Refresh] done in 48ms @ webpack-internal:///(app-pages-browser)/./node_modules/.pnpm/next@15.2.6_react-dom@19.0.0_react@19.0.0__react@19.0.0/node_modules/next/dist/client/components/react-dev-overlay/app/hot-reloader-client.js:73
[    4361ms] [LOG] [Fast Refresh] rebuilding @ webpack-internal:///(app-pages-browser)/./node_modules/.pnpm/next@15.2.6_react-dom@19.0.0_react@19.0.0__react@19.0.0/node_modules/next/dist/client/components/react-dev-overlay/app/hot-reloader-client.js:241
[    4410ms] [LOG] [Fast Refresh] done in 48ms @ webpack-internal:///(app-pages-browser)/./node_modules/.pnpm/next@15.2.6_react-dom@19.0.0_react@19.0.0__react@19.0.0/node_modules/next/dist/client/components/react-dev-overlay/app/hot-reloader-client.js:73
[    4414ms] [LOG] [Fast Refresh] rebuilding @ webpack-internal:///(app-pages-browser)/./node_modules/.pnpm/next@15.2.6_react-dom@19.0.0_react@19.0.0__react@19.0.0/node_modules/next/dist/client/components/react-dev-overlay/app/hot-reloader-client.js:241
[    4461ms] [LOG] [Fast Refresh] rebuilding @ webpack-internal:///(app-pages-browser)/./node_modules/.pnpm/next@15.2.6_react-dom@19.0.0_react@19.0.0__react@19.0.0/node_modules/next/dist/client/components/react-dev-overlay/app/hot-reloader-client.js:241
[    4464ms] [LOG] [Fast Refresh] done in 2ms @ webpack-internal:///(app-pages-browser)/./node_modules/.pnpm/next@15.2.6_react-dom@19.0.0_react@19.0.0__react@19.0.0/node_modules/next/dist/client/components/react-dev-overlay/app/hot-reloader-client.js:73
[    4511ms] [LOG] [Fast Refresh] done in 49ms @ webpack-internal:///(app-pages-browser)/./node_modules/.pnpm/next@15.2.6_react-dom@19.0.0_react@19.0.0__react@19.0.0/node_modules/next/dist/client/components/react-dev-overlay/app/hot-reloader-client.js:73
[    4514ms] [LOG] [Fast Refresh] rebuilding @ webpack-internal:///(app-pages-browser)/./node_modules/.pnpm/next@15.2.6_react-dom@19.0.0_react@19.0.0__react@19.0.0/node_modules/next/dist/client/components/react-dev-overlay/app/hot-reloader-client.js:241
[    4559ms] [LOG] [Fast Refresh] done in 46ms @ webpack-internal:///(app-pages-browser)/./node_modules/.pnpm/next@15.2.6_react-dom@19.0.0_react@19.0.0__react@19.0.0/node_modules/next/dist/client/components/react-dev-overlay/app/hot-reloader-client.js:73
[    4563ms] [LOG] [Fast Refresh] rebuilding @ webpack-internal:///(app-pages-browser)/./node_modules/.pnpm/next@15.2.6_react-dom@19.0.0_react@19.0.0__react@19.0.0/node_modules/next/dist/client/components/react-dev-overlay/app/hot-reloader-client.js:241
[    4611ms] [LOG] [Fast Refresh] done in 48ms @ webpack-internal:///(app-pages-browser)/./node_modules/.pnpm/next@15.2.6_react-dom@19.0.0_react@19.0.0__react@19.0.0/node_modules/next/dist/client/components/react-dev-overlay/app/hot-reloader-client.js:73
[    4614ms] [LOG] [Fast Refresh] rebuilding @ webpack-internal:///(app-pages-browser)/./node_modules/.pnpm/next@15.2.6_react-dom@19.0.0_react@19.0.0__react@19.0.0/node_modules/next/dist/client/components/react-dev-overlay/app/hot-reloader-client.js:241
[    4661ms] [LOG] [Fast Refresh] done in 47ms @ webpack-internal:///(app-pages-browser)/./node_modules/.pnpm/next@15.2.6_react-dom@19.0.0_react@19.0.0__react@19.0.0/node_modules/next/dist/client/components/react-dev-overlay/app/hot-reloader-client.js:73
[    4664ms] [LOG] [Fast Refresh] rebuilding @ webpack-internal:///(app-pages-browser)/./node_modules/.pnpm/next@15.2.6_react-dom@19.0.0_react@19.0.0__react@19.0.0/node_modules/next/dist/client/components/react-dev-overlay/app/hot-reloader-client.js:241
[    4709ms] [LOG] [Fast Refresh] done in 45ms @ webpack-internal:///(app-pages-browser)/./node_modules/.pnpm/next@15.2.6_react-dom@19.0.0_react@19.0.0__react@19.0.0/node_modules/next/dist/client/components/react-dev-overlay/app/hot-reloader-client.js:73
[    4713ms] [LOG] [Fast Refresh] rebuilding @ webpack-internal:///(app-pages-browser)/./node_modules/.pnpm/next@15.2.6_react-dom@19.0.0_react@19.0.0__react@19.0.0/node_modules/next/dist/client/components/react-dev-overlay/app/hot-reloader-client.js:241
[    4759ms] [LOG] [Fast Refresh] done in 47ms @ webpack-internal:///(app-pages-browser)/./node_modules/.pnpm/next@15.2.6_react-dom@19.0.0_react@19.0.0__react@19.0.0/node_modules/next/dist/client/components/react-dev-overlay/app/hot-reloader-client.js:73
[    4763ms] [LOG] [Fast Refresh] rebuilding @ webpack-internal:///(app-pages-browser)/./node_modules/.pnpm/next@15.2.6_react-dom@19.0.0_react@19.0.0__react@19.0.0/node_modules/next/dist/client/components/react-dev-overlay/app/hot-reloader-client.js:241
[    4809ms] [LOG] [Fast Refresh] done in 47ms @ webpack-internal:///(app-pages-browser)/./node_modules/.pnpm/next@15.2.6_react-dom@19.0.0_react@19.0.0__react@19.0.0/node_modules/next/dist/client/components/react-dev-overlay/app/hot-reloader-client.js:73
[    4813ms] [LOG] [Fast Refresh] rebuilding @ webpack-internal:///(app-pages-browser)/./node_modules/.pnpm/next@15.2.6_react-dom@19.0.0_react@19.0.0__react@19.0.0/node_modules/next/dist/client/components/react-dev-overlay/app/hot-reloader-client.js:241
[    4860ms] [LOG] [Fast Refresh] done in 48ms @ webpack-internal:///(app-pages-browser)/./node_modules/.pnpm/next@15.2.6_react-dom@19.0.0_react@19.0.0__react@19.0.0/node_modules/next/dist/client/components/react-dev-overlay/app/hot-reloader-client.js:73
[    4864ms] [LOG] [Fast Refresh] rebuilding @ webpack-internal:///(app-pages-browser)/./node_modules/.pnpm/next@15.2.6_react-dom@19.0.0_react@19.0.0__react@19.0.0/node_modules/next/dist/client/components/react-dev-overlay/app/hot-reloader-client.js:241
[    4912ms] [LOG] [Fast Refresh] done in 47ms @ webpack-internal:///(app-pages-browser)/./node_modules/.pnpm/next@15.2.6_react-dom@19.0.0_react@19.0.0__react@19.0.0/node_modules/next/dist/client/components/react-dev-overlay/app/hot-reloader-client.js:73
[    4915ms] [LOG] [Fast Refresh] rebuilding @ webpack-internal:///(app-pages-browser)/./node_modules/.pnpm/next@15.2.6_react-dom@19.0.0_react@19.0.0__react@19.0.0/node_modules/next/dist/client/components/react-dev-overlay/app/hot-reloader-client.js:241
[    4959ms] [LOG] [Fast Refresh] done in 44ms @ webpack-internal:///(app-pages-browser)/./node_modules/.pnpm/next@15.2.6_react-dom@19.0.0_react@19.0.0__react@19.0.0/node_modules/next/dist/client/components/react-dev-overlay/app/hot-reloader-client.js:73
[    4963ms] [LOG] [Fast Refresh] rebuilding @ webpack-internal:///(app-pages-browser)/./node_modules/.pnpm/next@15.2.6_react-dom@19.0.0_react@19.0.0__react@19.0.0/node_modules/next/dist/client/components/react-dev-overlay/app/hot-reloader-client.js:241
[    5010ms] [LOG] [Fast Refresh] done in 47ms @ webpack-internal:///(app-pages-browser)/./node_modules/.pnpm/next@15.2.6_react-dom@19.0.0_react@19.0.0__react@19.0.0/node_modules/next/dist/client/components/react-dev-overlay/app/hot-reloader-client.js:73
[    5014ms] [LOG] [Fast Refresh] rebuilding @ webpack-internal:///(app-pages-browser)/./node_modules/.pnpm/next@15.2.6_react-dom@19.0.0_react@19.0.0__react@19.0.0/node_modules/next/dist/client/components/react-dev-overlay/app/hot-reloader-client.js:241
[    5061ms] [LOG] [Fast Refresh] done in 48ms @ webpack-internal:///(app-pages-browser)/./node_modules/.pnpm/next@15.2.6_react-dom@19.0.0_react@19.0.0__react@19.0.0/node_modules/next/dist/client/components/react-dev-overlay/app/hot-reloader-client.js:73
[    5064ms] [LOG] [Fast Refresh] rebuilding @ webpack-internal:///(app-pages-browser)/./node_modules/.pnpm/next@15.2.6_react-dom@19.0.0_react@19.0.0__react@19.0.0/node_modules/next/dist/client/components/react-dev-overlay/app/hot-reloader-client.js:241
[    5111ms] [LOG] [Fast Refresh] done in 47ms @ webpack-internal:///(app-pages-browser)/./node_modules/.pnpm/next@15.2.6_react-dom@19.0.0_react@19.0.0__react@19.0.0/node_modules/next/dist/client/components/react-dev-overlay/app/hot-reloader-client.js:73
[    5114ms] [LOG] [Fast Refresh] rebuilding @ webpack-internal:///(app-pages-browser)/./node_modules/.pnpm/next@15.2.6_react-dom@19.0.0_react@19.0.0__react@19.0.0/node_modules/next/dist/client/components/react-dev-overlay/app/hot-reloader-client.js:241
[    5162ms] [LOG] [Fast Refresh] done in 47ms @ webpack-internal:///(app-pages-browser)/./node_modules/.pnpm/next@15.2.6_react-dom@19.0.0_react@19.0.0__react@19.0.0/node_modules/next/dist/client/components/react-dev-overlay/app/hot-reloader-client.js:73
[    5165ms] [LOG] [Fast Refresh] rebuilding @ webpack-internal:///(app-pages-browser)/./node_modules/.pnpm/next@15.2.6_react-dom@19.0.0_react@19.0.0__react@19.0.0/node_modules/next/dist/client/components/react-dev-overlay/app/hot-reloader-client.js:241
[    5213ms] [LOG] [Fast Refresh] done in 48ms @ webpack-internal:///(app-pages-browser)/./node_modules/.pnpm/next@15.2.6_react-dom@19.0.0_react@19.0.0__react@19.0.0/node_modules/next/dist/client/components/react-dev-overlay/app/hot-reloader-client.js:73
[    5216ms] [LOG] [Fast Refresh] rebuilding @ webpack-internal:///(app-pages-browser)/./node_modules/.pnpm/next@15.2.6_react-dom@19.0.0_react@19.0.0__react@19.0.0/node_modules/next/dist/client/components/react-dev-overlay/app/hot-reloader-client.js:241
[    5262ms] [LOG] [Fast Refresh] done in 46ms @ webpack-internal:///(app-pages-browser)/./node_modules/.pnpm/next@15.2.6_react-dom@19.0.0_react@19.0.0__react@19.0.0/node_modules/next/dist/client/components/react-dev-overlay/app/hot-reloader-client.js:73
[    5265ms] [LOG] [Fast Refresh] rebuilding @ webpack-internal:///(app-pages-browser)/./node_modules/.pnpm/next@15.2.6_react-dom@19.0.0_react@19.0.0__react@19.0.0/node_modules/next/dist/client/components/react-dev-overlay/app/hot-reloader-client.js:241
[    5311ms] [LOG] [Fast Refresh] done in 47ms @ webpack-internal:///(app-pages-browser)/./node_modules/.pnpm/next@15.2.6_react-dom@19.0.0_react@19.0.0__react@19.0.0/node_modules/next/dist/client/components/react-dev-overlay/app/hot-reloader-client.js:73
[    5314ms] [LOG] [Fast Refresh] rebuilding @ webpack-internal:///(app-pages-browser)/./node_modules/.pnpm/next@15.2.6_react-dom@19.0.0_react@19.0.0__react@19.0.0/node_modules/next/dist/client/components/react-dev-overlay/app/hot-reloader-client.js:241
[    5361ms] [LOG] [Fast Refresh] done in 47ms @ webpack-internal:///(app-pages-browser)/./node_modules/.pnpm/next@15.2.6_react-dom@19.0.0_react@19.0.0__react@19.0.0/node_modules/next/dist/client/components/react-dev-overlay/app/hot-reloader-client.js:73
[    5364ms] [LOG] [Fast Refresh] rebuilding @ webpack-internal:///(app-pages-browser)/./node_modules/.pnpm/next@15.2.6_react-dom@19.0.0_react@19.0.0__react@19.0.0/node_modules/next/dist/client/components/react-dev-overlay/app/hot-reloader-client.js:241
[    5412ms] [LOG] [Fast Refresh] done in 48ms @ webpack-internal:///(app-pages-browser)/./node_modules/.pnpm/next@15.2.6_react-dom@19.0.0_react@19.0.0__react@19.0.0/node_modules/next/dist/client/components/react-dev-overlay/app/hot-reloader-client.js:73
[    5415ms] [LOG] [Fast Refresh] rebuilding @ webpack-internal:///(app-pages-browser)/./node_modules/.pnpm/next@15.2.6_react-dom@19.0.0_react@19.0.0__react@19.0.0/node_modules/next/dist/client/components/react-dev-overlay/app/hot-reloader-client.js:241
[    5461ms] [LOG] [Fast Refresh] done in 46ms @ webpack-internal:///(app-pages-browser)/./node_modules/.pnpm/next@15.2.6_react-dom@19.0.0_react@19.0.0__react@19.0.0/node_modules/next/dist/client/components/react-dev-overlay/app/hot-reloader-client.js:73
[    5464ms] [LOG] [Fast Refresh] rebuilding @ webpack-internal:///(app-pages-browser)/./node_modules/.pnpm/next@15.2.6_react-dom@19.0.0_react@19.0.0__react@19.0.0/node_modules/next/dist/client/components/react-dev-overlay/app/hot-reloader-client.js:241
[    5511ms] [LOG] [Fast Refresh] done in 47ms @ webpack-internal:///(app-pages-browser)/./node_modules/.pnpm/next@15.2.6_react-dom@19.0.0_react@19.0.0__react@19.0.0/node_modules/next/dist/client/components/react-dev-overlay/app/hot-reloader-client.js:73
[    5514ms] [LOG] [Fast Refresh] rebuilding @ webpack-internal:///(app-pages-browser)/./node_modules/.pnpm/next@15.2.6_react-dom@19.0.0_react@19.0.0__react@19.0.0/node_modules/next/dist/client/components/react-dev-overlay/app/hot-reloader-client.js:241
[    5562ms] [LOG] [Fast Refresh] done in 48ms @ webpack-internal:///(app-pages-browser)/./node_modules/.pnpm/next@15.2.6_react-dom@19.0.0_react@19.0.0__react@19.0.0/node_modules/next/dist/client/components/react-dev-overlay/app/hot-reloader-client.js:73
[    5565ms] [LOG] [Fast Refresh] rebuilding @ webpack-internal:///(app-pages-browser)/./node_modules/.pnpm/next@15.2.6_react-dom@19.0.0_react@19.0.0__react@19.0.0/node_modules/next/dist/client/components/react-dev-overlay/app/hot-reloader-client.js:241
[    5611ms] [LOG] [Fast Refresh] done in 46ms @ webpack-internal:///(app-pages-browser)/./node_modules/.pnpm/next@15.2.6_react-dom@19.0.0_react@19.0.0__react@19.0.0/node_modules/next/dist/client/components/react-dev-overlay/app/hot-reloader-client.js:73
[    5614ms] [LOG] [Fast Refresh] rebuilding @ webpack-internal:///(app-pages-browser)/./node_modules/.pnpm/next@15.2.6_react-dom@19.0.0_react@19.0.0__react@19.0.0/node_modules/next/dist/client/components/react-dev-overlay/app/hot-reloader-client.js:241
[    5662ms] [LOG] [Fast Refresh] done in 47ms @ webpack-internal:///(app-pages-browser)/./node_modules/.pnpm/next@15.2.6_react-dom@19.0.0_react@19.0.0__react@19.0.0/node_modules/next/dist/client/components/react-dev-overlay/app/hot-reloader-client.js:73
[    5665ms] [LOG] [Fast Refresh] rebuilding @ webpack-internal:///(app-pages-browser)/./node_modules/.pnpm/next@15.2.6_react-dom@19.0.0_react@19.0.0__react@19.0.0/node_modules/next/dist/client/components/react-dev-overlay/app/hot-reloader-client.js:241
[    5711ms] [LOG] [Fast Refresh] done in 46ms @ webpack-internal:///(app-pages-browser)/./node_modules/.pnpm/next@15.2.6_react-dom@19.0.0_react@19.0.0__react@19.0.0/node_modules/next/dist/client/components/react-dev-overlay/app/hot-reloader-client.js:73
[    5715ms] [LOG] [Fast Refresh] rebuilding @ webpack-internal:///(app-pages-browser)/./node_modules/.pnpm/next@15.2.6_react-dom@19.0.0_react@19.0.0__react@19.0.0/node_modules/next/dist/client/components/react-dev-overlay/app/hot-reloader-client.js:241
[    5765ms] [LOG] [Fast Refresh] rebuilding @ webpack-internal:///(app-pages-browser)/./node_modules/.pnpm/next@15.2.6_react-dom@19.0.0_react@19.0.0__react@19.0.0/node_modules/next/dist/client/components/react-dev-overlay/app/hot-reloader-client.js:241
[    5767ms] [LOG] [Fast Refresh] done in 2ms @ webpack-internal:///(app-pages-browser)/./node_modules/.pnpm/next@15.2.6_react-dom@19.0.0_react@19.0.0__react@19.0.0/node_modules/next/dist/client/components/react-dev-overlay/app/hot-reloader-client.js:73
[    5811ms] [LOG] [Fast Refresh] done in 45ms @ webpack-internal:///(app-pages-browser)/./node_modules/.pnpm/next@15.2.6_react-dom@19.0.0_react@19.0.0__react@19.0.0/node_modules/next/dist/client/components/react-dev-overlay/app/hot-reloader-client.js:73
[    5817ms] [LOG] [Fast Refresh] rebuilding @ webpack-internal:///(app-pages-browser)/./node_modules/.pnpm/next@15.2.6_react-dom@19.0.0_react@19.0.0__react@19.0.0/node_modules/next/dist/client/components/react-dev-overlay/app/hot-reloader-client.js:241
[    5865ms] [LOG] [Fast Refresh] done in 49ms @ webpack-internal:///(app-pages-browser)/./node_modules/.pnpm/next@15.2.6_react-dom@19.0.0_react@19.0.0__react@19.0.0/node_modules/next/dist/client/components/react-dev-overlay/app/hot-reloader-client.js:73
[    5868ms] [LOG] [Fast Refresh] rebuilding @ webpack-internal:///(app-pages-browser)/./node_modules/.pnpm/next@15.2.6_react-dom@19.0.0_react@19.0.0__react@19.0.0/node_modules/next/dist/client/components/react-dev-overlay/app/hot-reloader-client.js:241
[    5911ms] [LOG] [Fast Refresh] done in 43ms @ webpack-internal:///(app-pages-browser)/./node_modules/.pnpm/next@15.2.6_react-dom@19.0.0_react@19.0.0__react@19.0.0/node_modules/next/dist/client/components/react-dev-overlay/app/hot-reloader-client.js:73
[    5915ms] [LOG] [Fast Refresh] rebuilding @ webpack-internal:///(app-pages-browser)/./node_modules/.pnpm/next@15.2.6_react-dom@19.0.0_react@19.0.0__react@19.0.0/node_modules/next/dist/client/components/react-dev-overlay/app/hot-reloader-client.js:241
[    5962ms] [LOG] [Fast Refresh] done in 47ms @ webpack-internal:///(app-pages-browser)/./node_modules/.pnpm/next@15.2.6_react-dom@19.0.0_react@19.0.0__react@19.0.0/node_modules/next/dist/client/components/react-dev-overlay/app/hot-reloader-client.js:73
[    5965ms] [LOG] [Fast Refresh] rebuilding @ webpack-internal:///(app-pages-browser)/./node_modules/.pnpm/next@15.2.6_react-dom@19.0.0_react@19.0.0__react@19.0.0/node_modules/next/dist/client/components/react-dev-overlay/app/hot-reloader-client.js:241
[    6014ms] [LOG] [Fast Refresh] done in 48ms @ webpack-internal:///(app-pages-browser)/./node_modules/.pnpm/next@15.2.6_react-dom@19.0.0_react@19.0.0__react@19.0.0/node_modules/next/dist/client/components/react-dev-overlay/app/hot-reloader-client.js:73
[    6017ms] [LOG] [Fast Refresh] rebuilding @ webpack-internal:///(app-pages-browser)/./node_modules/.pnpm/next@15.2.6_react-dom@19.0.0_react@19.0.0__react@19.0.0/node_modules/next/dist/client/components/react-dev-overlay/app/hot-reloader-client.js:241
[    6063ms] [LOG] [Fast Refresh] done in 46ms @ webpack-internal:///(app-pages-browser)/./node_modules/.pnpm/next@15.2.6_react-dom@19.0.0_react@19.0.0__react@19.0.0/node_modules/next/dist/client/components/react-dev-overlay/app/hot-reloader-client.js:73
[    6067ms] [LOG] [Fast Refresh] rebuilding @ webpack-internal:///(app-pages-browser)/./node_modules/.pnpm/next@15.2.6_react-dom@19.0.0_react@19.0.0__react@19.0.0/node_modules/next/dist/client/components/react-dev-overlay/app/hot-reloader-client.js:241
[    6116ms] [LOG] [Fast Refresh] done in 49ms @ webpack-internal:///(app-pages-browser)/./node_modules/.pnpm/next@15.2.6_react-dom@19.0.0_react@19.0.0__react@19.0.0/node_modules/next/dist/client/components/react-dev-overlay/app/hot-reloader-client.js:73
[    6116ms] [LOG] [Fast Refresh] rebuilding @ webpack-internal:///(app-pages-browser)/./node_modules/.pnpm/next@15.2.6_react-dom@19.0.0_react@19.0.0__react@19.0.0/node_modules/next/dist/client/components/react-dev-overlay/app/hot-reloader-client.js:241
[    6164ms] [LOG] [Fast Refresh] done in 48ms @ webpack-internal:///(app-pages-browser)/./node_modules/.pnpm/next@15.2.6_react-dom@19.0.0_react@19.0.0__react@19.0.0/node_modules/next/dist/client/components/react-dev-overlay/app/hot-reloader-client.js:73
[    6167ms] [LOG] [Fast Refresh] rebuilding @ webpack-internal:///(app-pages-browser)/./node_modules/.pnpm/next@15.2.6_react-dom@19.0.0_react@19.0.0__react@19.0.0/node_modules/next/dist/client/components/react-dev-overlay/app/hot-reloader-client.js:241
[    6216ms] [LOG] [Fast Refresh] rebuilding @ webpack-internal:///(app-pages-browser)/./node_modules/.pnpm/next@15.2.6_react-dom@19.0.0_react@19.0.0__react@19.0.0/node_modules/next/dist/client/components/react-dev-overlay/app/hot-reloader-client.js:241
[    6218ms] [LOG] [Fast Refresh] done in 3ms @ webpack-internal:///(app-pages-browser)/./node_modules/.pnpm/next@15.2.6_react-dom@19.0.0_react@19.0.0__react@19.0.0/node_modules/next/dist/client/components/react-dev-overlay/app/hot-reloader-client.js:73
[    6263ms] [LOG] [Fast Refresh] done in 48ms @ webpack-internal:///(app-pages-browser)/./node_modules/.pnpm/next@15.2.6_react-dom@19.0.0_react@19.0.0__react@19.0.0/node_modules/next/dist/client/components/react-dev-overlay/app/hot-reloader-client.js:73
[    6267ms] [LOG] [Fast Refresh] rebuilding @ webpack-internal:///(app-pages-browser)/./node_modules/.pnpm/next@15.2.6_react-dom@19.0.0_react@19.0.0__react@19.0.0/node_modules/next/dist/client/components/react-dev-overlay/app/hot-reloader-client.js:241
[    6315ms] [LOG] [Fast Refresh] done in 48ms @ webpack-internal:///(app-pages-browser)/./node_modules/.pnpm/next@15.2.6_react-dom@19.0.0_react@19.0.0__react@19.0.0/node_modules/next/dist/client/components/react-dev-overlay/app/hot-reloader-client.js:73
[    6318ms] [LOG] [Fast Refresh] rebuilding @ webpack-internal:///(app-pages-browser)/./node_modules/.pnpm/next@15.2.6_react-dom@19.0.0_react@19.0.0__react@19.0.0/node_modules/next/dist/client/components/react-dev-overlay/app/hot-reloader-client.js:241
[    6367ms] [LOG] [Fast Refresh] rebuilding @ webpack-internal:///(app-pages-browser)/./node_modules/.pnpm/next@15.2.6_react-dom@19.0.0_react@19.0.0__react@19.0.0/node_modules/next/dist/client/components/react-dev-overlay/app/hot-reloader-client.js:241
[    6369ms] [LOG] [Fast Refresh] done in 2ms @ webpack-internal:///(app-pages-browser)/./node_modules/.pnpm/next@15.2.6_react-dom@19.0.0_react@19.0.0__react@19.0.0/node_modules/next/dist/client/components/react-dev-overlay/app/hot-reloader-client.js:73
[    6412ms] [LOG] [Fast Refresh] done in 45ms @ webpack-internal:///(app-pages-browser)/./node_modules/.pnpm/next@15.2.6_react-dom@19.0.0_react@19.0.0__react@19.0.0/node_modules/next/dist/client/components/react-dev-overlay/app/hot-reloader-client.js:73
[    6417ms] [LOG] [Fast Refresh] rebuilding @ webpack-internal:///(app-pages-browser)/./node_modules/.pnpm/next@15.2.6_react-dom@19.0.0_react@19.0.0__react@19.0.0/node_modules/next/dist/client/components/react-dev-overlay/app/hot-reloader-client.js:241
[    6465ms] [LOG] [Fast Refresh] done in 48ms @ webpack-internal:///(app-pages-browser)/./node_modules/.pnpm/next@15.2.6_react-dom@19.0.0_react@19.0.0__react@19.0.0/node_modules/next/dist/client/components/react-dev-overlay/app/hot-reloader-client.js:73
[    6470ms] [LOG] [Fast Refresh] rebuilding @ webpack-internal:///(app-pages-browser)/./node_modules/.pnpm/next@15.2.6_react-dom@19.0.0_react@19.0.0__react@19.0.0/node_modules/next/dist/client/components/react-dev-overlay/app/hot-reloader-client.js:241
[    6521ms] [LOG] [Fast Refresh] done in 51ms @ webpack-internal:///(app-pages-browser)/./node_modules/.pnpm/next@15.2.6_react-dom@19.0.0_react@19.0.0__react@19.0.0/node_modules/next/dist/client/components/react-dev-overlay/app/hot-reloader-client.js:73
[    6526ms] [LOG] [Fast Refresh] rebuilding @ webpack-internal:///(app-pages-browser)/./node_modules/.pnpm/next@15.2.6_react-dom@19.0.0_react@19.0.0__react@19.0.0/node_modules/next/dist/client/components/react-dev-overlay/app/hot-reloader-client.js:241
[    6574ms] [LOG] [Fast Refresh] rebuilding @ webpack-internal:///(app-pages-browser)/./node_modules/.pnpm/next@15.2.6_react-dom@19.0.0_react@19.0.0__react@19.0.0/node_modules/next/dist/client/components/react-dev-overlay/app/hot-reloader-client.js:241
[    6581ms] [LOG] [Fast Refresh] done in 7ms @ webpack-internal:///(app-pages-browser)/./node_modules/.pnpm/next@15.2.6_react-dom@19.0.0_react@19.0.0__react@19.0.0/node_modules/next/dist/client/components/react-dev-overlay/app/hot-reloader-client.js:73
[    6621ms] [LOG] [Fast Refresh] rebuilding @ webpack-internal:///(app-pages-browser)/./node_modules/.pnpm/next@15.2.6_react-dom@19.0.0_react@19.0.0__react@19.0.0/node_modules/next/dist/client/components/react-dev-overlay/app/hot-reloader-client.js:241
[    6629ms] [LOG] [Fast Refresh] done in 9ms @ webpack-internal:///(app-pages-browser)/./node_modules/.pnpm/next@15.2.6_react-dom@19.0.0_react@19.0.0__react@19.0.0/node_modules/next/dist/client/components/react-dev-overlay/app/hot-reloader-client.js:73
[    6670ms] [LOG] [Fast Refresh] rebuilding @ webpack-internal:///(app-pages-browser)/./node_modules/.pnpm/next@15.2.6_react-dom@19.0.0_react@19.0.0__react@19.0.0/node_modules/next/dist/client/components/react-dev-overlay/app/hot-reloader-client.js:241
[    6673ms] [LOG] [Fast Refresh] done in 2ms @ webpack-internal:///(app-pages-browser)/./node_modules/.pnpm/next@15.2.6_react-dom@19.0.0_react@19.0.0__react@19.0.0/node_modules/next/dist/client/components/react-dev-overlay/app/hot-reloader-client.js:73
[    6719ms] [LOG] [Fast Refresh] done in 48ms @ webpack-internal:///(app-pages-browser)/./node_modules/.pnpm/next@15.2.6_react-dom@19.0.0_react@19.0.0__react@19.0.0/node_modules/next/dist/client/components/react-dev-overlay/app/hot-reloader-client.js:73
[    6722ms] [LOG] [Fast Refresh] rebuilding @ webpack-internal:///(app-pages-browser)/./node_modules/.pnpm/next@15.2.6_react-dom@19.0.0_react@19.0.0__react@19.0.0/node_modules/next/dist/client/components/react-dev-overlay/app/hot-reloader-client.js:241
[    6769ms] [LOG] [Fast Refresh] done in 48ms @ webpack-internal:///(app-pages-browser)/./node_modules/.pnpm/next@15.2.6_react-dom@19.0.0_react@19.0.0__react@19.0.0/node_modules/next/dist/client/components/react-dev-overlay/app/hot-reloader-client.js:73
[    6772ms] [LOG] [Fast Refresh] rebuilding @ webpack-internal:///(app-pages-browser)/./node_modules/.pnpm/next@15.2.6_react-dom@19.0.0_react@19.0.0__react@19.0.0/node_modules/next/dist/client/components/react-dev-overlay/app/hot-reloader-client.js:241
[    6820ms] [LOG] [Fast Refresh] rebuilding @ webpack-internal:///(app-pages-browser)/./node_modules/.pnpm/next@15.2.6_react-dom@19.0.0_react@19.0.0__react@19.0.0/node_modules/next/dist/client/components/react-dev-overlay/app/hot-reloader-client.js:241
[    6823ms] [LOG] [Fast Refresh] done in 3ms @ webpack-internal:///(app-pages-browser)/./node_modules/.pnpm/next@15.2.6_react-dom@19.0.0_react@19.0.0__react@19.0.0/node_modules/next/dist/client/components/react-dev-overlay/app/hot-reloader-client.js:73
[    6868ms] [LOG] [Fast Refresh] done in 47ms @ webpack-internal:///(app-pages-browser)/./node_modules/.pnpm/next@15.2.6_react-dom@19.0.0_react@19.0.0__react@19.0.0/node_modules/next/dist/client/components/react-dev-overlay/app/hot-reloader-client.js:73
[    6871ms] [LOG] [Fast Refresh] rebuilding @ webpack-internal:///(app-pages-browser)/./node_modules/.pnpm/next@15.2.6_react-dom@19.0.0_react@19.0.0__react@19.0.0/node_modules/next/dist/client/components/react-dev-overlay/app/hot-reloader-client.js:241
[    6919ms] [LOG] [Fast Refresh] done in 48ms @ webpack-internal:///(app-pages-browser)/./node_modules/.pnpm/next@15.2.6_react-dom@19.0.0_react@19.0.0__react@19.0.0/node_modules/next/dist/client/components/react-dev-overlay/app/hot-reloader-client.js:73
[    6922ms] [LOG] [Fast Refresh] rebuilding @ webpack-internal:///(app-pages-browser)/./node_modules/.pnpm/next@15.2.6_react-dom@19.0.0_react@19.0.0__react@19.0.0/node_modules/next/dist/client/components/react-dev-overlay/app/hot-reloader-client.js:241
[    6971ms] [LOG] [Fast Refresh] done in 49ms @ webpack-internal:///(app-pages-browser)/./node_modules/.pnpm/next@15.2.6_react-dom@19.0.0_react@19.0.0__react@19.0.0/node_modules/next/dist/client/components/react-dev-overlay/app/hot-reloader-client.js:73
[    6976ms] [LOG] [Fast Refresh] rebuilding @ webpack-internal:///(app-pages-browser)/./node_modules/.pnpm/next@15.2.6_react-dom@19.0.0_react@19.0.0__react@19.0.0/node_modules/next/dist/client/components/react-dev-overlay/app/hot-reloader-client.js:241
[    7023ms] [LOG] [Fast Refresh] rebuilding @ webpack-internal:///(app-pages-browser)/./node_modules/.pnpm/next@15.2.6_react-dom@19.0.0_react@19.0.0__react@19.0.0/node_modules/next/dist/client/components/react-dev-overlay/app/hot-reloader-client.js:241
[    7031ms] [LOG] [Fast Refresh] done in 7ms @ webpack-internal:///(app-pages-browser)/./node_modules/.pnpm/next@15.2.6_react-dom@19.0.0_react@19.0.0__react@19.0.0/node_modules/next/dist/client/components/react-dev-overlay/app/hot-reloader-client.js:73
[    7072ms] [LOG] [Fast Refresh] done in 48ms @ webpack-internal:///(app-pages-browser)/./node_modules/.pnpm/next@15.2.6_react-dom@19.0.0_react@19.0.0__react@19.0.0/node_modules/next/dist/client/components/react-dev-overlay/app/hot-reloader-client.js:73
[    7072ms] [LOG] [Fast Refresh] rebuilding @ webpack-internal:///(app-pages-browser)/./node_modules/.pnpm/next@15.2.6_react-dom@19.0.0_react@19.0.0__react@19.0.0/node_modules/next/dist/client/components/react-dev-overlay/app/hot-reloader-client.js:241
[    7120ms] [LOG] [Fast Refresh] done in 49ms @ webpack-internal:///(app-pages-browser)/./node_modules/.pnpm/next@15.2.6_react-dom@19.0.0_react@19.0.0__react@19.0.0/node_modules/next/dist/client/components/react-dev-overlay/app/hot-reloader-client.js:73
[    7125ms] [LOG] [Fast Refresh] rebuilding @ webpack-internal:///(app-pages-browser)/./node_modules/.pnpm/next@15.2.6_react-dom@19.0.0_react@19.0.0__react@19.0.0/node_modules/next/dist/client/components/react-dev-overlay/app/hot-reloader-client.js:241
[    7173ms] [LOG] [Fast Refresh] rebuilding @ webpack-internal:///(app-pages-browser)/./node_modules/.pnpm/next@15.2.6_react-dom@19.0.0_react@19.0.0__react@19.0.0/node_modules/next/dist/client/components/react-dev-overlay/app/hot-reloader-client.js:241
[    7175ms] [LOG] [Fast Refresh] done in 2ms @ webpack-internal:///(app-pages-browser)/./node_modules/.pnpm/next@15.2.6_react-dom@19.0.0_react@19.0.0__react@19.0.0/node_modules/next/dist/client/components/react-dev-overlay/app/hot-reloader-client.js:73
[    7220ms] [LOG] [Fast Refresh] done in 46ms @ webpack-internal:///(app-pages-browser)/./node_modules/.pnpm/next@15.2.6_react-dom@19.0.0_react@19.0.0__react@19.0.0/node_modules/next/dist/client/components/react-dev-overlay/app/hot-reloader-client.js:73
[    7223ms] [LOG] [Fast Refresh] rebuilding @ webpack-internal:///(app-pages-browser)/./node_modules/.pnpm/next@15.2.6_react-dom@19.0.0_react@19.0.0__react@19.0.0/node_modules/next/dist/client/components/react-dev-overlay/app/hot-reloader-client.js:241
[    7270ms] [LOG] [Fast Refresh] done in 47ms @ webpack-internal:///(app-pages-browser)/./node_modules/.pnpm/next@15.2.6_react-dom@19.0.0_react@19.0.0__react@19.0.0/node_modules/next/dist/client/components/react-dev-overlay/app/hot-reloader-client.js:73
[    7277ms] [LOG] [Fast Refresh] rebuilding @ webpack-internal:///(app-pages-browser)/./node_modules/.pnpm/next@15.2.6_react-dom@19.0.0_react@19.0.0__react@19.0.0/node_modules/next/dist/client/components/react-dev-overlay/app/hot-reloader-client.js:241
[    7323ms] [LOG] [Fast Refresh] rebuilding @ webpack-internal:///(app-pages-browser)/./node_modules/.pnpm/next@15.2.6_react-dom@19.0.0_react@19.0.0__react@19.0.0/node_modules/next/dist/client/components/react-dev-overlay/app/hot-reloader-client.js:241
[    7327ms] [LOG] [Fast Refresh] done in 5ms @ webpack-internal:///(app-pages-browser)/./node_modules/.pnpm/next@15.2.6_react-dom@19.0.0_react@19.0.0__react@19.0.0/node_modules/next/dist/client/components/react-dev-overlay/app/hot-reloader-client.js:73
[    7369ms] [LOG] [Fast Refresh] done in 47ms @ webpack-internal:///(app-pages-browser)/./node_modules/.pnpm/next@15.2.6_react-dom@19.0.0_react@19.0.0__react@19.0.0/node_modules/next/dist/client/components/react-dev-overlay/app/hot-reloader-client.js:73
[    7373ms] [LOG] [Fast Refresh] rebuilding @ webpack-internal:///(app-pages-browser)/./node_modules/.pnpm/next@15.2.6_react-dom@19.0.0_react@19.0.0__react@19.0.0/node_modules/next/dist/client/components/react-dev-overlay/app/hot-reloader-client.js:241
[    7419ms] [LOG] [Fast Refresh] done in 45ms @ webpack-internal:///(app-pages-browser)/./node_modules/.pnpm/next@15.2.6_react-dom@19.0.0_react@19.0.0__react@19.0.0/node_modules/next/dist/client/components/react-dev-overlay/app/hot-reloader-client.js:73
[    7423ms] [LOG] [Fast Refresh] rebuilding @ webpack-internal:///(app-pages-browser)/./node_modules/.pnpm/next@15.2.6_react-dom@19.0.0_react@19.0.0__react@19.0.0/node_modules/next/dist/client/components/react-dev-overlay/app/hot-reloader-client.js:241
[    7471ms] [LOG] [Fast Refresh] done in 48ms @ webpack-internal:///(app-pages-browser)/./node_modules/.pnpm/next@15.2.6_react-dom@19.0.0_react@19.0.0__react@19.0.0/node_modules/next/dist/client/components/react-dev-overlay/app/hot-reloader-client.js:73
[    7475ms] [LOG] [Fast Refresh] rebuilding @ webpack-internal:///(app-pages-browser)/./node_modules/.pnpm/next@15.2.6_react-dom@19.0.0_react@19.0.0__react@19.0.0/node_modules/next/dist/client/components/react-dev-overlay/app/hot-reloader-client.js:241
[    7521ms] [LOG] [Fast Refresh] done in 46ms @ webpack-internal:///(app-pages-browser)/./node_modules/.pnpm/next@15.2.6_react-dom@19.0.0_react@19.0.0__react@19.0.0/node_modules/next/dist/client/components/react-dev-overlay/app/hot-reloader-client.js:73
[    7524ms] [LOG] [Fast Refresh] rebuilding @ webpack-internal:///(app-pages-browser)/./node_modules/.pnpm/next@15.2.6_react-dom@19.0.0_react@19.0.0__react@19.0.0/node_modules/next/dist/client/components/react-dev-overlay/app/hot-reloader-client.js:241
[    7571ms] [LOG] [Fast Refresh] done in 48ms @ webpack-internal:///(app-pages-browser)/./node_modules/.pnpm/next@15.2.6_react-dom@19.0.0_react@19.0.0__react@19.0.0/node_modules/next/dist/client/components/react-dev-overlay/app/hot-reloader-client.js:73
[    7576ms] [LOG] [Fast Refresh] rebuilding @ webpack-internal:///(app-pages-browser)/./node_modules/.pnpm/next@15.2.6_react-dom@19.0.0_react@19.0.0__react@19.0.0/node_modules/next/dist/client/components/react-dev-overlay/app/hot-reloader-client.js:241
[    7623ms] [LOG] [Fast Refresh] done in 47ms @ webpack-internal:///(app-pages-browser)/./node_modules/.pnpm/next@15.2.6_react-dom@19.0.0_react@19.0.0__react@19.0.0/node_modules/next/dist/client/components/react-dev-overlay/app/hot-reloader-client.js:73
[    7626ms] [LOG] [Fast Refresh] rebuilding @ webpack-internal:///(app-pages-browser)/./node_modules/.pnpm/next@15.2.6_react-dom@19.0.0_react@19.0.0__react@19.0.0/node_modules/next/dist/client/components/react-dev-overlay/app/hot-reloader-client.js:241
[    7673ms] [LOG] [Fast Refresh] done in 48ms @ webpack-internal:///(app-pages-browser)/./node_modules/.pnpm/next@15.2.6_react-dom@19.0.0_react@19.0.0__react@19.0.0/node_modules/next/dist/client/components/react-dev-overlay/app/hot-reloader-client.js:73
[    7680ms] [LOG] [Fast Refresh] rebuilding @ webpack-internal:///(app-pages-browser)/./node_modules/.pnpm/next@15.2.6_react-dom@19.0.0_react@19.0.0__react@19.0.0/node_modules/next/dist/client/components/react-dev-overlay/app/hot-reloader-client.js:241
[    7724ms] [LOG] [Fast Refresh] rebuilding @ webpack-internal:///(app-pages-browser)/./node_modules/.pnpm/next@15.2.6_react-dom@19.0.0_react@19.0.0__react@19.0.0/node_modules/next/dist/client/components/react-dev-overlay/app/hot-reloader-client.js:241
[    7730ms] [LOG] [Fast Refresh] done in 6ms @ webpack-internal:///(app-pages-browser)/./node_modules/.pnpm/next@15.2.6_react-dom@19.0.0_react@19.0.0__react@19.0.0/node_modules/next/dist/client/components/react-dev-overlay/app/hot-reloader-client.js:73
[    7772ms] [LOG] [Fast Refresh] done in 47ms @ webpack-internal:///(app-pages-browser)/./node_modules/.pnpm/next@15.2.6_react-dom@19.0.0_react@19.0.0__react@19.0.0/node_modules/next/dist/client/components/react-dev-overlay/app/hot-reloader-client.js:73
[    7776ms] [LOG] [Fast Refresh] rebuilding @ webpack-internal:///(app-pages-browser)/./node_modules/.pnpm/next@15.2.6_react-dom@19.0.0_react@19.0.0__react@19.0.0/node_modules/next/dist/client/components/react-dev-overlay/app/hot-reloader-client.js:241
[    7824ms] [LOG] [Fast Refresh] done in 48ms @ webpack-internal:///(app-pages-browser)/./node_modules/.pnpm/next@15.2.6_react-dom@19.0.0_react@19.0.0__react@19.0.0/node_modules/next/dist/client/components/react-dev-overlay/app/hot-reloader-client.js:73
[    7828ms] [LOG] [Fast Refresh] rebuilding @ webpack-internal:///(app-pages-browser)/./node_modules/.pnpm/next@15.2.6_react-dom@19.0.0_react@19.0.0__react@19.0.0/node_modules/next/dist/client/components/react-dev-overlay/app/hot-reloader-client.js:241
[    7874ms] [LOG] [Fast Refresh] done in 47ms @ webpack-internal:///(app-pages-browser)/./node_modules/.pnpm/next@15.2.6_react-dom@19.0.0_react@19.0.0__react@19.0.0/node_modules/next/dist/client/components/react-dev-overlay/app/hot-reloader-client.js:73
[    7877ms] [LOG] [Fast Refresh] rebuilding @ webpack-internal:///(app-pages-browser)/./node_modules/.pnpm/next@15.2.6_react-dom@19.0.0_react@19.0.0__react@19.0.0/node_modules/next/dist/client/components/react-dev-overlay/app/hot-reloader-client.js:241
[    7922ms] [LOG] [Fast Refresh] done in 44ms @ webpack-internal:///(app-pages-browser)/./node_modules/.pnpm/next@15.2.6_react-dom@19.0.0_react@19.0.0__react@19.0.0/node_modules/next/dist/client/components/react-dev-overlay/app/hot-reloader-client.js:73
[    7927ms] [LOG] [Fast Refresh] rebuilding @ webpack-internal:///(app-pages-browser)/./node_modules/.pnpm/next@15.2.6_react-dom@19.0.0_react@19.0.0__react@19.0.0/node_modules/next/dist/client/components/react-dev-overlay/app/hot-reloader-client.js:241
[    7975ms] [LOG] [Fast Refresh] done in 49ms @ webpack-internal:///(app-pages-browser)/./node_modules/.pnpm/next@15.2.6_react-dom@19.0.0_react@19.0.0__react@19.0.0/node_modules/next/dist/client/components/react-dev-overlay/app/hot-reloader-client.js:73
[    7978ms] [LOG] [Fast Refresh] rebuilding @ webpack-internal:///(app-pages-browser)/./node_modules/.pnpm/next@15.2.6_react-dom@19.0.0_react@19.0.0__react@19.0.0/node_modules/next/dist/client/components/react-dev-overlay/app/hot-reloader-client.js:241
[    8036ms] [LOG] [Fast Refresh] done in 58ms @ webpack-internal:///(app-pages-browser)/./node_modules/.pnpm/next@15.2.6_react-dom@19.0.0_react@19.0.0__react@19.0.0/node_modules/next/dist/client/components/react-dev-overlay/app/hot-reloader-client.js:73
[    8079ms] [LOG] [Fast Refresh] rebuilding @ webpack-internal:///(app-pages-browser)/./node_modules/.pnpm/next@15.2.6_react-dom@19.0.0_react@19.0.0__react@19.0.0/node_modules/next/dist/client/components/react-dev-overlay/app/hot-reloader-client.js:241
[    8127ms] [LOG] [Fast Refresh] done in 49ms @ webpack-internal:///(app-pages-browser)/./node_modules/.pnpm/next@15.2.6_react-dom@19.0.0_react@19.0.0__react@19.0.0/node_modules/next/dist/client/components/react-dev-overlay/app/hot-reloader-client.js:73
[    8130ms] [LOG] [Fast Refresh] rebuilding @ webpack-internal:///(app-pages-browser)/./node_modules/.pnpm/next@15.2.6_react-dom@19.0.0_react@19.0.0__react@19.0.0/node_modules/next/dist/client/components/react-dev-overlay/app/hot-reloader-client.js:241
[    8175ms] [LOG] [Fast Refresh] done in 44ms @ webpack-internal:///(app-pages-browser)/./node_modules/.pnpm/next@15.2.6_react-dom@19.0.0_react@19.0.0__react@19.0.0/node_modules/next/dist/client/components/react-dev-overlay/app/hot-reloader-client.js:73
[    8179ms] [LOG] [Fast Refresh] rebuilding @ webpack-internal:///(app-pages-browser)/./node_modules/.pnpm/next@15.2.6_react-dom@19.0.0_react@19.0.0__react@19.0.0/node_modules/next/dist/client/components/react-dev-overlay/app/hot-reloader-client.js:241
[    8223ms] [LOG] [Fast Refresh] done in 45ms @ webpack-internal:///(app-pages-browser)/./node_modules/.pnpm/next@15.2.6_react-dom@19.0.0_react@19.0.0__react@19.0.0/node_modules/next/dist/client/components/react-dev-overlay/app/hot-reloader-client.js:73
[    8229ms] [LOG] [Fast Refresh] rebuilding @ webpack-internal:///(app-pages-browser)/./node_modules/.pnpm/next@15.2.6_react-dom@19.0.0_react@19.0.0__react@19.0.0/node_modules/next/dist/client/components/react-dev-overlay/app/hot-reloader-client.js:241
[    8274ms] [LOG] [Fast Refresh] done in 44ms @ webpack-internal:///(app-pages-browser)/./node_modules/.pnpm/next@15.2.6_react-dom@19.0.0_react@19.0.0__react@19.0.0/node_modules/next/dist/client/components/react-dev-overlay/app/hot-reloader-client.js:73
[    8279ms] [LOG] [Fast Refresh] rebuilding @ webpack-internal:///(app-pages-browser)/./node_modules/.pnpm/next@15.2.6_react-dom@19.0.0_react@19.0.0__react@19.0.0/node_modules/next/dist/client/components/react-dev-overlay/app/hot-reloader-client.js:241
[    8324ms] [LOG] [Fast Refresh] done in 45ms @ webpack-internal:///(app-pages-browser)/./node_modules/.pnpm/next@15.2.6_react-dom@19.0.0_react@19.0.0__react@19.0.0/node_modules/next/dist/client/components/react-dev-overlay/app/hot-reloader-client.js:73
[    8330ms] [LOG] [Fast Refresh] rebuilding @ webpack-internal:///(app-pages-browser)/./node_modules/.pnpm/next@15.2.6_react-dom@19.0.0_react@19.0.0__react@19.0.0/node_modules/next/dist/client/components/react-dev-overlay/app/hot-reloader-client.js:241
[    8378ms] [LOG] [Fast Refresh] done in 47ms @ webpack-internal:///(app-pages-browser)/./node_modules/.pnpm/next@15.2.6_react-dom@19.0.0_react@19.0.0__react@19.0.0/node_modules/next/dist/client/components/react-dev-overlay/app/hot-reloader-client.js:73
[    8380ms] [LOG] [Fast Refresh] rebuilding @ webpack-internal:///(app-pages-browser)/./node_modules/.pnpm/next@15.2.6_react-dom@19.0.0_react@19.0.0__react@19.0.0/node_modules/next/dist/client/components/react-dev-overlay/app/hot-reloader-client.js:241
[    8423ms] [LOG] [Fast Refresh] done in 42ms @ webpack-internal:///(app-pages-browser)/./node_modules/.pnpm/next@15.2.6_react-dom@19.0.0_react@19.0.0__react@19.0.0/node_modules/next/dist/client/components/react-dev-overlay/app/hot-reloader-client.js:73
[    8430ms] [LOG] [Fast Refresh] rebuilding @ webpack-internal:///(app-pages-browser)/./node_modules/.pnpm/next@15.2.6_react-dom@19.0.0_react@19.0.0__react@19.0.0/node_modules/next/dist/client/components/react-dev-overlay/app/hot-reloader-client.js:241
[    8474ms] [LOG] [Fast Refresh] done in 44ms @ webpack-internal:///(app-pages-browser)/./node_modules/.pnpm/next@15.2.6_react-dom@19.0.0_react@19.0.0__react@19.0.0/node_modules/next/dist/client/components/react-dev-overlay/app/hot-reloader-client.js:73
[    8480ms] [LOG] [Fast Refresh] rebuilding @ webpack-internal:///(app-pages-browser)/./node_modules/.pnpm/next@15.2.6_react-dom@19.0.0_react@19.0.0__react@19.0.0/node_modules/next/dist/client/components/react-dev-overlay/app/hot-reloader-client.js:241
[    8526ms] [LOG] [Fast Refresh] done in 47ms @ webpack-internal:///(app-pages-browser)/./node_modules/.pnpm/next@15.2.6_react-dom@19.0.0_react@19.0.0__react@19.0.0/node_modules/next/dist/client/components/react-dev-overlay/app/hot-reloader-client.js:73
[    8531ms] [LOG] [Fast Refresh] rebuilding @ webpack-internal:///(app-pages-browser)/./node_modules/.pnpm/next@15.2.6_react-dom@19.0.0_react@19.0.0__react@19.0.0/node_modules/next/dist/client/components/react-dev-overlay/app/hot-reloader-client.js:241
[    8575ms] [LOG] [Fast Refresh] done in 44ms @ webpack-internal:///(app-pages-browser)/./node_modules/.pnpm/next@15.2.6_react-dom@19.0.0_react@19.0.0__react@19.0.0/node_modules/next/dist/client/components/react-dev-overlay/app/hot-reloader-client.js:73
[    8580ms] [LOG] [Fast Refresh] rebuilding @ webpack-internal:///(app-pages-browser)/./node_modules/.pnpm/next@15.2.6_react-dom@19.0.0_react@19.0.0__react@19.0.0/node_modules/next/dist/client/components/react-dev-overlay/app/hot-reloader-client.js:241
[    8624ms] [LOG] [Fast Refresh] done in 44ms @ webpack-internal:///(app-pages-browser)/./node_modules/.pnpm/next@15.2.6_react-dom@19.0.0_react@19.0.0__react@19.0.0/node_modules/next/dist/client/components/react-dev-overlay/app/hot-reloader-client.js:73
[    8630ms] [LOG] [Fast Refresh] rebuilding @ webpack-internal:///(app-pages-browser)/./node_modules/.pnpm/next@15.2.6_react-dom@19.0.0_react@19.0.0__react@19.0.0/node_modules/next/dist/client/components/react-dev-overlay/app/hot-reloader-client.js:241
[    8676ms] [LOG] [Fast Refresh] done in 45ms @ webpack-internal:///(app-pages-browser)/./node_modules/.pnpm/next@15.2.6_react-dom@19.0.0_react@19.0.0__react@19.0.0/node_modules/next/dist/client/components/react-dev-overlay/app/hot-reloader-client.js:73
[    8685ms] [LOG] [Fast Refresh] rebuilding @ webpack-internal:///(app-pages-browser)/./node_modules/.pnpm/next@15.2.6_react-dom@19.0.0_react@19.0.0__react@19.0.0/node_modules/next/dist/client/components/react-dev-overlay/app/hot-reloader-client.js:241
[    8731ms] [LOG] [Fast Refresh] done in 46ms @ webpack-internal:///(app-pages-browser)/./node_modules/.pnpm/next@15.2.6_react-dom@19.0.0_react@19.0.0__react@19.0.0/node_modules/next/dist/client/components/react-dev-overlay/app/hot-reloader-client.js:73
[    8734ms] [LOG] [Fast Refresh] rebuilding @ webpack-internal:///(app-pages-browser)/./node_modules/.pnpm/next@15.2.6_react-dom@19.0.0_react@19.0.0__react@19.0.0/node_modules/next/dist/client/components/react-dev-overlay/app/hot-reloader-client.js:241
[    8776ms] [LOG] [Fast Refresh] done in 42ms @ webpack-internal:///(app-pages-browser)/./node_modules/.pnpm/next@15.2.6_react-dom@19.0.0_react@19.0.0__react@19.0.0/node_modules/next/dist/client/components/react-dev-overlay/app/hot-reloader-client.js:73
[    8782ms] [LOG] [Fast Refresh] rebuilding @ webpack-internal:///(app-pages-browser)/./node_modules/.pnpm/next@15.2.6_react-dom@19.0.0_react@19.0.0__react@19.0.0/node_modules/next/dist/client/components/react-dev-overlay/app/hot-reloader-client.js:241
[    8826ms] [LOG] [Fast Refresh] done in 43ms @ webpack-internal:///(app-pages-browser)/./node_modules/.pnpm/next@15.2.6_react-dom@19.0.0_react@19.0.0__react@19.0.0/node_modules/next/dist/client/components/react-dev-overlay/app/hot-reloader-client.js:73
[    8832ms] [LOG] [Fast Refresh] rebuilding @ webpack-internal:///(app-pages-browser)/./node_modules/.pnpm/next@15.2.6_react-dom@19.0.0_react@19.0.0__react@19.0.0/node_modules/next/dist/client/components/react-dev-overlay/app/hot-reloader-client.js:241
[    8875ms] [LOG] [Fast Refresh] done in 43ms @ webpack-internal:///(app-pages-browser)/./node_modules/.pnpm/next@15.2.6_react-dom@19.0.0_react@19.0.0__react@19.0.0/node_modules/next/dist/client/components/react-dev-overlay/app/hot-reloader-client.js:73
[    8885ms] [LOG] [Fast Refresh] rebuilding @ webpack-internal:///(app-pages-browser)/./node_modules/.pnpm/next@15.2.6_react-dom@19.0.0_react@19.0.0__react@19.0.0/node_modules/next/dist/client/components/react-dev-overlay/app/hot-reloader-client.js:241
[    8930ms] [LOG] [Fast Refresh] done in 45ms @ webpack-internal:///(app-pages-browser)/./node_modules/.pnpm/next@15.2.6_react-dom@19.0.0_react@19.0.0__react@19.0.0/node_modules/next/dist/client/components/react-dev-overlay/app/hot-reloader-client.js:73
[    8933ms] [LOG] [Fast Refresh] rebuilding @ webpack-internal:///(app-pages-browser)/./node_modules/.pnpm/next@15.2.6_react-dom@19.0.0_react@19.0.0__react@19.0.0/node_modules/next/dist/client/components/react-dev-overlay/app/hot-reloader-client.js:241
[    8975ms] [LOG] [Fast Refresh] done in 42ms @ webpack-internal:///(app-pages-browser)/./node_modules/.pnpm/next@15.2.6_react-dom@19.0.0_react@19.0.0__react@19.0.0/node_modules/next/dist/client/components/react-dev-overlay/app/hot-reloader-client.js:73
[    8983ms] [LOG] [Fast Refresh] rebuilding @ webpack-internal:///(app-pages-browser)/./node_modules/.pnpm/next@15.2.6_react-dom@19.0.0_react@19.0.0__react@19.0.0/node_modules/next/dist/client/components/react-dev-overlay/app/hot-reloader-client.js:241
[    9026ms] [LOG] [Fast Refresh] done in 42ms @ webpack-internal:///(app-pages-browser)/./node_modules/.pnpm/next@15.2.6_react-dom@19.0.0_react@19.0.0__react@19.0.0/node_modules/next/dist/client/components/react-dev-overlay/app/hot-reloader-client.js:73
[    9032ms] [LOG] [Fast Refresh] rebuilding @ webpack-internal:///(app-pages-browser)/./node_modules/.pnpm/next@15.2.6_react-dom@19.0.0_react@19.0.0__react@19.0.0/node_modules/next/dist/client/components/react-dev-overlay/app/hot-reloader-client.js:241
[    9078ms] [LOG] [Fast Refresh] done in 45ms @ webpack-internal:///(app-pages-browser)/./node_modules/.pnpm/next@15.2.6_react-dom@19.0.0_react@19.0.0__react@19.0.0/node_modules/next/dist/client/components/react-dev-overlay/app/hot-reloader-client.js:73
[    9083ms] [LOG] [Fast Refresh] rebuilding @ webpack-internal:///(app-pages-browser)/./node_modules/.pnpm/next@15.2.6_react-dom@19.0.0_react@19.0.0__react@19.0.0/node_modules/next/dist/client/components/react-dev-overlay/app/hot-reloader-client.js:241
[    9127ms] [LOG] [Fast Refresh] done in 45ms @ webpack-internal:///(app-pages-browser)/./node_modules/.pnpm/next@15.2.6_react-dom@19.0.0_react@19.0.0__react@19.0.0/node_modules/next/dist/client/components/react-dev-overlay/app/hot-reloader-client.js:73
[    9136ms] [LOG] [Fast Refresh] rebuilding @ webpack-internal:///(app-pages-browser)/./node_modules/.pnpm/next@15.2.6_react-dom@19.0.0_react@19.0.0__react@19.0.0/node_modules/next/dist/client/components/react-dev-overlay/app/hot-reloader-client.js:241
[    9183ms] [LOG] [Fast Refresh] done in 46ms @ webpack-internal:///(app-pages-browser)/./node_modules/.pnpm/next@15.2.6_react-dom@19.0.0_react@19.0.0__react@19.0.0/node_modules/next/dist/client/components/react-dev-overlay/app/hot-reloader-client.js:73
[    9186ms] [LOG] [Fast Refresh] rebuilding @ webpack-internal:///(app-pages-browser)/./node_modules/.pnpm/next@15.2.6_react-dom@19.0.0_react@19.0.0__react@19.0.0/node_modules/next/dist/client/components/react-dev-overlay/app/hot-reloader-client.js:241
[    9229ms] [LOG] [Fast Refresh] done in 43ms @ webpack-internal:///(app-pages-browser)/./node_modules/.pnpm/next@15.2.6_react-dom@19.0.0_react@19.0.0__react@19.0.0/node_modules/next/dist/client/components/react-dev-overlay/app/hot-reloader-client.js:73
[    9234ms] [LOG] [Fast Refresh] rebuilding @ webpack-internal:///(app-pages-browser)/./node_modules/.pnpm/next@15.2.6_react-dom@19.0.0_react@19.0.0__react@19.0.0/node_modules/next/dist/client/components/react-dev-overlay/app/hot-reloader-client.js:241
[    9282ms] [LOG] [Fast Refresh] done in 49ms @ webpack-internal:///(app-pages-browser)/./node_modules/.pnpm/next@15.2.6_react-dom@19.0.0_react@19.0.0__react@19.0.0/node_modules/next/dist/client/components/react-dev-overlay/app/hot-reloader-client.js:73
[    9285ms] [LOG] [Fast Refresh] rebuilding @ webpack-internal:///(app-pages-browser)/./node_modules/.pnpm/next@15.2.6_react-dom@19.0.0_react@19.0.0__react@19.0.0/node_modules/next/dist/client/components/react-dev-overlay/app/hot-reloader-client.js:241
[    9329ms] [LOG] [Fast Refresh] done in 45ms @ webpack-internal:///(app-pages-browser)/./node_modules/.pnpm/next@15.2.6_react-dom@19.0.0_react@19.0.0__react@19.0.0/node_modules/next/dist/client/components/react-dev-overlay/app/hot-reloader-client.js:73
[    9334ms] [LOG] [Fast Refresh] rebuilding @ webpack-internal:///(app-pages-browser)/./node_modules/.pnpm/next@15.2.6_react-dom@19.0.0_react@19.0.0__react@19.0.0/node_modules/next/dist/client/components/react-dev-overlay/app/hot-reloader-client.js:241
[    9379ms] [LOG] [Fast Refresh] done in 44ms @ webpack-internal:///(app-pages-browser)/./node_modules/.pnpm/next@15.2.6_react-dom@19.0.0_react@19.0.0__react@19.0.0/node_modules/next/dist/client/components/react-dev-overlay/app/hot-reloader-client.js:73
[    9385ms] [LOG] [Fast Refresh] rebuilding @ webpack-internal:///(app-pages-browser)/./node_modules/.pnpm/next@15.2.6_react-dom@19.0.0_react@19.0.0__react@19.0.0/node_modules/next/dist/client/components/react-dev-overlay/app/hot-reloader-client.js:241
[    9428ms] [LOG] [Fast Refresh] done in 43ms @ webpack-internal:///(app-pages-browser)/./node_modules/.pnpm/next@15.2.6_react-dom@19.0.0_react@19.0.0__react@19.0.0/node_modules/next/dist/client/components/react-dev-overlay/app/hot-reloader-client.js:73
[    9435ms] [LOG] [Fast Refresh] rebuilding @ webpack-internal:///(app-pages-browser)/./node_modules/.pnpm/next@15.2.6_react-dom@19.0.0_react@19.0.0__react@19.0.0/node_modules/next/dist/client/components/react-dev-overlay/app/hot-reloader-client.js:241
[    9478ms] [LOG] [Fast Refresh] done in 42ms @ webpack-internal:///(app-pages-browser)/./node_modules/.pnpm/next@15.2.6_react-dom@19.0.0_react@19.0.0__react@19.0.0/node_modules/next/dist/client/components/react-dev-overlay/app/hot-reloader-client.js:73
[    9484ms] [LOG] [Fast Refresh] rebuilding @ webpack-internal:///(app-pages-browser)/./node_modules/.pnpm/next@15.2.6_react-dom@19.0.0_react@19.0.0__react@19.0.0/node_modules/next/dist/client/components/react-dev-overlay/app/hot-reloader-client.js:241
[    9529ms] [LOG] [Fast Refresh] done in 46ms @ webpack-internal:///(app-pages-browser)/./node_modules/.pnpm/next@15.2.6_react-dom@19.0.0_react@19.0.0__react@19.0.0/node_modules/next/dist/client/components/react-dev-overlay/app/hot-reloader-client.js:73
[    9538ms] [LOG] [Fast Refresh] rebuilding @ webpack-internal:///(app-pages-browser)/./node_modules/.pnpm/next@15.2.6_react-dom@19.0.0_react@19.0.0__react@19.0.0/node_modules/next/dist/client/components/react-dev-overlay/app/hot-reloader-client.js:241
[    9582ms] [LOG] [Fast Refresh] done in 45ms @ webpack-internal:///(app-pages-browser)/./node_modules/.pnpm/next@15.2.6_react-dom@19.0.0_react@19.0.0__react@19.0.0/node_modules/next/dist/client/components/react-dev-overlay/app/hot-reloader-client.js:73
[    9585ms] [LOG] [Fast Refresh] rebuilding @ webpack-internal:///(app-pages-browser)/./node_modules/.pnpm/next@15.2.6_react-dom@19.0.0_react@19.0.0__react@19.0.0/node_modules/next/dist/client/components/react-dev-overlay/app/hot-reloader-client.js:241
[    9630ms] [LOG] [Fast Refresh] done in 45ms @ webpack-internal:///(app-pages-browser)/./node_modules/.pnpm/next@15.2.6_react-dom@19.0.0_react@19.0.0__react@19.0.0/node_modules/next/dist/client/components/react-dev-overlay/app/hot-reloader-client.js:73
[    9635ms] [LOG] [Fast Refresh] rebuilding @ webpack-internal:///(app-pages-browser)/./node_modules/.pnpm/next@15.2.6_react-dom@19.0.0_react@19.0.0__react@19.0.0/node_modules/next/dist/client/components/react-dev-overlay/app/hot-reloader-client.js:241
[    9679ms] [LOG] [Fast Refresh] done in 45ms @ webpack-internal:///(app-pages-browser)/./node_modules/.pnpm/next@15.2.6_react-dom@19.0.0_react@19.0.0__react@19.0.0/node_modules/next/dist/client/components/react-dev-overlay/app/hot-reloader-client.js:73
[    9686ms] [LOG] [Fast Refresh] rebuilding @ webpack-internal:///(app-pages-browser)/./node_modules/.pnpm/next@15.2.6_react-dom@19.0.0_react@19.0.0__react@19.0.0/node_modules/next/dist/client/components/react-dev-overlay/app/hot-reloader-client.js:241
[    9730ms] [LOG] [Fast Refresh] done in 44ms @ webpack-internal:///(app-pages-browser)/./node_modules/.pnpm/next@15.2.6_react-dom@19.0.0_react@19.0.0__react@19.0.0/node_modules/next/dist/client/components/react-dev-overlay/app/hot-reloader-client.js:73
[    9735ms] [LOG] [Fast Refresh] rebuilding @ webpack-internal:///(app-pages-browser)/./node_modules/.pnpm/next@15.2.6_react-dom@19.0.0_react@19.0.0__react@19.0.0/node_modules/next/dist/client/components/react-dev-overlay/app/hot-reloader-client.js:241
[    9780ms] [LOG] [Fast Refresh] done in 45ms @ webpack-internal:///(app-pages-browser)/./node_modules/.pnpm/next@15.2.6_react-dom@19.0.0_react@19.0.0__react@19.0.0/node_modules/next/dist/client/components/react-dev-overlay/app/hot-reloader-client.js:73
[    9785ms] [LOG] [Fast Refresh] rebuilding @ webpack-internal:///(app-pages-browser)/./node_modules/.pnpm/next@15.2.6_react-dom@19.0.0_react@19.0.0__react@19.0.0/node_modules/next/dist/client/components/react-dev-overlay/app/hot-reloader-client.js:241
[    9832ms] [LOG] [Fast Refresh] done in 47ms @ webpack-internal:///(app-pages-browser)/./node_modules/.pnpm/next@15.2.6_react-dom@19.0.0_react@19.0.0__react@19.0.0/node_modules/next/dist/client/components/react-dev-overlay/app/hot-reloader-client.js:73
[    9835ms] [LOG] [Fast Refresh] rebuilding @ webpack-internal:///(app-pages-browser)/./node_modules/.pnpm/next@15.2.6_react-dom@19.0.0_react@19.0.0__react@19.0.0/node_modules/next/dist/client/components/react-dev-overlay/app/hot-reloader-client.js:241
[    9879ms] [LOG] [Fast Refresh] done in 44ms @ webpack-internal:///(app-pages-browser)/./node_modules/.pnpm/next@15.2.6_react-dom@19.0.0_react@19.0.0__react@19.0.0/node_modules/next/dist/client/components/react-dev-overlay/app/hot-reloader-client.js:73
[    9886ms] [LOG] [Fast Refresh] rebuilding @ webpack-internal:///(app-pages-browser)/./node_modules/.pnpm/next@15.2.6_react-dom@19.0.0_react@19.0.0__react@19.0.0/node_modules/next/dist/client/components/react-dev-overlay/app/hot-reloader-client.js:241
[    9930ms] [LOG] [Fast Refresh] done in 45ms @ webpack-internal:///(app-pages-browser)/./node_modules/.pnpm/next@15.2.6_react-dom@19.0.0_react@19.0.0__react@19.0.0/node_modules/next/dist/client/components/react-dev-overlay/app/hot-reloader-client.js:73
[    9935ms] [LOG] [Fast Refresh] rebuilding @ webpack-internal:///(app-pages-browser)/./node_modules/.pnpm/next@15.2.6_react-dom@19.0.0_react@19.0.0__react@19.0.0/node_modules/next/dist/client/components/react-dev-overlay/app/hot-reloader-client.js:241
[    9981ms] [LOG] [Fast Refresh] done in 47ms @ webpack-internal:///(app-pages-browser)/./node_modules/.pnpm/next@15.2.6_react-dom@19.0.0_react@19.0.0__react@19.0.0/node_modules/next/dist/client/components/react-dev-overlay/app/hot-reloader-client.js:73
[    9986ms] [LOG] [Fast Refresh] rebuilding @ webpack-internal:///(app-pages-browser)/./node_modules/.pnpm/next@15.2.6_react-dom@19.0.0_react@19.0.0__react@19.0.0/node_modules/next/dist/client/components/react-dev-overlay/app/hot-reloader-client.js:241
[   10032ms] [LOG] [Fast Refresh] done in 47ms @ webpack-internal:///(app-pages-browser)/./node_modules/.pnpm/next@15.2.6_react-dom@19.0.0_react@19.0.0__react@19.0.0/node_modules/next/dist/client/components/react-dev-overlay/app/hot-reloader-client.js:73
[   10035ms] [LOG] [Fast Refresh] rebuilding @ webpack-internal:///(app-pages-browser)/./node_modules/.pnpm/next@15.2.6_react-dom@19.0.0_react@19.0.0__react@19.0.0/node_modules/next/dist/client/components/react-dev-overlay/app/hot-reloader-client.js:241
[   10080ms] [LOG] [Fast Refresh] done in 45ms @ webpack-internal:///(app-pages-browser)/./node_modules/.pnpm/next@15.2.6_react-dom@19.0.0_react@19.0.0__react@19.0.0/node_modules/next/dist/client/components/react-dev-overlay/app/hot-reloader-client.js:73
[   10085ms] [LOG] [Fast Refresh] rebuilding @ webpack-internal:///(app-pages-browser)/./node_modules/.pnpm/next@15.2.6_react-dom@19.0.0_react@19.0.0__react@19.0.0/node_modules/next/dist/client/components/react-dev-overlay/app/hot-reloader-client.js:241
[   10130ms] [LOG] [Fast Refresh] done in 44ms @ webpack-internal:///(app-pages-browser)/./node_modules/.pnpm/next@15.2.6_react-dom@19.0.0_react@19.0.0__react@19.0.0/node_modules/next/dist/client/components/react-dev-overlay/app/hot-reloader-client.js:73
[   10136ms] [LOG] [Fast Refresh] rebuilding @ webpack-internal:///(app-pages-browser)/./node_modules/.pnpm/next@15.2.6_react-dom@19.0.0_react@19.0.0__react@19.0.0/node_modules/next/dist/client/components/react-dev-overlay/app/hot-reloader-client.js:241
[   10182ms] [LOG] [Fast Refresh] done in 46ms @ webpack-internal:///(app-pages-browser)/./node_modules/.pnpm/next@15.2.6_react-dom@19.0.0_react@19.0.0__react@19.0.0/node_modules/next/dist/client/components/react-dev-overlay/app/hot-reloader-client.js:73
[   10187ms] [LOG] [Fast Refresh] rebuilding @ webpack-internal:///(app-pages-browser)/./node_modules/.pnpm/next@15.2.6_react-dom@19.0.0_react@19.0.0__react@19.0.0/node_modules/next/dist/client/components/react-dev-overlay/app/hot-reloader-client.js:241
[   10232ms] [LOG] [Fast Refresh] done in 46ms @ webpack-internal:///(app-pages-browser)/./node_modules/.pnpm/next@15.2.6_react-dom@19.0.0_react@19.0.0__react@19.0.0/node_modules/next/dist/client/components/react-dev-overlay/app/hot-reloader-client.js:73
[   10236ms] [LOG] [Fast Refresh] rebuilding @ webpack-internal:///(app-pages-browser)/./node_modules/.pnpm/next@15.2.6_react-dom@19.0.0_react@19.0.0__react@19.0.0/node_modules/next/dist/client/components/react-dev-overlay/app/hot-reloader-client.js:241
[   10281ms] [LOG] [Fast Refresh] done in 45ms @ webpack-internal:///(app-pages-browser)/./node_modules/.pnpm/next@15.2.6_react-dom@19.0.0_react@19.0.0__react@19.0.0/node_modules/next/dist/client/components/react-dev-overlay/app/hot-reloader-client.js:73
[   10286ms] [LOG] [Fast Refresh] rebuilding @ webpack-internal:///(app-pages-browser)/./node_modules/.pnpm/next@15.2.6_react-dom@19.0.0_react@19.0.0__react@19.0.0/node_modules/next/dist/client/components/react-dev-overlay/app/hot-reloader-client.js:241
[   10330ms] [LOG] [Fast Refresh] done in 44ms @ webpack-internal:///(app-pages-browser)/./node_modules/.pnpm/next@15.2.6_react-dom@19.0.0_react@19.0.0__react@19.0.0/node_modules/next/dist/client/components/react-dev-overlay/app/hot-reloader-client.js:73
[   10337ms] [LOG] [Fast Refresh] rebuilding @ webpack-internal:///(app-pages-browser)/./node_modules/.pnpm/next@15.2.6_react-dom@19.0.0_react@19.0.0__react@19.0.0/node_modules/next/dist/client/components/react-dev-overlay/app/hot-reloader-client.js:241
[   10385ms] [LOG] [Fast Refresh] done in 47ms @ webpack-internal:///(app-pages-browser)/./node_modules/.pnpm/next@15.2.6_react-dom@19.0.0_react@19.0.0__react@19.0.0/node_modules/next/dist/client/components/react-dev-overlay/app/hot-reloader-client.js:73
[   10388ms] [LOG] [Fast Refresh] rebuilding @ webpack-internal:///(app-pages-browser)/./node_modules/.pnpm/next@15.2.6_react-dom@19.0.0_react@19.0.0__react@19.0.0/node_modules/next/dist/client/components/react-dev-overlay/app/hot-reloader-client.js:241
[   10433ms] [LOG] [Fast Refresh] done in 45ms @ webpack-internal:///(app-pages-browser)/./node_modules/.pnpm/next@15.2.6_react-dom@19.0.0_react@19.0.0__react@19.0.0/node_modules/next/dist/client/components/react-dev-overlay/app/hot-reloader-client.js:73
[   10437ms] [LOG] [Fast Refresh] rebuilding @ webpack-internal:///(app-pages-browser)/./node_modules/.pnpm/next@15.2.6_react-dom@19.0.0_react@19.0.0__react@19.0.0/node_modules/next/dist/client/components/react-dev-overlay/app/hot-reloader-client.js:241
[   10480ms] [LOG] [Fast Refresh] done in 44ms @ webpack-internal:///(app-pages-browser)/./node_modules/.pnpm/next@15.2.6_react-dom@19.0.0_react@19.0.0__react@19.0.0/node_modules/next/dist/client/components/react-dev-overlay/app/hot-reloader-client.js:73
[   10487ms] [LOG] [Fast Refresh] rebuilding @ webpack-internal:///(app-pages-browser)/./node_modules/.pnpm/next@15.2.6_react-dom@19.0.0_react@19.0.0__react@19.0.0/node_modules/next/dist/client/components/react-dev-overlay/app/hot-reloader-client.js:241
[   10535ms] [LOG] [Fast Refresh] done in 49ms @ webpack-internal:///(app-pages-browser)/./node_modules/.pnpm/next@15.2.6_react-dom@19.0.0_react@19.0.0__react@19.0.0/node_modules/next/dist/client/components/react-dev-overlay/app/hot-reloader-client.js:73
[   10538ms] [LOG] [Fast Refresh] rebuilding @ webpack-internal:///(app-pages-browser)/./node_modules/.pnpm/next@15.2.6_react-dom@19.0.0_react@19.0.0__react@19.0.0/node_modules/next/dist/client/components/react-dev-overlay/app/hot-reloader-client.js:241
[   10582ms] [LOG] [Fast Refresh] done in 44ms @ webpack-internal:///(app-pages-browser)/./node_modules/.pnpm/next@15.2.6_react-dom@19.0.0_react@19.0.0__react@19.0.0/node_modules/next/dist/client/components/react-dev-overlay/app/hot-reloader-client.js:73
[   10587ms] [LOG] [Fast Refresh] rebuilding @ webpack-internal:///(app-pages-browser)/./node_modules/.pnpm/next@15.2.6_react-dom@19.0.0_react@19.0.0__react@19.0.0/node_modules/next/dist/client/components/react-dev-overlay/app/hot-reloader-client.js:241
[   10632ms] [LOG] [Fast Refresh] done in 45ms @ webpack-internal:///(app-pages-browser)/./node_modules/.pnpm/next@15.2.6_react-dom@19.0.0_react@19.0.0__react@19.0.0/node_modules/next/dist/client/components/react-dev-overlay/app/hot-reloader-client.js:73
[   10637ms] [LOG] [Fast Refresh] rebuilding @ webpack-internal:///(app-pages-browser)/./node_modules/.pnpm/next@15.2.6_react-dom@19.0.0_react@19.0.0__react@19.0.0/node_modules/next/dist/client/components/react-dev-overlay/app/hot-reloader-client.js:241
[   10682ms] [LOG] [Fast Refresh] done in 44ms @ webpack-internal:///(app-pages-browser)/./node_modules/.pnpm/next@15.2.6_react-dom@19.0.0_react@19.0.0__react@19.0.0/node_modules/next/dist/client/components/react-dev-overlay/app/hot-reloader-client.js:73
[   10687ms] [LOG] [Fast Refresh] rebuilding @ webpack-internal:///(app-pages-browser)/./node_modules/.pnpm/next@15.2.6_react-dom@19.0.0_react@19.0.0__react@19.0.0/node_modules/next/dist/client/components/react-dev-overlay/app/hot-reloader-client.js:241
[   10748ms] [LOG] [Fast Refresh] rebuilding @ webpack-internal:///(app-pages-browser)/./node_modules/.pnpm/next@15.2.6_react-dom@19.0.0_react@19.0.0__react@19.0.0/node_modules/next/dist/client/components/react-dev-overlay/app/hot-reloader-client.js:241
[   10754ms] [LOG] [Fast Refresh] done in 6ms @ webpack-internal:///(app-pages-browser)/./node_modules/.pnpm/next@15.2.6_react-dom@19.0.0_react@19.0.0__react@19.0.0/node_modules/next/dist/client/components/react-dev-overlay/app/hot-reloader-client.js:73
[   10803ms] [LOG] [Fast Refresh] done in 55ms @ webpack-internal:///(app-pages-browser)/./node_modules/.pnpm/next@15.2.6_react-dom@19.0.0_react@19.0.0__react@19.0.0/node_modules/next/dist/client/components/react-dev-overlay/app/hot-reloader-client.js:73
[   10840ms] [LOG] [Fast Refresh] rebuilding @ webpack-internal:///(app-pages-browser)/./node_modules/.pnpm/next@15.2.6_react-dom@19.0.0_react@19.0.0__react@19.0.0/node_modules/next/dist/client/components/react-dev-overlay/app/hot-reloader-client.js:241
[   10885ms] [LOG] [Fast Refresh] done in 46ms @ webpack-internal:///(app-pages-browser)/./node_modules/.pnpm/next@15.2.6_react-dom@19.0.0_react@19.0.0__react@19.0.0/node_modules/next/dist/client/components/react-dev-overlay/app/hot-reloader-client.js:73
[   10890ms] [LOG] [Fast Refresh] rebuilding @ webpack-internal:///(app-pages-browser)/./node_modules/.pnpm/next@15.2.6_react-dom@19.0.0_react@19.0.0__react@19.0.0/node_modules/next/dist/client/components/react-dev-overlay/app/hot-reloader-client.js:241
[   10935ms] [LOG] [Fast Refresh] done in 46ms @ webpack-internal:///(app-pages-browser)/./node_modules/.pnpm/next@15.2.6_react-dom@19.0.0_react@19.0.0__react@19.0.0/node_modules/next/dist/client/components/react-dev-overlay/app/hot-reloader-client.js:73
[   10940ms] [LOG] [Fast Refresh] rebuilding @ webpack-internal:///(app-pages-browser)/./node_modules/.pnpm/next@15.2.6_react-dom@19.0.0_react@19.0.0__react@19.0.0/node_modules/next/dist/client/components/react-dev-overlay/app/hot-reloader-client.js:241
[   10984ms] [LOG] [Fast Refresh] done in 44ms @ webpack-internal:///(app-pages-browser)/./node_modules/.pnpm/next@15.2.6_react-dom@19.0.0_react@19.0.0__react@19.0.0/node_modules/next/dist/client/components/react-dev-overlay/app/hot-reloader-client.js:73
[   10991ms] [LOG] [Fast Refresh] rebuilding @ webpack-internal:///(app-pages-browser)/./node_modules/.pnpm/next@15.2.6_react-dom@19.0.0_react@19.0.0__react@19.0.0/node_modules/next/dist/client/components/react-dev-overlay/app/hot-reloader-client.js:241
[   11036ms] [LOG] [Fast Refresh] done in 46ms @ webpack-internal:///(app-pages-browser)/./node_modules/.pnpm/next@15.2.6_react-dom@19.0.0_react@19.0.0__react@19.0.0/node_modules/next/dist/client/components/react-dev-overlay/app/hot-reloader-client.js:73
[   11041ms] [LOG] [Fast Refresh] rebuilding @ webpack-internal:///(app-pages-browser)/./node_modules/.pnpm/next@15.2.6_react-dom@19.0.0_react@19.0.0__react@19.0.0/node_modules/next/dist/client/components/react-dev-overlay/app/hot-reloader-client.js:241
[   11086ms] [LOG] [Fast Refresh] done in 46ms @ webpack-internal:///(app-pages-browser)/./node_modules/.pnpm/next@15.2.6_react-dom@19.0.0_react@19.0.0__react@19.0.0/node_modules/next/dist/client/components/react-dev-overlay/app/hot-reloader-client.js:73
[   11090ms] [LOG] [Fast Refresh] rebuilding @ webpack-internal:///(app-pages-browser)/./node_modules/.pnpm/next@15.2.6_react-dom@19.0.0_react@19.0.0__react@19.0.0/node_modules/next/dist/client/components/react-dev-overlay/app/hot-reloader-client.js:241
[   11136ms] [LOG] [Fast Refresh] done in 46ms @ webpack-internal:///(app-pages-browser)/./node_modules/.pnpm/next@15.2.6_react-dom@19.0.0_react@19.0.0__react@19.0.0/node_modules/next/dist/client/components/react-dev-overlay/app/hot-reloader-client.js:73
[   11141ms] [LOG] [Fast Refresh] rebuilding @ webpack-internal:///(app-pages-browser)/./node_modules/.pnpm/next@15.2.6_react-dom@19.0.0_react@19.0.0__react@19.0.0/node_modules/next/dist/client/components/react-dev-overlay/app/hot-reloader-client.js:241
[   11184ms] [LOG] [Fast Refresh] done in 43ms @ webpack-internal:///(app-pages-browser)/./node_modules/.pnpm/next@15.2.6_react-dom@19.0.0_react@19.0.0__react@19.0.0/node_modules/next/dist/client/components/react-dev-overlay/app/hot-reloader-client.js:73
[   11192ms] [LOG] [Fast Refresh] rebuilding @ webpack-internal:///(app-pages-browser)/./node_modules/.pnpm/next@15.2.6_react-dom@19.0.0_react@19.0.0__react@19.0.0/node_modules/next/dist/client/components/react-dev-overlay/app/hot-reloader-client.js:241
[   11237ms] [LOG] [Fast Refresh] done in 46ms @ webpack-internal:///(app-pages-browser)/./node_modules/.pnpm/next@15.2.6_react-dom@19.0.0_react@19.0.0__react@19.0.0/node_modules/next/dist/client/components/react-dev-overlay/app/hot-reloader-client.js:73
[   11241ms] [LOG] [Fast Refresh] rebuilding @ webpack-internal:///(app-pages-browser)/./node_modules/.pnpm/next@15.2.6_react-dom@19.0.0_react@19.0.0__react@19.0.0/node_modules/next/dist/client/components/react-dev-overlay/app/hot-reloader-client.js:241
[   11285ms] [LOG] [Fast Refresh] done in 44ms @ webpack-internal:///(app-pages-browser)/./node_modules/.pnpm/next@15.2.6_react-dom@19.0.0_react@19.0.0__react@19.0.0/node_modules/next/dist/client/components/react-dev-overlay/app/hot-reloader-client.js:73
[   11291ms] [LOG] [Fast Refresh] rebuilding @ webpack-internal:///(app-pages-browser)/./node_modules/.pnpm/next@15.2.6_react-dom@19.0.0_react@19.0.0__react@19.0.0/node_modules/next/dist/client/components/react-dev-overlay/app/hot-reloader-client.js:241
[   11336ms] [LOG] [Fast Refresh] done in 45ms @ webpack-internal:///(app-pages-browser)/./node_modules/.pnpm/next@15.2.6_react-dom@19.0.0_react@19.0.0__react@19.0.0/node_modules/next/dist/client/components/react-dev-overlay/app/hot-reloader-client.js:73
[   11342ms] [LOG] [Fast Refresh] rebuilding @ webpack-internal:///(app-pages-browser)/./node_modules/.pnpm/next@15.2.6_react-dom@19.0.0_react@19.0.0__react@19.0.0/node_modules/next/dist/client/components/react-dev-overlay/app/hot-reloader-client.js:241
[   11390ms] [LOG] [Fast Refresh] done in 48ms @ webpack-internal:///(app-pages-browser)/./node_modules/.pnpm/next@15.2.6_react-dom@19.0.0_react@19.0.0__react@19.0.0/node_modules/next/dist/client/components/react-dev-overlay/app/hot-reloader-client.js:73
[   11393ms] [LOG] [Fast Refresh] rebuilding @ webpack-internal:///(app-pages-browser)/./node_modules/.pnpm/next@15.2.6_react-dom@19.0.0_react@19.0.0__react@19.0.0/node_modules/next/dist/client/components/react-dev-overlay/app/hot-reloader-client.js:241
[   11439ms] [LOG] [Fast Refresh] done in 46ms @ webpack-internal:///(app-pages-browser)/./node_modules/.pnpm/next@15.2.6_react-dom@19.0.0_react@19.0.0__react@19.0.0/node_modules/next/dist/client/components/react-dev-overlay/app/hot-reloader-client.js:73
[   11443ms] [LOG] [Fast Refresh] rebuilding @ webpack-internal:///(app-pages-browser)/./node_modules/.pnpm/next@15.2.6_react-dom@19.0.0_react@19.0.0__react@19.0.0/node_modules/next/dist/client/components/react-dev-overlay/app/hot-reloader-client.js:241
[   11488ms] [LOG] [Fast Refresh] done in 44ms @ webpack-internal:///(app-pages-browser)/./node_modules/.pnpm/next@15.2.6_react-dom@19.0.0_react@19.0.0__react@19.0.0/node_modules/next/dist/client/components/react-dev-overlay/app/hot-reloader-client.js:73
[   11492ms] [LOG] [Fast Refresh] rebuilding @ webpack-internal:///(app-pages-browser)/./node_modules/.pnpm/next@15.2.6_react-dom@19.0.0_react@19.0.0__react@19.0.0/node_modules/next/dist/client/components/react-dev-overlay/app/hot-reloader-client.js:241
[   11538ms] [LOG] [Fast Refresh] done in 46ms @ webpack-internal:///(app-pages-browser)/./node_modules/.pnpm/next@15.2.6_react-dom@19.0.0_react@19.0.0__react@19.0.0/node_modules/next/dist/client/components/react-dev-overlay/app/hot-reloader-client.js:73
[   11554ms] [LOG] [Fast Refresh] rebuilding @ webpack-internal:///(app-pages-browser)/./node_modules/.pnpm/next@15.2.6_react-dom@19.0.0_react@19.0.0__react@19.0.0/node_modules/next/dist/client/components/react-dev-overlay/app/hot-reloader-client.js:241
[   11599ms] [LOG] [Fast Refresh] done in 46ms @ webpack-internal:///(app-pages-browser)/./node_modules/.pnpm/next@15.2.6_react-dom@19.0.0_react@19.0.0__react@19.0.0/node_modules/next/dist/client/components/react-dev-overlay/app/hot-reloader-client.js:73
[   11644ms] [LOG] [Fast Refresh] rebuilding @ webpack-internal:///(app-pages-browser)/./node_modules/.pnpm/next@15.2.6_react-dom@19.0.0_react@19.0.0__react@19.0.0/node_modules/next/dist/client/components/react-dev-overlay/app/hot-reloader-client.js:241
[   11692ms] [LOG] [Fast Refresh] done in 49ms @ webpack-internal:///(app-pages-browser)/./node_modules/.pnpm/next@15.2.6_react-dom@19.0.0_react@19.0.0__react@19.0.0/node_modules/next/dist/client/components/react-dev-overlay/app/hot-reloader-client.js:73
[   11696ms] [LOG] [Fast Refresh] rebuilding @ webpack-internal:///(app-pages-browser)/./node_modules/.pnpm/next@15.2.6_react-dom@19.0.0_react@19.0.0__react@19.0.0/node_modules/next/dist/client/components/react-dev-overlay/app/hot-reloader-client.js:241
[   11739ms] [LOG] [Fast Refresh] done in 43ms @ webpack-internal:///(app-pages-browser)/./node_modules/.pnpm/next@15.2.6_react-dom@19.0.0_react@19.0.0__react@19.0.0/node_modules/next/dist/client/components/react-dev-overlay/app/hot-reloader-client.js:73
[   11745ms] [LOG] [Fast Refresh] rebuilding @ webpack-internal:///(app-pages-browser)/./node_modules/.pnpm/next@15.2.6_react-dom@19.0.0_react@19.0.0__react@19.0.0/node_modules/next/dist/client/components/react-dev-overlay/app/hot-reloader-client.js:241
[   11791ms] [LOG] [Fast Refresh] done in 46ms @ webpack-internal:///(app-pages-browser)/./node_modules/.pnpm/next@15.2.6_react-dom@19.0.0_react@19.0.0__react@19.0.0/node_modules/next/dist/client/components/react-dev-overlay/app/hot-reloader-client.js:73
[   11795ms] [LOG] [Fast Refresh] rebuilding @ webpack-internal:///(app-pages-browser)/./node_modules/.pnpm/next@15.2.6_react-dom@19.0.0_react@19.0.0__react@19.0.0/node_modules/next/dist/client/components/react-dev-overlay/app/hot-reloader-client.js:241
[   11841ms] [LOG] [Fast Refresh] done in 46ms @ webpack-internal:///(app-pages-browser)/./node_modules/.pnpm/next@15.2.6_react-dom@19.0.0_react@19.0.0__react@19.0.0/node_modules/next/dist/client/components/react-dev-overlay/app/hot-reloader-client.js:73
[   11844ms] [LOG] [Fast Refresh] rebuilding @ webpack-internal:///(app-pages-browser)/./node_modules/.pnpm/next@15.2.6_react-dom@19.0.0_react@19.0.0__react@19.0.0/node_modules/next/dist/client/components/react-dev-overlay/app/hot-reloader-client.js:241
[   11889ms] [LOG] [Fast Refresh] done in 44ms @ webpack-internal:///(app-pages-browser)/./node_modules/.pnpm/next@15.2.6_react-dom@19.0.0_react@19.0.0__react@19.0.0/node_modules/next/dist/client/components/react-dev-overlay/app/hot-reloader-client.js:73
[   11894ms] [LOG] [Fast Refresh] rebuilding @ webpack-internal:///(app-pages-browser)/./node_modules/.pnpm/next@15.2.6_react-dom@19.0.0_react@19.0.0__react@19.0.0/node_modules/next/dist/client/components/react-dev-overlay/app/hot-reloader-client.js:241
[   11939ms] [LOG] [Fast Refresh] done in 45ms @ webpack-internal:///(app-pages-browser)/./node_modules/.pnpm/next@15.2.6_react-dom@19.0.0_react@19.0.0__react@19.0.0/node_modules/next/dist/client/components/react-dev-overlay/app/hot-reloader-client.js:73
[   11945ms] [LOG] [Fast Refresh] rebuilding @ webpack-internal:///(app-pages-browser)/./node_modules/.pnpm/next@15.2.6_react-dom@19.0.0_react@19.0.0__react@19.0.0/node_modules/next/dist/client/components/react-dev-overlay/app/hot-reloader-client.js:241
[   11989ms] [LOG] [Fast Refresh] done in 45ms @ webpack-internal:///(app-pages-browser)/./node_modules/.pnpm/next@15.2.6_react-dom@19.0.0_react@19.0.0__react@19.0.0/node_modules/next/dist/client/components/react-dev-overlay/app/hot-reloader-client.js:73
[   11995ms] [LOG] [Fast Refresh] rebuilding @ webpack-internal:///(app-pages-browser)/./node_modules/.pnpm/next@15.2.6_react-dom@19.0.0_react@19.0.0__react@19.0.0/node_modules/next/dist/client/components/react-dev-overlay/app/hot-reloader-client.js:241
[   12043ms] [LOG] [Fast Refresh] done in 48ms @ webpack-internal:///(app-pages-browser)/./node_modules/.pnpm/next@15.2.6_react-dom@19.0.0_react@19.0.0__react@19.0.0/node_modules/next/dist/client/components/react-dev-overlay/app/hot-reloader-client.js:73
[   12046ms] [LOG] [Fast Refresh] rebuilding @ webpack-internal:///(app-pages-browser)/./node_modules/.pnpm/next@15.2.6_react-dom@19.0.0_react@19.0.0__react@19.0.0/node_modules/next/dist/client/components/react-dev-overlay/app/hot-reloader-client.js:241
[   12096ms] [LOG] [Fast Refresh] done in 49ms @ webpack-internal:///(app-pages-browser)/./node_modules/.pnpm/next@15.2.6_react-dom@19.0.0_react@19.0.0__react@19.0.0/node_modules/next/dist/client/components/react-dev-overlay/app/hot-reloader-client.js:73
[   12099ms] [LOG] [Fast Refresh] rebuilding @ webpack-internal:///(app-pages-browser)/./node_modules/.pnpm/next@15.2.6_react-dom@19.0.0_react@19.0.0__react@19.0.0/node_modules/next/dist/client/components/react-dev-overlay/app/hot-reloader-client.js:241
[   12150ms] [LOG] [Fast Refresh] rebuilding @ webpack-internal:///(app-pages-browser)/./node_modules/.pnpm/next@15.2.6_react-dom@19.0.0_react@19.0.0__react@19.0.0/node_modules/next/dist/client/components/react-dev-overlay/app/hot-reloader-client.js:241
[   12157ms] [LOG] [Fast Refresh] done in 8ms @ webpack-internal:///(app-pages-browser)/./node_modules/.pnpm/next@15.2.6_react-dom@19.0.0_react@19.0.0__react@19.0.0/node_modules/next/dist/client/components/react-dev-overlay/app/hot-reloader-client.js:73
[   12209ms] [LOG] [Fast Refresh] done in 59ms @ webpack-internal:///(app-pages-browser)/./node_modules/.pnpm/next@15.2.6_react-dom@19.0.0_react@19.0.0__react@19.0.0/node_modules/next/dist/client/components/react-dev-overlay/app/hot-reloader-client.js:73
[   12248ms] [LOG] [Fast Refresh] rebuilding @ webpack-internal:///(app-pages-browser)/./node_modules/.pnpm/next@15.2.6_react-dom@19.0.0_react@19.0.0__react@19.0.0/node_modules/next/dist/client/components/react-dev-overlay/app/hot-reloader-client.js:241
[   12298ms] [LOG] [Fast Refresh] rebuilding @ webpack-internal:///(app-pages-browser)/./node_modules/.pnpm/next@15.2.6_react-dom@19.0.0_react@19.0.0__react@19.0.0/node_modules/next/dist/client/components/react-dev-overlay/app/hot-reloader-client.js:241
[   12300ms] [LOG] [Fast Refresh] done in 3ms @ webpack-internal:///(app-pages-browser)/./node_modules/.pnpm/next@15.2.6_react-dom@19.0.0_react@19.0.0__react@19.0.0/node_modules/next/dist/client/components/react-dev-overlay/app/hot-reloader-client.js:73
[   12346ms] [LOG] [Fast Refresh] done in 49ms @ webpack-internal:///(app-pages-browser)/./node_modules/.pnpm/next@15.2.6_react-dom@19.0.0_react@19.0.0__react@19.0.0/node_modules/next/dist/client/components/react-dev-overlay/app/hot-reloader-client.js:73
[   12349ms] [LOG] [Fast Refresh] rebuilding @ webpack-internal:///(app-pages-browser)/./node_modules/.pnpm/next@15.2.6_react-dom@19.0.0_react@19.0.0__react@19.0.0/node_modules/next/dist/client/components/react-dev-overlay/app/hot-reloader-client.js:241
[   12394ms] [LOG] [Fast Refresh] done in 45ms @ webpack-internal:///(app-pages-browser)/./node_modules/.pnpm/next@15.2.6_react-dom@19.0.0_react@19.0.0__react@19.0.0/node_modules/next/dist/client/components/react-dev-overlay/app/hot-reloader-client.js:73
[   12398ms] [LOG] [Fast Refresh] rebuilding @ webpack-internal:///(app-pages-browser)/./node_modules/.pnpm/next@15.2.6_react-dom@19.0.0_react@19.0.0__react@19.0.0/node_modules/next/dist/client/components/react-dev-overlay/app/hot-reloader-client.js:241
[   12444ms] [LOG] [Fast Refresh] done in 45ms @ webpack-internal:///(app-pages-browser)/./node_modules/.pnpm/next@15.2.6_react-dom@19.0.0_react@19.0.0__react@19.0.0/node_modules/next/dist/client/components/react-dev-overlay/app/hot-reloader-client.js:73
[   12449ms] [LOG] [Fast Refresh] rebuilding @ webpack-internal:///(app-pages-browser)/./node_modules/.pnpm/next@15.2.6_react-dom@19.0.0_react@19.0.0__react@19.0.0/node_modules/next/dist/client/components/react-dev-overlay/app/hot-reloader-client.js:241
[   12494ms] [LOG] [Fast Refresh] done in 45ms @ webpack-internal:///(app-pages-browser)/./node_modules/.pnpm/next@15.2.6_react-dom@19.0.0_react@19.0.0__react@19.0.0/node_modules/next/dist/client/components/react-dev-overlay/app/hot-reloader-client.js:73
[   12499ms] [LOG] [Fast Refresh] rebuilding @ webpack-internal:///(app-pages-browser)/./node_modules/.pnpm/next@15.2.6_react-dom@19.0.0_react@19.0.0__react@19.0.0/node_modules/next/dist/client/components/react-dev-overlay/app/hot-reloader-client.js:241
[   12546ms] [LOG] [Fast Refresh] done in 47ms @ webpack-internal:///(app-pages-browser)/./node_modules/.pnpm/next@15.2.6_react-dom@19.0.0_react@19.0.0__react@19.0.0/node_modules/next/dist/client/components/react-dev-overlay/app/hot-reloader-client.js:73
[   12549ms] [LOG] [Fast Refresh] rebuilding @ webpack-internal:///(app-pages-browser)/./node_modules/.pnpm/next@15.2.6_react-dom@19.0.0_react@19.0.0__react@19.0.0/node_modules/next/dist/client/components/react-dev-overlay/app/hot-reloader-client.js:241
[   12596ms] [LOG] [Fast Refresh] done in 46ms @ webpack-internal:///(app-pages-browser)/./node_modules/.pnpm/next@15.2.6_react-dom@19.0.0_react@19.0.0__react@19.0.0/node_modules/next/dist/client/components/react-dev-overlay/app/hot-reloader-client.js:73
[   12599ms] [LOG] [Fast Refresh] rebuilding @ webpack-internal:///(app-pages-browser)/./node_modules/.pnpm/next@15.2.6_react-dom@19.0.0_react@19.0.0__react@19.0.0/node_modules/next/dist/client/components/react-dev-overlay/app/hot-reloader-client.js:241
[   12647ms] [LOG] [Fast Refresh] done in 48ms @ webpack-internal:///(app-pages-browser)/./node_modules/.pnpm/next@15.2.6_react-dom@19.0.0_react@19.0.0__react@19.0.0/node_modules/next/dist/client/components/react-dev-overlay/app/hot-reloader-client.js:73
[   12650ms] [LOG] [Fast Refresh] rebuilding @ webpack-internal:///(app-pages-browser)/./node_modules/.pnpm/next@15.2.6_react-dom@19.0.0_react@19.0.0__react@19.0.0/node_modules/next/dist/client/components/react-dev-overlay/app/hot-reloader-client.js:241
[   12697ms] [LOG] [Fast Refresh] done in 47ms @ webpack-internal:///(app-pages-browser)/./node_modules/.pnpm/next@15.2.6_react-dom@19.0.0_react@19.0.0__react@19.0.0/node_modules/next/dist/client/components/react-dev-overlay/app/hot-reloader-client.js:73
[   12700ms] [LOG] [Fast Refresh] rebuilding @ webpack-internal:///(app-pages-browser)/./node_modules/.pnpm/next@15.2.6_react-dom@19.0.0_react@19.0.0__react@19.0.0/node_modules/next/dist/client/components/react-dev-overlay/app/hot-reloader-client.js:241
[   12748ms] [LOG] [Fast Refresh] done in 48ms @ webpack-internal:///(app-pages-browser)/./node_modules/.pnpm/next@15.2.6_react-dom@19.0.0_react@19.0.0__react@19.0.0/node_modules/next/dist/client/components/react-dev-overlay/app/hot-reloader-client.js:73
[   12751ms] [LOG] [Fast Refresh] rebuilding @ webpack-internal:///(app-pages-browser)/./node_modules/.pnpm/next@15.2.6_react-dom@19.0.0_react@19.0.0__react@19.0.0/node_modules/next/dist/client/components/react-dev-overlay/app/hot-reloader-client.js:241
[   12797ms] [LOG] [Fast Refresh] done in 46ms @ webpack-internal:///(app-pages-browser)/./node_modules/.pnpm/next@15.2.6_react-dom@19.0.0_react@19.0.0__react@19.0.0/node_modules/next/dist/client/components/react-dev-overlay/app/hot-reloader-client.js:73
[   12800ms] [LOG] [Fast Refresh] rebuilding @ webpack-internal:///(app-pages-browser)/./node_modules/.pnpm/next@15.2.6_react-dom@19.0.0_react@19.0.0__react@19.0.0/node_modules/next/dist/client/components/react-dev-overlay/app/hot-reloader-client.js:241
[   12846ms] [LOG] [Fast Refresh] done in 46ms @ webpack-internal:///(app-pages-browser)/./node_modules/.pnpm/next@15.2.6_react-dom@19.0.0_react@19.0.0__react@19.0.0/node_modules/next/dist/client/components/react-dev-overlay/app/hot-reloader-client.js:73
[   12861ms] [LOG] [Fast Refresh] rebuilding @ webpack-internal:///(app-pages-browser)/./node_modules/.pnpm/next@15.2.6_react-dom@19.0.0_react@19.0.0__react@19.0.0/node_modules/next/dist/client/components/react-dev-overlay/app/hot-reloader-client.js:241
[   12908ms] [LOG] [Fast Refresh] done in 47ms @ webpack-internal:///(app-pages-browser)/./node_modules/.pnpm/next@15.2.6_react-dom@19.0.0_react@19.0.0__react@19.0.0/node_modules/next/dist/client/components/react-dev-overlay/app/hot-reloader-client.js:73
[   12953ms] [LOG] [Fast Refresh] rebuilding @ webpack-internal:///(app-pages-browser)/./node_modules/.pnpm/next@15.2.6_react-dom@19.0.0_react@19.0.0__react@19.0.0/node_modules/next/dist/client/components/react-dev-overlay/app/hot-reloader-client.js:241
[   12999ms] [LOG] [Fast Refresh] done in 47ms @ webpack-internal:///(app-pages-browser)/./node_modules/.pnpm/next@15.2.6_react-dom@19.0.0_react@19.0.0__react@19.0.0/node_modules/next/dist/client/components/react-dev-overlay/app/hot-reloader-client.js:73
[   13003ms] [LOG] [Fast Refresh] rebuilding @ webpack-internal:///(app-pages-browser)/./node_modules/.pnpm/next@15.2.6_react-dom@19.0.0_react@19.0.0__react@19.0.0/node_modules/next/dist/client/components/react-dev-overlay/app/hot-reloader-client.js:241
[   13050ms] [LOG] [Fast Refresh] done in 47ms @ webpack-internal:///(app-pages-browser)/./node_modules/.pnpm/next@15.2.6_react-dom@19.0.0_react@19.0.0__react@19.0.0/node_modules/next/dist/client/components/react-dev-overlay/app/hot-reloader-client.js:73
[   13054ms] [LOG] [Fast Refresh] rebuilding @ webpack-internal:///(app-pages-browser)/./node_modules/.pnpm/next@15.2.6_react-dom@19.0.0_react@19.0.0__react@19.0.0/node_modules/next/dist/client/components/react-dev-overlay/app/hot-reloader-client.js:241
[   13102ms] [LOG] [Fast Refresh] done in 47ms @ webpack-internal:///(app-pages-browser)/./node_modules/.pnpm/next@15.2.6_react-dom@19.0.0_react@19.0.0__react@19.0.0/node_modules/next/dist/client/components/react-dev-overlay/app/hot-reloader-client.js:73
[   13105ms] [LOG] [Fast Refresh] rebuilding @ webpack-internal:///(app-pages-browser)/./node_modules/.pnpm/next@15.2.6_react-dom@19.0.0_react@19.0.0__react@19.0.0/node_modules/next/dist/client/components/react-dev-overlay/app/hot-reloader-client.js:241
[   13149ms] [LOG] [Fast Refresh] done in 45ms @ webpack-internal:///(app-pages-browser)/./node_modules/.pnpm/next@15.2.6_react-dom@19.0.0_react@19.0.0__react@19.0.0/node_modules/next/dist/client/components/react-dev-overlay/app/hot-reloader-client.js:73
[   13157ms] [LOG] [Fast Refresh] rebuilding @ webpack-internal:///(app-pages-browser)/./node_modules/.pnpm/next@15.2.6_react-dom@19.0.0_react@19.0.0__react@19.0.0/node_modules/next/dist/client/components/react-dev-overlay/app/hot-reloader-client.js:241
[   13203ms] [LOG] [Fast Refresh] rebuilding @ webpack-internal:///(app-pages-browser)/./node_modules/.pnpm/next@15.2.6_react-dom@19.0.0_react@19.0.0__react@19.0.0/node_modules/next/dist/client/components/react-dev-overlay/app/hot-reloader-client.js:241
[   13205ms] [LOG] [Fast Refresh] done in 2ms @ webpack-internal:///(app-pages-browser)/./node_modules/.pnpm/next@15.2.6_react-dom@19.0.0_react@19.0.0__react@19.0.0/node_modules/next/dist/client/components/react-dev-overlay/app/hot-reloader-client.js:73
[   13250ms] [LOG] [Fast Refresh] done in 46ms @ webpack-internal:///(app-pages-browser)/./node_modules/.pnpm/next@15.2.6_react-dom@19.0.0_react@19.0.0__react@19.0.0/node_modules/next/dist/client/components/react-dev-overlay/app/hot-reloader-client.js:73
[   13254ms] [LOG] [Fast Refresh] rebuilding @ webpack-internal:///(app-pages-browser)/./node_modules/.pnpm/next@15.2.6_react-dom@19.0.0_react@19.0.0__react@19.0.0/node_modules/next/dist/client/components/react-dev-overlay/app/hot-reloader-client.js:241
[   13299ms] [LOG] [Fast Refresh] done in 45ms @ webpack-internal:///(app-pages-browser)/./node_modules/.pnpm/next@15.2.6_react-dom@19.0.0_react@19.0.0__react@19.0.0/node_modules/next/dist/client/components/react-dev-overlay/app/hot-reloader-client.js:73
[   13305ms] [LOG] [Fast Refresh] rebuilding @ webpack-internal:///(app-pages-browser)/./node_modules/.pnpm/next@15.2.6_react-dom@19.0.0_react@19.0.0__react@19.0.0/node_modules/next/dist/client/components/react-dev-overlay/app/hot-reloader-client.js:241
[   13350ms] [LOG] [Fast Refresh] done in 45ms @ webpack-internal:///(app-pages-browser)/./node_modules/.pnpm/next@15.2.6_react-dom@19.0.0_react@19.0.0__react@19.0.0/node_modules/next/dist/client/components/react-dev-overlay/app/hot-reloader-client.js:73
[   13354ms] [LOG] [Fast Refresh] rebuilding @ webpack-internal:///(app-pages-browser)/./node_modules/.pnpm/next@15.2.6_react-dom@19.0.0_react@19.0.0__react@19.0.0/node_modules/next/dist/client/components/react-dev-overlay/app/hot-reloader-client.js:241
[   13401ms] [LOG] [Fast Refresh] done in 48ms @ webpack-internal:///(app-pages-browser)/./node_modules/.pnpm/next@15.2.6_react-dom@19.0.0_react@19.0.0__react@19.0.0/node_modules/next/dist/client/components/react-dev-overlay/app/hot-reloader-client.js:73
[   13405ms] [LOG] [Fast Refresh] rebuilding @ webpack-internal:///(app-pages-browser)/./node_modules/.pnpm/next@15.2.6_react-dom@19.0.0_react@19.0.0__react@19.0.0/node_modules/next/dist/client/components/react-dev-overlay/app/hot-reloader-client.js:241
[   13455ms] [LOG] [Fast Refresh] done in 50ms @ webpack-internal:///(app-pages-browser)/./node_modules/.pnpm/next@15.2.6_react-dom@19.0.0_react@19.0.0__react@19.0.0/node_modules/next/dist/client/components/react-dev-overlay/app/hot-reloader-client.js:73
[   13455ms] [LOG] [Fast Refresh] rebuilding @ webpack-internal:///(app-pages-browser)/./node_modules/.pnpm/next@15.2.6_react-dom@19.0.0_react@19.0.0__react@19.0.0/node_modules/next/dist/client/components/react-dev-overlay/app/hot-reloader-client.js:241
[   13500ms] [LOG] [Fast Refresh] done in 46ms @ webpack-internal:///(app-pages-browser)/./node_modules/.pnpm/next@15.2.6_react-dom@19.0.0_react@19.0.0__react@19.0.0/node_modules/next/dist/client/components/react-dev-overlay/app/hot-reloader-client.js:73
[   13506ms] [LOG] [Fast Refresh] rebuilding @ webpack-internal:///(app-pages-browser)/./node_modules/.pnpm/next@15.2.6_react-dom@19.0.0_react@19.0.0__react@19.0.0/node_modules/next/dist/client/components/react-dev-overlay/app/hot-reloader-client.js:241
[   13552ms] [LOG] [Fast Refresh] done in 47ms @ webpack-internal:///(app-pages-browser)/./node_modules/.pnpm/next@15.2.6_react-dom@19.0.0_react@19.0.0__react@19.0.0/node_modules/next/dist/client/components/react-dev-overlay/app/hot-reloader-client.js:73
[   13555ms] [LOG] [Fast Refresh] rebuilding @ webpack-internal:///(app-pages-browser)/./node_modules/.pnpm/next@15.2.6_react-dom@19.0.0_react@19.0.0__react@19.0.0/node_modules/next/dist/client/components/react-dev-overlay/app/hot-reloader-client.js:241
[   13601ms] [LOG] [Fast Refresh] done in 45ms @ webpack-internal:///(app-pages-browser)/./node_modules/.pnpm/next@15.2.6_react-dom@19.0.0_react@19.0.0__react@19.0.0/node_modules/next/dist/client/components/react-dev-overlay/app/hot-reloader-client.js:73
[   13607ms] [LOG] [Fast Refresh] rebuilding @ webpack-internal:///(app-pages-browser)/./node_modules/.pnpm/next@15.2.6_react-dom@19.0.0_react@19.0.0__react@19.0.0/node_modules/next/dist/client/components/react-dev-overlay/app/hot-reloader-client.js:241
[   13654ms] [LOG] [Fast Refresh] done in 47ms @ webpack-internal:///(app-pages-browser)/./node_modules/.pnpm/next@15.2.6_react-dom@19.0.0_react@19.0.0__react@19.0.0/node_modules/next/dist/client/components/react-dev-overlay/app/hot-reloader-client.js:73
[   13657ms] [LOG] [Fast Refresh] rebuilding @ webpack-internal:///(app-pages-browser)/./node_modules/.pnpm/next@15.2.6_react-dom@19.0.0_react@19.0.0__react@19.0.0/node_modules/next/dist/client/components/react-dev-overlay/app/hot-reloader-client.js:241
[   13702ms] [LOG] [Fast Refresh] done in 46ms @ webpack-internal:///(app-pages-browser)/./node_modules/.pnpm/next@15.2.6_react-dom@19.0.0_react@19.0.0__react@19.0.0/node_modules/next/dist/client/components/react-dev-overlay/app/hot-reloader-client.js:73
[   13705ms] [LOG] [Fast Refresh] rebuilding @ webpack-internal:///(app-pages-browser)/./node_modules/.pnpm/next@15.2.6_react-dom@19.0.0_react@19.0.0__react@19.0.0/node_modules/next/dist/client/components/react-dev-overlay/app/hot-reloader-client.js:241
[   13752ms] [LOG] [Fast Refresh] done in 48ms @ webpack-internal:///(app-pages-browser)/./node_modules/.pnpm/next@15.2.6_react-dom@19.0.0_react@19.0.0__react@19.0.0/node_modules/next/dist/client/components/react-dev-overlay/app/hot-reloader-client.js:73
[   13758ms] [LOG] [Fast Refresh] rebuilding @ webpack-internal:///(app-pages-browser)/./node_modules/.pnpm/next@15.2.6_react-dom@19.0.0_react@19.0.0__react@19.0.0/node_modules/next/dist/client/components/react-dev-overlay/app/hot-reloader-client.js:241
[   13806ms] [LOG] [Fast Refresh] done in 47ms @ webpack-internal:///(app-pages-browser)/./node_modules/.pnpm/next@15.2.6_react-dom@19.0.0_react@19.0.0__react@19.0.0/node_modules/next/dist/client/components/react-dev-overlay/app/hot-reloader-client.js:73
[   13806ms] [LOG] [Fast Refresh] rebuilding @ webpack-internal:///(app-pages-browser)/./node_modules/.pnpm/next@15.2.6_react-dom@19.0.0_react@19.0.0__react@19.0.0/node_modules/next/dist/client/components/react-dev-overlay/app/hot-reloader-client.js:241
[   13855ms] [LOG] [Fast Refresh] done in 50ms @ webpack-internal:///(app-pages-browser)/./node_modules/.pnpm/next@15.2.6_react-dom@19.0.0_react@19.0.0__react@19.0.0/node_modules/next/dist/client/components/react-dev-overlay/app/hot-reloader-client.js:73
[   13858ms] [LOG] [Fast Refresh] rebuilding @ webpack-internal:///(app-pages-browser)/./node_modules/.pnpm/next@15.2.6_react-dom@19.0.0_react@19.0.0__react@19.0.0/node_modules/next/dist/client/components/react-dev-overlay/app/hot-reloader-client.js:241
[   13904ms] [LOG] [Fast Refresh] done in 46ms @ webpack-internal:///(app-pages-browser)/./node_modules/.pnpm/next@15.2.6_react-dom@19.0.0_react@19.0.0__react@19.0.0/node_modules/next/dist/client/components/react-dev-overlay/app/hot-reloader-client.js:73
[   13908ms] [LOG] [Fast Refresh] rebuilding @ webpack-internal:///(app-pages-browser)/./node_modules/.pnpm/next@15.2.6_react-dom@19.0.0_react@19.0.0__react@19.0.0/node_modules/next/dist/client/components/react-dev-overlay/app/hot-reloader-client.js:241
[   13956ms] [LOG] [Fast Refresh] rebuilding @ webpack-internal:///(app-pages-browser)/./node_modules/.pnpm/next@15.2.6_react-dom@19.0.0_react@19.0.0__react@19.0.0/node_modules/next/dist/client/components/react-dev-overlay/app/hot-reloader-client.js:241
[   13959ms] [LOG] [Fast Refresh] done in 2ms @ webpack-internal:///(app-pages-browser)/./node_modules/.pnpm/next@15.2.6_react-dom@19.0.0_react@19.0.0__react@19.0.0/node_modules/next/dist/client/components/react-dev-overlay/app/hot-reloader-client.js:73
[   14006ms] [LOG] [Fast Refresh] done in 49ms @ webpack-internal:///(app-pages-browser)/./node_modules/.pnpm/next@15.2.6_react-dom@19.0.0_react@19.0.0__react@19.0.0/node_modules/next/dist/client/components/react-dev-overlay/app/hot-reloader-client.js:73
[   14009ms] [LOG] [Fast Refresh] rebuilding @ webpack-internal:///(app-pages-browser)/./node_modules/.pnpm/next@15.2.6_react-dom@19.0.0_react@19.0.0__react@19.0.0/node_modules/next/dist/client/components/react-dev-overlay/app/hot-reloader-client.js:241
[   14055ms] [LOG] [Fast Refresh] done in 47ms @ webpack-internal:///(app-pages-browser)/./node_modules/.pnpm/next@15.2.6_react-dom@19.0.0_react@19.0.0__react@19.0.0/node_modules/next/dist/client/components/react-dev-overlay/app/hot-reloader-client.js:73
[   14058ms] [LOG] [Fast Refresh] rebuilding @ webpack-internal:///(app-pages-browser)/./node_modules/.pnpm/next@15.2.6_react-dom@19.0.0_react@19.0.0__react@19.0.0/node_modules/next/dist/client/components/react-dev-overlay/app/hot-reloader-client.js:241
[   14104ms] [LOG] [Fast Refresh] done in 45ms @ webpack-internal:///(app-pages-browser)/./node_modules/.pnpm/next@15.2.6_react-dom@19.0.0_react@19.0.0__react@19.0.0/node_modules/next/dist/client/components/react-dev-overlay/app/hot-reloader-client.js:73
[   14107ms] [LOG] [Fast Refresh] rebuilding @ webpack-internal:///(app-pages-browser)/./node_modules/.pnpm/next@15.2.6_react-dom@19.0.0_react@19.0.0__react@19.0.0/node_modules/next/dist/client/components/react-dev-overlay/app/hot-reloader-client.js:241
[   14155ms] [LOG] [Fast Refresh] done in 49ms @ webpack-internal:///(app-pages-browser)/./node_modules/.pnpm/next@15.2.6_react-dom@19.0.0_react@19.0.0__react@19.0.0/node_modules/next/dist/client/components/react-dev-overlay/app/hot-reloader-client.js:73
[   14158ms] [LOG] [Fast Refresh] rebuilding @ webpack-internal:///(app-pages-browser)/./node_modules/.pnpm/next@15.2.6_react-dom@19.0.0_react@19.0.0__react@19.0.0/node_modules/next/dist/client/components/react-dev-overlay/app/hot-reloader-client.js:241
[   14206ms] [LOG] [Fast Refresh] done in 48ms @ webpack-internal:///(app-pages-browser)/./node_modules/.pnpm/next@15.2.6_react-dom@19.0.0_react@19.0.0__react@19.0.0/node_modules/next/dist/client/components/react-dev-overlay/app/hot-reloader-client.js:73
[   14211ms] [LOG] [Fast Refresh] rebuilding @ webpack-internal:///(app-pages-browser)/./node_modules/.pnpm/next@15.2.6_react-dom@19.0.0_react@19.0.0__react@19.0.0/node_modules/next/dist/client/components/react-dev-overlay/app/hot-reloader-client.js:241
[   14258ms] [LOG] [Fast Refresh] rebuilding @ webpack-internal:///(app-pages-browser)/./node_modules/.pnpm/next@15.2.6_react-dom@19.0.0_react@19.0.0__react@19.0.0/node_modules/next/dist/client/components/react-dev-overlay/app/hot-reloader-client.js:241
[   14261ms] [LOG] [Fast Refresh] done in 3ms @ webpack-internal:///(app-pages-browser)/./node_modules/.pnpm/next@15.2.6_react-dom@19.0.0_react@19.0.0__react@19.0.0/node_modules/next/dist/client/components/react-dev-overlay/app/hot-reloader-client.js:73
[   14308ms] [LOG] [Fast Refresh] done in 49ms @ webpack-internal:///(app-pages-browser)/./node_modules/.pnpm/next@15.2.6_react-dom@19.0.0_react@19.0.0__react@19.0.0/node_modules/next/dist/client/components/react-dev-overlay/app/hot-reloader-client.js:73
[   14311ms] [LOG] [Fast Refresh] rebuilding @ webpack-internal:///(app-pages-browser)/./node_modules/.pnpm/next@15.2.6_react-dom@19.0.0_react@19.0.0__react@19.0.0/node_modules/next/dist/client/components/react-dev-overlay/app/hot-reloader-client.js:241
[   14359ms] [LOG] [Fast Refresh] done in 47ms @ webpack-internal:///(app-pages-browser)/./node_modules/.pnpm/next@15.2.6_react-dom@19.0.0_react@19.0.0__react@19.0.0/node_modules/next/dist/client/components/react-dev-overlay/app/hot-reloader-client.js:73
[   14362ms] [LOG] [Fast Refresh] rebuilding @ webpack-internal:///(app-pages-browser)/./node_modules/.pnpm/next@15.2.6_react-dom@19.0.0_react@19.0.0__react@19.0.0/node_modules/next/dist/client/components/react-dev-overlay/app/hot-reloader-client.js:241
[   14408ms] [LOG] [Fast Refresh] done in 47ms @ webpack-internal:///(app-pages-browser)/./node_modules/.pnpm/next@15.2.6_react-dom@19.0.0_react@19.0.0__react@19.0.0/node_modules/next/dist/client/components/react-dev-overlay/app/hot-reloader-client.js:73
[   14412ms] [LOG] [Fast Refresh] rebuilding @ webpack-internal:///(app-pages-browser)/./node_modules/.pnpm/next@15.2.6_react-dom@19.0.0_react@19.0.0__react@19.0.0/node_modules/next/dist/client/components/react-dev-overlay/app/hot-reloader-client.js:241
[   14461ms] [LOG] [Fast Refresh] done in 48ms @ webpack-internal:///(app-pages-browser)/./node_modules/.pnpm/next@15.2.6_react-dom@19.0.0_react@19.0.0__react@19.0.0/node_modules/next/dist/client/components/react-dev-overlay/app/hot-reloader-client.js:73
[   14464ms] [LOG] [Fast Refresh] rebuilding @ webpack-internal:///(app-pages-browser)/./node_modules/.pnpm/next@15.2.6_react-dom@19.0.0_react@19.0.0__react@19.0.0/node_modules/next/dist/client/components/react-dev-overlay/app/hot-reloader-client.js:241
[   14512ms] [LOG] [Fast Refresh] done in 48ms @ webpack-internal:///(app-pages-browser)/./node_modules/.pnpm/next@15.2.6_react-dom@19.0.0_react@19.0.0__react@19.0.0/node_modules/next/dist/client/components/react-dev-overlay/app/hot-reloader-client.js:73
[   14514ms] [LOG] [Fast Refresh] rebuilding @ webpack-internal:///(app-pages-browser)/./node_modules/.pnpm/next@15.2.6_react-dom@19.0.0_react@19.0.0__react@19.0.0/node_modules/next/dist/client/components/react-dev-overlay/app/hot-reloader-client.js:241
[   14560ms] [LOG] [Fast Refresh] done in 46ms @ webpack-internal:///(app-pages-browser)/./node_modules/.pnpm/next@15.2.6_react-dom@19.0.0_react@19.0.0__react@19.0.0/node_modules/next/dist/client/components/react-dev-overlay/app/hot-reloader-client.js:73
[   14563ms] [LOG] [Fast Refresh] rebuilding @ webpack-internal:///(app-pages-browser)/./node_modules/.pnpm/next@15.2.6_react-dom@19.0.0_react@19.0.0__react@19.0.0/node_modules/next/dist/client/components/react-dev-overlay/app/hot-reloader-client.js:241
[   14611ms] [LOG] [Fast Refresh] done in 48ms @ webpack-internal:///(app-pages-browser)/./node_modules/.pnpm/next@15.2.6_react-dom@19.0.0_react@19.0.0__react@19.0.0/node_modules/next/dist/client/components/react-dev-overlay/app/hot-reloader-client.js:73
[   14615ms] [LOG] [Fast Refresh] rebuilding @ webpack-internal:///(app-pages-browser)/./node_modules/.pnpm/next@15.2.6_react-dom@19.0.0_react@19.0.0__react@19.0.0/node_modules/next/dist/client/components/react-dev-overlay/app/hot-reloader-client.js:241
[   14664ms] [LOG] [Fast Refresh] rebuilding @ webpack-internal:///(app-pages-browser)/./node_modules/.pnpm/next@15.2.6_react-dom@19.0.0_react@19.0.0__react@19.0.0/node_modules/next/dist/client/components/react-dev-overlay/app/hot-reloader-client.js:241
[   14666ms] [LOG] [Fast Refresh] done in 3ms @ webpack-internal:///(app-pages-browser)/./node_modules/.pnpm/next@15.2.6_react-dom@19.0.0_react@19.0.0__react@19.0.0/node_modules/next/dist/client/components/react-dev-overlay/app/hot-reloader-client.js:73
[   14711ms] [LOG] [Fast Refresh] done in 48ms @ webpack-internal:///(app-pages-browser)/./node_modules/.pnpm/next@15.2.6_react-dom@19.0.0_react@19.0.0__react@19.0.0/node_modules/next/dist/client/components/react-dev-overlay/app/hot-reloader-client.js:73
[   14714ms] [LOG] [Fast Refresh] rebuilding @ webpack-internal:///(app-pages-browser)/./node_modules/.pnpm/next@15.2.6_react-dom@19.0.0_react@19.0.0__react@19.0.0/node_modules/next/dist/client/components/react-dev-overlay/app/hot-reloader-client.js:241
[   14761ms] [LOG] [Fast Refresh] done in 47ms @ webpack-internal:///(app-pages-browser)/./node_modules/.pnpm/next@15.2.6_react-dom@19.0.0_react@19.0.0__react@19.0.0/node_modules/next/dist/client/components/react-dev-overlay/app/hot-reloader-client.js:73
[   14764ms] [LOG] [Fast Refresh] rebuilding @ webpack-internal:///(app-pages-browser)/./node_modules/.pnpm/next@15.2.6_react-dom@19.0.0_react@19.0.0__react@19.0.0/node_modules/next/dist/client/components/react-dev-overlay/app/hot-reloader-client.js:241
[   14813ms] [LOG] [Fast Refresh] done in 49ms @ webpack-internal:///(app-pages-browser)/./node_modules/.pnpm/next@15.2.6_react-dom@19.0.0_react@19.0.0__react@19.0.0/node_modules/next/dist/client/components/react-dev-overlay/app/hot-reloader-client.js:73
[   14817ms] [LOG] [Fast Refresh] rebuilding @ webpack-internal:///(app-pages-browser)/./node_modules/.pnpm/next@15.2.6_react-dom@19.0.0_react@19.0.0__react@19.0.0/node_modules/next/dist/client/components/react-dev-overlay/app/hot-reloader-client.js:241
[   14864ms] [LOG] [Fast Refresh] rebuilding @ webpack-internal:///(app-pages-browser)/./node_modules/.pnpm/next@15.2.6_react-dom@19.0.0_react@19.0.0__react@19.0.0/node_modules/next/dist/client/components/react-dev-overlay/app/hot-reloader-client.js:241
[   14869ms] [LOG] [Fast Refresh] done in 4ms @ webpack-internal:///(app-pages-browser)/./node_modules/.pnpm/next@15.2.6_react-dom@19.0.0_react@19.0.0__react@19.0.0/node_modules/next/dist/client/components/react-dev-overlay/app/hot-reloader-client.js:73
[   14912ms] [LOG] [Fast Refresh] done in 47ms @ webpack-internal:///(app-pages-browser)/./node_modules/.pnpm/next@15.2.6_react-dom@19.0.0_react@19.0.0__react@19.0.0/node_modules/next/dist/client/components/react-dev-overlay/app/hot-reloader-client.js:73
[   14914ms] [LOG] [Fast Refresh] rebuilding @ webpack-internal:///(app-pages-browser)/./node_modules/.pnpm/next@15.2.6_react-dom@19.0.0_react@19.0.0__react@19.0.0/node_modules/next/dist/client/components/react-dev-overlay/app/hot-reloader-client.js:241
[   14961ms] [LOG] [Fast Refresh] done in 46ms @ webpack-internal:///(app-pages-browser)/./node_modules/.pnpm/next@15.2.6_react-dom@19.0.0_react@19.0.0__react@19.0.0/node_modules/next/dist/client/components/react-dev-overlay/app/hot-reloader-client.js:73
[   14969ms] [LOG] [Fast Refresh] rebuilding @ webpack-internal:///(app-pages-browser)/./node_modules/.pnpm/next@15.2.6_react-dom@19.0.0_react@19.0.0__react@19.0.0/node_modules/next/dist/client/components/react-dev-overlay/app/hot-reloader-client.js:241
[   15015ms] [LOG] [Fast Refresh] rebuilding @ webpack-internal:///(app-pages-browser)/./node_modules/.pnpm/next@15.2.6_react-dom@19.0.0_react@19.0.0__react@19.0.0/node_modules/next/dist/client/components/react-dev-overlay/app/hot-reloader-client.js:241
[   15017ms] [LOG] [Fast Refresh] done in 2ms @ webpack-internal:///(app-pages-browser)/./node_modules/.pnpm/next@15.2.6_react-dom@19.0.0_react@19.0.0__react@19.0.0/node_modules/next/dist/client/components/react-dev-overlay/app/hot-reloader-client.js:73
[   15063ms] [LOG] [Fast Refresh] done in 47ms @ webpack-internal:///(app-pages-browser)/./node_modules/.pnpm/next@15.2.6_react-dom@19.0.0_react@19.0.0__react@19.0.0/node_modules/next/dist/client/components/react-dev-overlay/app/hot-reloader-client.js:73
[   15066ms] [LOG] [Fast Refresh] rebuilding @ webpack-internal:///(app-pages-browser)/./node_modules/.pnpm/next@15.2.6_react-dom@19.0.0_react@19.0.0__react@19.0.0/node_modules/next/dist/client/components/react-dev-overlay/app/hot-reloader-client.js:241
[   15114ms] [LOG] [Fast Refresh] done in 48ms @ webpack-internal:///(app-pages-browser)/./node_modules/.pnpm/next@15.2.6_react-dom@19.0.0_react@19.0.0__react@19.0.0/node_modules/next/dist/client/components/react-dev-overlay/app/hot-reloader-client.js:73
[   15117ms] [LOG] [Fast Refresh] rebuilding @ webpack-internal:///(app-pages-browser)/./node_modules/.pnpm/next@15.2.6_react-dom@19.0.0_react@19.0.0__react@19.0.0/node_modules/next/dist/client/components/react-dev-overlay/app/hot-reloader-client.js:241
[   15164ms] [LOG] [Fast Refresh] done in 47ms @ webpack-internal:///(app-pages-browser)/./node_modules/.pnpm/next@15.2.6_react-dom@19.0.0_react@19.0.0__react@19.0.0/node_modules/next/dist/client/components/react-dev-overlay/app/hot-reloader-client.js:73
[   15167ms] [LOG] [Fast Refresh] rebuilding @ webpack-internal:///(app-pages-browser)/./node_modules/.pnpm/next@15.2.6_react-dom@19.0.0_react@19.0.0__react@19.0.0/node_modules/next/dist/client/components/react-dev-overlay/app/hot-reloader-client.js:241
[   15216ms] [LOG] [Fast Refresh] done in 49ms @ webpack-internal:///(app-pages-browser)/./node_modules/.pnpm/next@15.2.6_react-dom@19.0.0_react@19.0.0__react@19.0.0/node_modules/next/dist/client/components/react-dev-overlay/app/hot-reloader-client.js:73
[   15219ms] [LOG] [Fast Refresh] rebuilding @ webpack-internal:///(app-pages-browser)/./node_modules/.pnpm/next@15.2.6_react-dom@19.0.0_react@19.0.0__react@19.0.0/node_modules/next/dist/client/components/react-dev-overlay/app/hot-reloader-client.js:241
[   15267ms] [LOG] [Fast Refresh] rebuilding @ webpack-internal:///(app-pages-browser)/./node_modules/.pnpm/next@15.2.6_react-dom@19.0.0_react@19.0.0__react@19.0.0/node_modules/next/dist/client/components/react-dev-overlay/app/hot-reloader-client.js:241
[   15270ms] [LOG] [Fast Refresh] done in 3ms @ webpack-internal:///(app-pages-browser)/./node_modules/.pnpm/next@15.2.6_react-dom@19.0.0_react@19.0.0__react@19.0.0/node_modules/next/dist/client/components/react-dev-overlay/app/hot-reloader-client.js:73
[   15316ms] [LOG] [Fast Refresh] done in 49ms @ webpack-internal:///(app-pages-browser)/./node_modules/.pnpm/next@15.2.6_react-dom@19.0.0_react@19.0.0__react@19.0.0/node_modules/next/dist/client/components/react-dev-overlay/app/hot-reloader-client.js:73
[   15321ms] [LOG] [Fast Refresh] rebuilding @ webpack-internal:///(app-pages-browser)/./node_modules/.pnpm/next@15.2.6_react-dom@19.0.0_react@19.0.0__react@19.0.0/node_modules/next/dist/client/components/react-dev-overlay/app/hot-reloader-client.js:241
[   15370ms] [LOG] [Fast Refresh] done in 50ms @ webpack-internal:///(app-pages-browser)/./node_modules/.pnpm/next@15.2.6_react-dom@19.0.0_react@19.0.0__react@19.0.0/node_modules/next/dist/client/components/react-dev-overlay/app/hot-reloader-client.js:73
[   15373ms] [LOG] [Fast Refresh] rebuilding @ webpack-internal:///(app-pages-browser)/./node_modules/.pnpm/next@15.2.6_react-dom@19.0.0_react@19.0.0__react@19.0.0/node_modules/next/dist/client/components/react-dev-overlay/app/hot-reloader-client.js:241
[   15421ms] [LOG] [Fast Refresh] rebuilding @ webpack-internal:///(app-pages-browser)/./node_modules/.pnpm/next@15.2.6_react-dom@19.0.0_react@19.0.0__react@19.0.0/node_modules/next/dist/client/components/react-dev-overlay/app/hot-reloader-client.js:241
[   15423ms] [LOG] [Fast Refresh] done in 3ms @ webpack-internal:///(app-pages-browser)/./node_modules/.pnpm/next@15.2.6_react-dom@19.0.0_react@19.0.0__react@19.0.0/node_modules/next/dist/client/components/react-dev-overlay/app/hot-reloader-client.js:73
[   15471ms] [LOG] [Fast Refresh] done in 50ms @ webpack-internal:///(app-pages-browser)/./node_modules/.pnpm/next@15.2.6_react-dom@19.0.0_react@19.0.0__react@19.0.0/node_modules/next/dist/client/components/react-dev-overlay/app/hot-reloader-client.js:73
[   15474ms] [LOG] [Fast Refresh] rebuilding @ webpack-internal:///(app-pages-browser)/./node_modules/.pnpm/next@15.2.6_react-dom@19.0.0_react@19.0.0__react@19.0.0/node_modules/next/dist/client/components/react-dev-overlay/app/hot-reloader-client.js:241
[   15521ms] [LOG] [Fast Refresh] rebuilding @ webpack-internal:///(app-pages-browser)/./node_modules/.pnpm/next@15.2.6_react-dom@19.0.0_react@19.0.0__react@19.0.0/node_modules/next/dist/client/components/react-dev-overlay/app/hot-reloader-client.js:241
[   15523ms] [LOG] [Fast Refresh] done in 2ms @ webpack-internal:///(app-pages-browser)/./node_modules/.pnpm/next@15.2.6_react-dom@19.0.0_react@19.0.0__react@19.0.0/node_modules/next/dist/client/components/react-dev-overlay/app/hot-reloader-client.js:73
[   15572ms] [LOG] [Fast Refresh] rebuilding @ webpack-internal:///(app-pages-browser)/./node_modules/.pnpm/next@15.2.6_react-dom@19.0.0_react@19.0.0__react@19.0.0/node_modules/next/dist/client/components/react-dev-overlay/app/hot-reloader-client.js:241
[   15577ms] [LOG] [Fast Refresh] done in 6ms @ webpack-internal:///(app-pages-browser)/./node_modules/.pnpm/next@15.2.6_react-dom@19.0.0_react@19.0.0__react@19.0.0/node_modules/next/dist/client/components/react-dev-overlay/app/hot-reloader-client.js:73
[   15624ms] [LOG] [Fast Refresh] rebuilding @ webpack-internal:///(app-pages-browser)/./node_modules/.pnpm/next@15.2.6_react-dom@19.0.0_react@19.0.0__react@19.0.0/node_modules/next/dist/client/components/react-dev-overlay/app/hot-reloader-client.js:241
[   15629ms] [LOG] [Fast Refresh] done in 5ms @ webpack-internal:///(app-pages-browser)/./node_modules/.pnpm/next@15.2.6_react-dom@19.0.0_react@19.0.0__react@19.0.0/node_modules/next/dist/client/components/react-dev-overlay/app/hot-reloader-client.js:73
[   15673ms] [LOG] [Fast Refresh] done in 49ms @ webpack-internal:///(app-pages-browser)/./node_modules/.pnpm/next@15.2.6_react-dom@19.0.0_react@19.0.0__react@19.0.0/node_modules/next/dist/client/components/react-dev-overlay/app/hot-reloader-client.js:73
[   15676ms] [LOG] [Fast Refresh] rebuilding @ webpack-internal:///(app-pages-browser)/./node_modules/.pnpm/next@15.2.6_react-dom@19.0.0_react@19.0.0__react@19.0.0/node_modules/next/dist/client/components/react-dev-overlay/app/hot-reloader-client.js:241
[   15723ms] [LOG] [Fast Refresh] rebuilding @ webpack-internal:///(app-pages-browser)/./node_modules/.pnpm/next@15.2.6_react-dom@19.0.0_react@19.0.0__react@19.0.0/node_modules/next/dist/client/components/react-dev-overlay/app/hot-reloader-client.js:241
[   15728ms] [LOG] [Fast Refresh] done in 6ms @ webpack-internal:///(app-pages-browser)/./node_modules/.pnpm/next@15.2.6_react-dom@19.0.0_react@19.0.0__react@19.0.0/node_modules/next/dist/client/components/react-dev-overlay/app/hot-reloader-client.js:73
[   15771ms] [LOG] [Fast Refresh] done in 49ms @ webpack-internal:///(app-pages-browser)/./node_modules/.pnpm/next@15.2.6_react-dom@19.0.0_react@19.0.0__react@19.0.0/node_modules/next/dist/client/components/react-dev-overlay/app/hot-reloader-client.js:73
[   15774ms] [LOG] [Fast Refresh] rebuilding @ webpack-internal:///(app-pages-browser)/./node_modules/.pnpm/next@15.2.6_react-dom@19.0.0_react@19.0.0__react@19.0.0/node_modules/next/dist/client/components/react-dev-overlay/app/hot-reloader-client.js:241
[   15819ms] [LOG] [Fast Refresh] done in 45ms @ webpack-internal:///(app-pages-browser)/./node_modules/.pnpm/next@15.2.6_react-dom@19.0.0_react@19.0.0__react@19.0.0/node_modules/next/dist/client/components/react-dev-overlay/app/hot-reloader-client.js:73
[   15823ms] [LOG] [Fast Refresh] rebuilding @ webpack-internal:///(app-pages-browser)/./node_modules/.pnpm/next@15.2.6_react-dom@19.0.0_react@19.0.0__react@19.0.0/node_modules/next/dist/client/components/react-dev-overlay/app/hot-reloader-client.js:241
[   15873ms] [LOG] [Fast Refresh] done in 49ms @ webpack-internal:///(app-pages-browser)/./node_modules/.pnpm/next@15.2.6_react-dom@19.0.0_react@19.0.0__react@19.0.0/node_modules/next/dist/client/components/react-dev-overlay/app/hot-reloader-client.js:73
[   15875ms] [LOG] [Fast Refresh] rebuilding @ webpack-internal:///(app-pages-browser)/./node_modules/.pnpm/next@15.2.6_react-dom@19.0.0_react@19.0.0__react@19.0.0/node_modules/next/dist/client/components/react-dev-overlay/app/hot-reloader-client.js:241
[   15923ms] [LOG] [Fast Refresh] rebuilding @ webpack-internal:///(app-pages-browser)/./node_modules/.pnpm/next@15.2.6_react-dom@19.0.0_react@19.0.0__react@19.0.0/node_modules/next/dist/client/components/react-dev-overlay/app/hot-reloader-client.js:241
[   15926ms] [LOG] [Fast Refresh] done in 2ms @ webpack-internal:///(app-pages-browser)/./node_modules/.pnpm/next@15.2.6_react-dom@19.0.0_react@19.0.0__react@19.0.0/node_modules/next/dist/client/components/react-dev-overlay/app/hot-reloader-client.js:73
[   15973ms] [LOG] [Fast Refresh] done in 50ms @ webpack-internal:///(app-pages-browser)/./node_modules/.pnpm/next@15.2.6_react-dom@19.0.0_react@19.0.0__react@19.0.0/node_modules/next/dist/client/components/react-dev-overlay/app/hot-reloader-client.js:73
[   15978ms] [LOG] [Fast Refresh] rebuilding @ webpack-internal:///(app-pages-browser)/./node_modules/.pnpm/next@15.2.6_react-dom@19.0.0_react@19.0.0__react@19.0.0/node_modules/next/dist/client/components/react-dev-overlay/app/hot-reloader-client.js:241
[   16026ms] [LOG] [Fast Refresh] done in 48ms @ webpack-internal:///(app-pages-browser)/./node_modules/.pnpm/next@15.2.6_react-dom@19.0.0_react@19.0.0__react@19.0.0/node_modules/next/dist/client/components/react-dev-overlay/app/hot-reloader-client.js:73
[   16029ms] [LOG] [Fast Refresh] rebuilding @ webpack-internal:///(app-pages-browser)/./node_modules/.pnpm/next@15.2.6_react-dom@19.0.0_react@19.0.0__react@19.0.0/node_modules/next/dist/client/components/react-dev-overlay/app/hot-reloader-client.js:241
[   16078ms] [LOG] [Fast Refresh] done in 48ms @ webpack-internal:///(app-pages-browser)/./node_modules/.pnpm/next@15.2.6_react-dom@19.0.0_react@19.0.0__react@19.0.0/node_modules/next/dist/client/components/react-dev-overlay/app/hot-reloader-client.js:73
[   16081ms] [LOG] [Fast Refresh] rebuilding @ webpack-internal:///(app-pages-browser)/./node_modules/.pnpm/next@15.2.6_react-dom@19.0.0_react@19.0.0__react@19.0.0/node_modules/next/dist/client/components/react-dev-overlay/app/hot-reloader-client.js:241
[   16129ms] [LOG] [Fast Refresh] rebuilding @ webpack-internal:///(app-pages-browser)/./node_modules/.pnpm/next@15.2.6_react-dom@19.0.0_react@19.0.0__react@19.0.0/node_modules/next/dist/client/components/react-dev-overlay/app/hot-reloader-client.js:241
[   16131ms] [LOG] [Fast Refresh] done in 2ms @ webpack-internal:///(app-pages-browser)/./node_modules/.pnpm/next@15.2.6_react-dom@19.0.0_react@19.0.0__react@19.0.0/node_modules/next/dist/client/components/react-dev-overlay/app/hot-reloader-client.js:73
[   16179ms] [LOG] [Fast Refresh] rebuilding @ webpack-internal:///(app-pages-browser)/./node_modules/.pnpm/next@15.2.6_react-dom@19.0.0_react@19.0.0__react@19.0.0/node_modules/next/dist/client/components/react-dev-overlay/app/hot-reloader-client.js:241
[   16182ms] [LOG] [Fast Refresh] done in 3ms @ webpack-internal:///(app-pages-browser)/./node_modules/.pnpm/next@15.2.6_react-dom@19.0.0_react@19.0.0__react@19.0.0/node_modules/next/dist/client/components/react-dev-overlay/app/hot-reloader-client.js:73
[   16241ms] [LOG] [Fast Refresh] done in 62ms @ webpack-internal:///(app-pages-browser)/./node_modules/.pnpm/next@15.2.6_react-dom@19.0.0_react@19.0.0__react@19.0.0/node_modules/next/dist/client/components/react-dev-overlay/app/hot-reloader-client.js:73
[   16280ms] [LOG] [Fast Refresh] rebuilding @ webpack-internal:///(app-pages-browser)/./node_modules/.pnpm/next@15.2.6_react-dom@19.0.0_react@19.0.0__react@19.0.0/node_modules/next/dist/client/components/react-dev-overlay/app/hot-reloader-client.js:241
[   16329ms] [LOG] [Fast Refresh] done in 49ms @ webpack-internal:///(app-pages-browser)/./node_modules/.pnpm/next@15.2.6_react-dom@19.0.0_react@19.0.0__react@19.0.0/node_modules/next/dist/client/components/react-dev-overlay/app/hot-reloader-client.js:73
[   16332ms] [LOG] [Fast Refresh] rebuilding @ webpack-internal:///(app-pages-browser)/./node_modules/.pnpm/next@15.2.6_react-dom@19.0.0_react@19.0.0__react@19.0.0/node_modules/next/dist/client/components/react-dev-overlay/app/hot-reloader-client.js:241
[   16381ms] [LOG] [Fast Refresh] done in 48ms @ webpack-internal:///(app-pages-browser)/./node_modules/.pnpm/next@15.2.6_react-dom@19.0.0_react@19.0.0__react@19.0.0/node_modules/next/dist/client/components/react-dev-overlay/app/hot-reloader-client.js:73
[   16386ms] [LOG] [Fast Refresh] rebuilding @ webpack-internal:///(app-pages-browser)/./node_modules/.pnpm/next@15.2.6_react-dom@19.0.0_react@19.0.0__react@19.0.0/node_modules/next/dist/client/components/react-dev-overlay/app/hot-reloader-client.js:241
[   16432ms] [LOG] [Fast Refresh] rebuilding @ webpack-internal:///(app-pages-browser)/./node_modules/.pnpm/next@15.2.6_react-dom@19.0.0_react@19.0.0__react@19.0.0/node_modules/next/dist/client/components/react-dev-overlay/app/hot-reloader-client.js:241
[   16434ms] [LOG] [Fast Refresh] done in 3ms @ webpack-internal:///(app-pages-browser)/./node_modules/.pnpm/next@15.2.6_react-dom@19.0.0_react@19.0.0__react@19.0.0/node_modules/next/dist/client/components/react-dev-overlay/app/hot-reloader-client.js:73
[   16480ms] [LOG] [Fast Refresh] done in 49ms @ webpack-internal:///(app-pages-browser)/./node_modules/.pnpm/next@15.2.6_react-dom@19.0.0_react@19.0.0__react@19.0.0/node_modules/next/dist/client/components/react-dev-overlay/app/hot-reloader-client.js:73
[   16483ms] [LOG] [Fast Refresh] rebuilding @ webpack-internal:///(app-pages-browser)/./node_modules/.pnpm/next@15.2.6_react-dom@19.0.0_react@19.0.0__react@19.0.0/node_modules/next/dist/client/components/react-dev-overlay/app/hot-reloader-client.js:241
[   16528ms] [LOG] [Fast Refresh] done in 45ms @ webpack-internal:///(app-pages-browser)/./node_modules/.pnpm/next@15.2.6_react-dom@19.0.0_react@19.0.0__react@19.0.0/node_modules/next/dist/client/components/react-dev-overlay/app/hot-reloader-client.js:73
[   16531ms] [LOG] [Fast Refresh] rebuilding @ webpack-internal:///(app-pages-browser)/./node_modules/.pnpm/next@15.2.6_react-dom@19.0.0_react@19.0.0__react@19.0.0/node_modules/next/dist/client/components/react-dev-overlay/app/hot-reloader-client.js:241
[   16578ms] [LOG] [Fast Refresh] done in 47ms @ webpack-internal:///(app-pages-browser)/./node_modules/.pnpm/next@15.2.6_react-dom@19.0.0_react@19.0.0__react@19.0.0/node_modules/next/dist/client/components/react-dev-overlay/app/hot-reloader-client.js:73
[   16587ms] [LOG] [Fast Refresh] rebuilding @ webpack-internal:///(app-pages-browser)/./node_modules/.pnpm/next@15.2.6_react-dom@19.0.0_react@19.0.0__react@19.0.0/node_modules/next/dist/client/components/react-dev-overlay/app/hot-reloader-client.js:241
[   16631ms] [LOG] [Fast Refresh] rebuilding @ webpack-internal:///(app-pages-browser)/./node_modules/.pnpm/next@15.2.6_react-dom@19.0.0_react@19.0.0__react@19.0.0/node_modules/next/dist/client/components/react-dev-overlay/app/hot-reloader-client.js:241
[   16637ms] [LOG] [Fast Refresh] done in 5ms @ webpack-internal:///(app-pages-browser)/./node_modules/.pnpm/next@15.2.6_react-dom@19.0.0_react@19.0.0__react@19.0.0/node_modules/next/dist/client/components/react-dev-overlay/app/hot-reloader-client.js:73
[   16678ms] [LOG] [Fast Refresh] done in 47ms @ webpack-internal:///(app-pages-browser)/./node_modules/.pnpm/next@15.2.6_react-dom@19.0.0_react@19.0.0__react@19.0.0/node_modules/next/dist/client/components/react-dev-overlay/app/hot-reloader-client.js:73
[   16682ms] [LOG] [Fast Refresh] rebuilding @ webpack-internal:///(app-pages-browser)/./node_modules/.pnpm/next@15.2.6_react-dom@19.0.0_react@19.0.0__react@19.0.0/node_modules/next/dist/client/components/react-dev-overlay/app/hot-reloader-client.js:241
[   16732ms] [LOG] [Fast Refresh] done in 49ms @ webpack-internal:///(app-pages-browser)/./node_modules/.pnpm/next@15.2.6_react-dom@19.0.0_react@19.0.0__react@19.0.0/node_modules/next/dist/client/components/react-dev-overlay/app/hot-reloader-client.js:73
[   16735ms] [LOG] [Fast Refresh] rebuilding @ webpack-internal:///(app-pages-browser)/./node_modules/.pnpm/next@15.2.6_react-dom@19.0.0_react@19.0.0__react@19.0.0/node_modules/next/dist/client/components/react-dev-overlay/app/hot-reloader-client.js:241
[   16780ms] [LOG] [Fast Refresh] done in 45ms @ webpack-internal:///(app-pages-browser)/./node_modules/.pnpm/next@15.2.6_react-dom@19.0.0_react@19.0.0__react@19.0.0/node_modules/next/dist/client/components/react-dev-overlay/app/hot-reloader-client.js:73
[   16783ms] [LOG] [Fast Refresh] rebuilding @ webpack-internal:///(app-pages-browser)/./node_modules/.pnpm/next@15.2.6_react-dom@19.0.0_react@19.0.0__react@19.0.0/node_modules/next/dist/client/components/react-dev-overlay/app/hot-reloader-client.js:241
[   16830ms] [LOG] [Fast Refresh] done in 47ms @ webpack-internal:///(app-pages-browser)/./node_modules/.pnpm/next@15.2.6_react-dom@19.0.0_react@19.0.0__react@19.0.0/node_modules/next/dist/client/components/react-dev-overlay/app/hot-reloader-client.js:73
[   16834ms] [LOG] [Fast Refresh] rebuilding @ webpack-internal:///(app-pages-browser)/./node_modules/.pnpm/next@15.2.6_react-dom@19.0.0_react@19.0.0__react@19.0.0/node_modules/next/dist/client/components/react-dev-overlay/app/hot-reloader-client.js:241
[   16881ms] [LOG] [Fast Refresh] done in 47ms @ webpack-internal:///(app-pages-browser)/./node_modules/.pnpm/next@15.2.6_react-dom@19.0.0_react@19.0.0__react@19.0.0/node_modules/next/dist/client/components/react-dev-overlay/app/hot-reloader-client.js:73
[   16884ms] [LOG] [Fast Refresh] rebuilding @ webpack-internal:///(app-pages-browser)/./node_modules/.pnpm/next@15.2.6_react-dom@19.0.0_react@19.0.0__react@19.0.0/node_modules/next/dist/client/components/react-dev-overlay/app/hot-reloader-client.js:241
[   16934ms] [LOG] [Fast Refresh] rebuilding @ webpack-internal:///(app-pages-browser)/./node_modules/.pnpm/next@15.2.6_react-dom@19.0.0_react@19.0.0__react@19.0.0/node_modules/next/dist/client/components/react-dev-overlay/app/hot-reloader-client.js:241
[   16937ms] [LOG] [Fast Refresh] done in 2ms @ webpack-internal:///(app-pages-browser)/./node_modules/.pnpm/next@15.2.6_react-dom@19.0.0_react@19.0.0__react@19.0.0/node_modules/next/dist/client/components/react-dev-overlay/app/hot-reloader-client.js:73
[   16980ms] [LOG] [Fast Refresh] done in 45ms @ webpack-internal:///(app-pages-browser)/./node_modules/.pnpm/next@15.2.6_react-dom@19.0.0_react@19.0.0__react@19.0.0/node_modules/next/dist/client/components/react-dev-overlay/app/hot-reloader-client.js:73
[   16983ms] [LOG] [Fast Refresh] rebuilding @ webpack-internal:///(app-pages-browser)/./node_modules/.pnpm/next@15.2.6_react-dom@19.0.0_react@19.0.0__react@19.0.0/node_modules/next/dist/client/components/react-dev-overlay/app/hot-reloader-client.js:241
[   17030ms] [LOG] [Fast Refresh] done in 47ms @ webpack-internal:///(app-pages-browser)/./node_modules/.pnpm/next@15.2.6_react-dom@19.0.0_react@19.0.0__react@19.0.0/node_modules/next/dist/client/components/react-dev-overlay/app/hot-reloader-client.js:73
[   17035ms] [LOG] [Fast Refresh] rebuilding @ webpack-internal:///(app-pages-browser)/./node_modules/.pnpm/next@15.2.6_react-dom@19.0.0_react@19.0.0__react@19.0.0/node_modules/next/dist/client/components/react-dev-overlay/app/hot-reloader-client.js:241
[   17081ms] [LOG] [Fast Refresh] done in 46ms @ webpack-internal:///(app-pages-browser)/./node_modules/.pnpm/next@15.2.6_react-dom@19.0.0_react@19.0.0__react@19.0.0/node_modules/next/dist/client/components/react-dev-overlay/app/hot-reloader-client.js:73
[   17086ms] [LOG] [Fast Refresh] rebuilding @ webpack-internal:///(app-pages-browser)/./node_modules/.pnpm/next@15.2.6_react-dom@19.0.0_react@19.0.0__react@19.0.0/node_modules/next/dist/client/components/react-dev-overlay/app/hot-reloader-client.js:241
[   17133ms] [LOG] [Fast Refresh] done in 47ms @ webpack-internal:///(app-pages-browser)/./node_modules/.pnpm/next@15.2.6_react-dom@19.0.0_react@19.0.0__react@19.0.0/node_modules/next/dist/client/components/react-dev-overlay/app/hot-reloader-client.js:73
[   17136ms] [LOG] [Fast Refresh] rebuilding @ webpack-internal:///(app-pages-browser)/./node_modules/.pnpm/next@15.2.6_react-dom@19.0.0_react@19.0.0__react@19.0.0/node_modules/next/dist/client/components/react-dev-overlay/app/hot-reloader-client.js:241
[   17179ms] [LOG] [Fast Refresh] done in 44ms @ webpack-internal:///(app-pages-browser)/./node_modules/.pnpm/next@15.2.6_react-dom@19.0.0_react@19.0.0__react@19.0.0/node_modules/next/dist/client/components/react-dev-overlay/app/hot-reloader-client.js:73
[   17184ms] [LOG] [Fast Refresh] rebuilding @ webpack-internal:///(app-pages-browser)/./node_modules/.pnpm/next@15.2.6_react-dom@19.0.0_react@19.0.0__react@19.0.0/node_modules/next/dist/client/components/react-dev-overlay/app/hot-reloader-client.js:241
[   17229ms] [LOG] [Fast Refresh] done in 45ms @ webpack-internal:///(app-pages-browser)/./node_modules/.pnpm/next@15.2.6_react-dom@19.0.0_react@19.0.0__react@19.0.0/node_modules/next/dist/client/components/react-dev-overlay/app/hot-reloader-client.js:73
[   17235ms] [LOG] [Fast Refresh] rebuilding @ webpack-internal:///(app-pages-browser)/./node_modules/.pnpm/next@15.2.6_react-dom@19.0.0_react@19.0.0__react@19.0.0/node_modules/next/dist/client/components/react-dev-overlay/app/hot-reloader-client.js:241
[   17280ms] [LOG] [Fast Refresh] done in 45ms @ webpack-internal:///(app-pages-browser)/./node_modules/.pnpm/next@15.2.6_react-dom@19.0.0_react@19.0.0__react@19.0.0/node_modules/next/dist/client/components/react-dev-overlay/app/hot-reloader-client.js:73
[   17284ms] [LOG] [Fast Refresh] rebuilding @ webpack-internal:///(app-pages-browser)/./node_modules/.pnpm/next@15.2.6_react-dom@19.0.0_react@19.0.0__react@19.0.0/node_modules/next/dist/client/components/react-dev-overlay/app/hot-reloader-client.js:241
[   17330ms] [LOG] [Fast Refresh] done in 46ms @ webpack-internal:///(app-pages-browser)/./node_modules/.pnpm/next@15.2.6_react-dom@19.0.0_react@19.0.0__react@19.0.0/node_modules/next/dist/client/components/react-dev-overlay/app/hot-reloader-client.js:73
[   17335ms] [LOG] [Fast Refresh] rebuilding @ webpack-internal:///(app-pages-browser)/./node_modules/.pnpm/next@15.2.6_react-dom@19.0.0_react@19.0.0__react@19.0.0/node_modules/next/dist/client/components/react-dev-overlay/app/hot-reloader-client.js:241
[   17380ms] [LOG] [Fast Refresh] done in 45ms @ webpack-internal:///(app-pages-browser)/./node_modules/.pnpm/next@15.2.6_react-dom@19.0.0_react@19.0.0__react@19.0.0/node_modules/next/dist/client/components/react-dev-overlay/app/hot-reloader-client.js:73
[   17385ms] [LOG] [Fast Refresh] rebuilding @ webpack-internal:///(app-pages-browser)/./node_modules/.pnpm/next@15.2.6_react-dom@19.0.0_react@19.0.0__react@19.0.0/node_modules/next/dist/client/components/react-dev-overlay/app/hot-reloader-client.js:241
[   17429ms] [LOG] [Fast Refresh] done in 44ms @ webpack-internal:///(app-pages-browser)/./node_modules/.pnpm/next@15.2.6_react-dom@19.0.0_react@19.0.0__react@19.0.0/node_modules/next/dist/client/components/react-dev-overlay/app/hot-reloader-client.js:73
[   17435ms] [LOG] [Fast Refresh] rebuilding @ webpack-internal:///(app-pages-browser)/./node_modules/.pnpm/next@15.2.6_react-dom@19.0.0_react@19.0.0__react@19.0.0/node_modules/next/dist/client/components/react-dev-overlay/app/hot-reloader-client.js:241
[   17481ms] [LOG] [Fast Refresh] done in 47ms @ webpack-internal:///(app-pages-browser)/./node_modules/.pnpm/next@15.2.6_react-dom@19.0.0_react@19.0.0__react@19.0.0/node_modules/next/dist/client/components/react-dev-overlay/app/hot-reloader-client.js:73
[   17485ms] [LOG] [Fast Refresh] rebuilding @ webpack-internal:///(app-pages-browser)/./node_modules/.pnpm/next@15.2.6_react-dom@19.0.0_react@19.0.0__react@19.0.0/node_modules/next/dist/client/components/react-dev-overlay/app/hot-reloader-client.js:241
[   17533ms] [LOG] [Fast Refresh] done in 47ms @ webpack-internal:///(app-pages-browser)/./node_modules/.pnpm/next@15.2.6_react-dom@19.0.0_react@19.0.0__react@19.0.0/node_modules/next/dist/client/components/react-dev-overlay/app/hot-reloader-client.js:73
[   17536ms] [LOG] [Fast Refresh] rebuilding @ webpack-internal:///(app-pages-browser)/./node_modules/.pnpm/next@15.2.6_react-dom@19.0.0_react@19.0.0__react@19.0.0/node_modules/next/dist/client/components/react-dev-overlay/app/hot-reloader-client.js:241
[   17582ms] [LOG] [Fast Refresh] done in 46ms @ webpack-internal:///(app-pages-browser)/./node_modules/.pnpm/next@15.2.6_react-dom@19.0.0_react@19.0.0__react@19.0.0/node_modules/next/dist/client/components/react-dev-overlay/app/hot-reloader-client.js:73
[   17585ms] [LOG] [Fast Refresh] rebuilding @ webpack-internal:///(app-pages-browser)/./node_modules/.pnpm/next@15.2.6_react-dom@19.0.0_react@19.0.0__react@19.0.0/node_modules/next/dist/client/components/react-dev-overlay/app/hot-reloader-client.js:241
[   17630ms] [LOG] [Fast Refresh] done in 45ms @ webpack-internal:///(app-pages-browser)/./node_modules/.pnpm/next@15.2.6_react-dom@19.0.0_react@19.0.0__react@19.0.0/node_modules/next/dist/client/components/react-dev-overlay/app/hot-reloader-client.js:73
[   17636ms] [LOG] [Fast Refresh] rebuilding @ webpack-internal:///(app-pages-browser)/./node_modules/.pnpm/next@15.2.6_react-dom@19.0.0_react@19.0.0__react@19.0.0/node_modules/next/dist/client/components/react-dev-overlay/app/hot-reloader-client.js:241
[   17683ms] [LOG] [Fast Refresh] done in 47ms @ webpack-internal:///(app-pages-browser)/./node_modules/.pnpm/next@15.2.6_react-dom@19.0.0_react@19.0.0__react@19.0.0/node_modules/next/dist/client/components/react-dev-overlay/app/hot-reloader-client.js:73
[   17686ms] [LOG] [Fast Refresh] rebuilding @ webpack-internal:///(app-pages-browser)/./node_modules/.pnpm/next@15.2.6_react-dom@19.0.0_react@19.0.0__react@19.0.0/node_modules/next/dist/client/components/react-dev-overlay/app/hot-reloader-client.js:241
[   17732ms] [LOG] [Fast Refresh] done in 46ms @ webpack-internal:///(app-pages-browser)/./node_modules/.pnpm/next@15.2.6_react-dom@19.0.0_react@19.0.0__react@19.0.0/node_modules/next/dist/client/components/react-dev-overlay/app/hot-reloader-client.js:73
[   17735ms] [LOG] [Fast Refresh] rebuilding @ webpack-internal:///(app-pages-browser)/./node_modules/.pnpm/next@15.2.6_react-dom@19.0.0_react@19.0.0__react@19.0.0/node_modules/next/dist/client/components/react-dev-overlay/app/hot-reloader-client.js:241
[   17783ms] [LOG] [Fast Refresh] done in 47ms @ webpack-internal:///(app-pages-browser)/./node_modules/.pnpm/next@15.2.6_react-dom@19.0.0_react@19.0.0__react@19.0.0/node_modules/next/dist/client/components/react-dev-overlay/app/hot-reloader-client.js:73
[   17787ms] [LOG] [Fast Refresh] rebuilding @ webpack-internal:///(app-pages-browser)/./node_modules/.pnpm/next@15.2.6_react-dom@19.0.0_react@19.0.0__react@19.0.0/node_modules/next/dist/client/components/react-dev-overlay/app/hot-reloader-client.js:241
[   17835ms] [LOG] [Fast Refresh] done in 49ms @ webpack-internal:///(app-pages-browser)/./node_modules/.pnpm/next@15.2.6_react-dom@19.0.0_react@19.0.0__react@19.0.0/node_modules/next/dist/client/components/react-dev-overlay/app/hot-reloader-client.js:73
[   17838ms] [LOG] [Fast Refresh] rebuilding @ webpack-internal:///(app-pages-browser)/./node_modules/.pnpm/next@15.2.6_react-dom@19.0.0_react@19.0.0__react@19.0.0/node_modules/next/dist/client/components/react-dev-overlay/app/hot-reloader-client.js:241
[   17885ms] [LOG] [Fast Refresh] done in 47ms @ webpack-internal:///(app-pages-browser)/./node_modules/.pnpm/next@15.2.6_react-dom@19.0.0_react@19.0.0__react@19.0.0/node_modules/next/dist/client/components/react-dev-overlay/app/hot-reloader-client.js:73
[   17887ms] [LOG] [Fast Refresh] rebuilding @ webpack-internal:///(app-pages-browser)/./node_modules/.pnpm/next@15.2.6_react-dom@19.0.0_react@19.0.0__react@19.0.0/node_modules/next/dist/client/components/react-dev-overlay/app/hot-reloader-client.js:241
[   17935ms] [LOG] [Fast Refresh] done in 47ms @ webpack-internal:///(app-pages-browser)/./node_modules/.pnpm/next@15.2.6_react-dom@19.0.0_react@19.0.0__react@19.0.0/node_modules/next/dist/client/components/react-dev-overlay/app/hot-reloader-client.js:73
[   17938ms] [LOG] [Fast Refresh] rebuilding @ webpack-internal:///(app-pages-browser)/./node_modules/.pnpm/next@15.2.6_react-dom@19.0.0_react@19.0.0__react@19.0.0/node_modules/next/dist/client/components/react-dev-overlay/app/hot-reloader-client.js:241
[   17983ms] [LOG] [Fast Refresh] done in 46ms @ webpack-internal:///(app-pages-browser)/./node_modules/.pnpm/next@15.2.6_react-dom@19.0.0_react@19.0.0__react@19.0.0/node_modules/next/dist/client/components/react-dev-overlay/app/hot-reloader-client.js:73
[   17986ms] [LOG] [Fast Refresh] rebuilding @ webpack-internal:///(app-pages-browser)/./node_modules/.pnpm/next@15.2.6_react-dom@19.0.0_react@19.0.0__react@19.0.0/node_modules/next/dist/client/components/react-dev-overlay/app/hot-reloader-client.js:241
[   18033ms] [LOG] [Fast Refresh] done in 46ms @ webpack-internal:///(app-pages-browser)/./node_modules/.pnpm/next@15.2.6_react-dom@19.0.0_react@19.0.0__react@19.0.0/node_modules/next/dist/client/components/react-dev-overlay/app/hot-reloader-client.js:73
[   18036ms] [LOG] [Fast Refresh] rebuilding @ webpack-internal:///(app-pages-browser)/./node_modules/.pnpm/next@15.2.6_react-dom@19.0.0_react@19.0.0__react@19.0.0/node_modules/next/dist/client/components/react-dev-overlay/app/hot-reloader-client.js:241
[   18081ms] [LOG] [Fast Refresh] done in 45ms @ webpack-internal:///(app-pages-browser)/./node_modules/.pnpm/next@15.2.6_react-dom@19.0.0_react@19.0.0__react@19.0.0/node_modules/next/dist/client/components/react-dev-overlay/app/hot-reloader-client.js:73
[   18087ms] [LOG] [Fast Refresh] rebuilding @ webpack-internal:///(app-pages-browser)/./node_modules/.pnpm/next@15.2.6_react-dom@19.0.0_react@19.0.0__react@19.0.0/node_modules/next/dist/client/components/react-dev-overlay/app/hot-reloader-client.js:241
[   18132ms] [LOG] [Fast Refresh] done in 46ms @ webpack-internal:///(app-pages-browser)/./node_modules/.pnpm/next@15.2.6_react-dom@19.0.0_react@19.0.0__react@19.0.0/node_modules/next/dist/client/components/react-dev-overlay/app/hot-reloader-client.js:73
[   18137ms] [LOG] [Fast Refresh] rebuilding @ webpack-internal:///(app-pages-browser)/./node_modules/.pnpm/next@15.2.6_react-dom@19.0.0_react@19.0.0__react@19.0.0/node_modules/next/dist/client/components/react-dev-overlay/app/hot-reloader-client.js:241
[   18182ms] [LOG] [Fast Refresh] done in 46ms @ webpack-internal:///(app-pages-browser)/./node_modules/.pnpm/next@15.2.6_react-dom@19.0.0_react@19.0.0__react@19.0.0/node_modules/next/dist/client/components/react-dev-overlay/app/hot-reloader-client.js:73
[   18187ms] [LOG] [Fast Refresh] rebuilding @ webpack-internal:///(app-pages-browser)/./node_modules/.pnpm/next@15.2.6_react-dom@19.0.0_react@19.0.0__react@19.0.0/node_modules/next/dist/client/components/react-dev-overlay/app/hot-reloader-client.js:241
[   18233ms] [LOG] [Fast Refresh] done in 46ms @ webpack-internal:///(app-pages-browser)/./node_modules/.pnpm/next@15.2.6_react-dom@19.0.0_react@19.0.0__react@19.0.0/node_modules/next/dist/client/components/react-dev-overlay/app/hot-reloader-client.js:73
[   18237ms] [LOG] [Fast Refresh] rebuilding @ webpack-internal:///(app-pages-browser)/./node_modules/.pnpm/next@15.2.6_react-dom@19.0.0_react@19.0.0__react@19.0.0/node_modules/next/dist/client/components/react-dev-overlay/app/hot-reloader-client.js:241
[   18284ms] [LOG] [Fast Refresh] done in 46ms @ webpack-internal:///(app-pages-browser)/./node_modules/.pnpm/next@15.2.6_react-dom@19.0.0_react@19.0.0__react@19.0.0/node_modules/next/dist/client/components/react-dev-overlay/app/hot-reloader-client.js:73
[   18287ms] [LOG] [Fast Refresh] rebuilding @ webpack-internal:///(app-pages-browser)/./node_modules/.pnpm/next@15.2.6_react-dom@19.0.0_react@19.0.0__react@19.0.0/node_modules/next/dist/client/components/react-dev-overlay/app/hot-reloader-client.js:241
[   18334ms] [LOG] [Fast Refresh] done in 47ms @ webpack-internal:///(app-pages-browser)/./node_modules/.pnpm/next@15.2.6_react-dom@19.0.0_react@19.0.0__react@19.0.0/node_modules/next/dist/client/components/react-dev-overlay/app/hot-reloader-client.js:73
[   18337ms] [LOG] [Fast Refresh] rebuilding @ webpack-internal:///(app-pages-browser)/./node_modules/.pnpm/next@15.2.6_react-dom@19.0.0_react@19.0.0__react@19.0.0/node_modules/next/dist/client/components/react-dev-overlay/app/hot-reloader-client.js:241
[   18383ms] [LOG] [Fast Refresh] done in 46ms @ webpack-internal:///(app-pages-browser)/./node_modules/.pnpm/next@15.2.6_react-dom@19.0.0_react@19.0.0__react@19.0.0/node_modules/next/dist/client/components/react-dev-overlay/app/hot-reloader-client.js:73
[   18387ms] [LOG] [Fast Refresh] rebuilding @ webpack-internal:///(app-pages-browser)/./node_modules/.pnpm/next@15.2.6_react-dom@19.0.0_react@19.0.0__react@19.0.0/node_modules/next/dist/client/components/react-dev-overlay/app/hot-reloader-client.js:241
[   18432ms] [LOG] [Fast Refresh] done in 44ms @ webpack-internal:///(app-pages-browser)/./node_modules/.pnpm/next@15.2.6_react-dom@19.0.0_react@19.0.0__react@19.0.0/node_modules/next/dist/client/components/react-dev-overlay/app/hot-reloader-client.js:73
[   18438ms] [LOG] [Fast Refresh] rebuilding @ webpack-internal:///(app-pages-browser)/./node_modules/.pnpm/next@15.2.6_react-dom@19.0.0_react@19.0.0__react@19.0.0/node_modules/next/dist/client/components/react-dev-overlay/app/hot-reloader-client.js:241
[   18483ms] [LOG] [Fast Refresh] done in 46ms @ webpack-internal:///(app-pages-browser)/./node_modules/.pnpm/next@15.2.6_react-dom@19.0.0_react@19.0.0__react@19.0.0/node_modules/next/dist/client/components/react-dev-overlay/app/hot-reloader-client.js:73
[   18488ms] [LOG] [Fast Refresh] rebuilding @ webpack-internal:///(app-pages-browser)/./node_modules/.pnpm/next@15.2.6_react-dom@19.0.0_react@19.0.0__react@19.0.0/node_modules/next/dist/client/components/react-dev-overlay/app/hot-reloader-client.js:241
[   18538ms] [LOG] [Fast Refresh] done in 50ms @ webpack-internal:///(app-pages-browser)/./node_modules/.pnpm/next@15.2.6_react-dom@19.0.0_react@19.0.0__react@19.0.0/node_modules/next/dist/client/components/react-dev-overlay/app/hot-reloader-client.js:73
[   18542ms] [LOG] [Fast Refresh] rebuilding @ webpack-internal:///(app-pages-browser)/./node_modules/.pnpm/next@15.2.6_react-dom@19.0.0_react@19.0.0__react@19.0.0/node_modules/next/dist/client/components/react-dev-overlay/app/hot-reloader-client.js:241
[   18590ms] [LOG] [Fast Refresh] done in 49ms @ webpack-internal:///(app-pages-browser)/./node_modules/.pnpm/next@15.2.6_react-dom@19.0.0_react@19.0.0__react@19.0.0/node_modules/next/dist/client/components/react-dev-overlay/app/hot-reloader-client.js:73
[   18593ms] [LOG] [Fast Refresh] rebuilding @ webpack-internal:///(app-pages-browser)/./node_modules/.pnpm/next@15.2.6_react-dom@19.0.0_react@19.0.0__react@19.0.0/node_modules/next/dist/client/components/react-dev-overlay/app/hot-reloader-client.js:241
[   18660ms] [LOG] [Fast Refresh] done in 67ms @ webpack-internal:///(app-pages-browser)/./node_modules/.pnpm/next@15.2.6_react-dom@19.0.0_react@19.0.0__react@19.0.0/node_modules/next/dist/client/components/react-dev-overlay/app/hot-reloader-client.js:73
[   18692ms] [LOG] [Fast Refresh] rebuilding @ webpack-internal:///(app-pages-browser)/./node_modules/.pnpm/next@15.2.6_react-dom@19.0.0_react@19.0.0__react@19.0.0/node_modules/next/dist/client/components/react-dev-overlay/app/hot-reloader-client.js:241
[   18739ms] [LOG] [Fast Refresh] done in 47ms @ webpack-internal:///(app-pages-browser)/./node_modules/.pnpm/next@15.2.6_react-dom@19.0.0_react@19.0.0__react@19.0.0/node_modules/next/dist/client/components/react-dev-overlay/app/hot-reloader-client.js:73
[   18744ms] [LOG] [Fast Refresh] rebuilding @ webpack-internal:///(app-pages-browser)/./node_modules/.pnpm/next@15.2.6_react-dom@19.0.0_react@19.0.0__react@19.0.0/node_modules/next/dist/client/components/react-dev-overlay/app/hot-reloader-client.js:241
[   18790ms] [LOG] [Fast Refresh] done in 47ms @ webpack-internal:///(app-pages-browser)/./node_modules/.pnpm/next@15.2.6_react-dom@19.0.0_react@19.0.0__react@19.0.0/node_modules/next/dist/client/components/react-dev-overlay/app/hot-reloader-client.js:73
[   18793ms] [LOG] [Fast Refresh] rebuilding @ webpack-internal:///(app-pages-browser)/./node_modules/.pnpm/next@15.2.6_react-dom@19.0.0_react@19.0.0__react@19.0.0/node_modules/next/dist/client/components/react-dev-overlay/app/hot-reloader-client.js:241
[   18839ms] [LOG] [Fast Refresh] done in 45ms @ webpack-internal:///(app-pages-browser)/./node_modules/.pnpm/next@15.2.6_react-dom@19.0.0_react@19.0.0__react@19.0.0/node_modules/next/dist/client/components/react-dev-overlay/app/hot-reloader-client.js:73
[   18848ms] [LOG] [Fast Refresh] rebuilding @ webpack-internal:///(app-pages-browser)/./node_modules/.pnpm/next@15.2.6_react-dom@19.0.0_react@19.0.0__react@19.0.0/node_modules/next/dist/client/components/react-dev-overlay/app/hot-reloader-client.js:241
[   18893ms] [LOG] [Fast Refresh] rebuilding @ webpack-internal:///(app-pages-browser)/./node_modules/.pnpm/next@15.2.6_react-dom@19.0.0_react@19.0.0__react@19.0.0/node_modules/next/dist/client/components/react-dev-overlay/app/hot-reloader-client.js:241
[   18898ms] [LOG] [Fast Refresh] done in 5ms @ webpack-internal:///(app-pages-browser)/./node_modules/.pnpm/next@15.2.6_react-dom@19.0.0_react@19.0.0__react@19.0.0/node_modules/next/dist/client/components/react-dev-overlay/app/hot-reloader-client.js:73
[   18939ms] [LOG] [Fast Refresh] done in 46ms @ webpack-internal:///(app-pages-browser)/./node_modules/.pnpm/next@15.2.6_react-dom@19.0.0_react@19.0.0__react@19.0.0/node_modules/next/dist/client/components/react-dev-overlay/app/hot-reloader-client.js:73
[   18943ms] [LOG] [Fast Refresh] rebuilding @ webpack-internal:///(app-pages-browser)/./node_modules/.pnpm/next@15.2.6_react-dom@19.0.0_react@19.0.0__react@19.0.0/node_modules/next/dist/client/components/react-dev-overlay/app/hot-reloader-client.js:241
[   18990ms] [LOG] [Fast Refresh] done in 47ms @ webpack-internal:///(app-pages-browser)/./node_modules/.pnpm/next@15.2.6_react-dom@19.0.0_react@19.0.0__react@19.0.0/node_modules/next/dist/client/components/react-dev-overlay/app/hot-reloader-client.js:73
[   18992ms] [LOG] [Fast Refresh] rebuilding @ webpack-internal:///(app-pages-browser)/./node_modules/.pnpm/next@15.2.6_react-dom@19.0.0_react@19.0.0__react@19.0.0/node_modules/next/dist/client/components/react-dev-overlay/app/hot-reloader-client.js:241
[   19039ms] [LOG] [Fast Refresh] done in 46ms @ webpack-internal:///(app-pages-browser)/./node_modules/.pnpm/next@15.2.6_react-dom@19.0.0_react@19.0.0__react@19.0.0/node_modules/next/dist/client/components/react-dev-overlay/app/hot-reloader-client.js:73
[   19043ms] [LOG] [Fast Refresh] rebuilding @ webpack-internal:///(app-pages-browser)/./node_modules/.pnpm/next@15.2.6_react-dom@19.0.0_react@19.0.0__react@19.0.0/node_modules/next/dist/client/components/react-dev-overlay/app/hot-reloader-client.js:241
[   19089ms] [LOG] [Fast Refresh] done in 45ms @ webpack-internal:///(app-pages-browser)/./node_modules/.pnpm/next@15.2.6_react-dom@19.0.0_react@19.0.0__react@19.0.0/node_modules/next/dist/client/components/react-dev-overlay/app/hot-reloader-client.js:73
[   19094ms] [LOG] [Fast Refresh] rebuilding @ webpack-internal:///(app-pages-browser)/./node_modules/.pnpm/next@15.2.6_react-dom@19.0.0_react@19.0.0__react@19.0.0/node_modules/next/dist/client/components/react-dev-overlay/app/hot-reloader-client.js:241
[   19142ms] [LOG] [Fast Refresh] done in 49ms @ webpack-internal:///(app-pages-browser)/./node_modules/.pnpm/next@15.2.6_react-dom@19.0.0_react@19.0.0__react@19.0.0/node_modules/next/dist/client/components/react-dev-overlay/app/hot-reloader-client.js:73
[   19146ms] [LOG] [Fast Refresh] rebuilding @ webpack-internal:///(app-pages-browser)/./node_modules/.pnpm/next@15.2.6_react-dom@19.0.0_react@19.0.0__react@19.0.0/node_modules/next/dist/client/components/react-dev-overlay/app/hot-reloader-client.js:241
[   19191ms] [LOG] [Fast Refresh] done in 45ms @ webpack-internal:///(app-pages-browser)/./node_modules/.pnpm/next@15.2.6_react-dom@19.0.0_react@19.0.0__react@19.0.0/node_modules/next/dist/client/components/react-dev-overlay/app/hot-reloader-client.js:73
[   19194ms] [LOG] [Fast Refresh] rebuilding @ webpack-internal:///(app-pages-browser)/./node_modules/.pnpm/next@15.2.6_react-dom@19.0.0_react@19.0.0__react@19.0.0/node_modules/next/dist/client/components/react-dev-overlay/app/hot-reloader-client.js:241
[   19239ms] [LOG] [Fast Refresh] done in 45ms @ webpack-internal:///(app-pages-browser)/./node_modules/.pnpm/next@15.2.6_react-dom@19.0.0_react@19.0.0__react@19.0.0/node_modules/next/dist/client/components/react-dev-overlay/app/hot-reloader-client.js:73
[   19244ms] [LOG] [Fast Refresh] rebuilding @ webpack-internal:///(app-pages-browser)/./node_modules/.pnpm/next@15.2.6_react-dom@19.0.0_react@19.0.0__react@19.0.0/node_modules/next/dist/client/components/react-dev-overlay/app/hot-reloader-client.js:241
[   19291ms] [LOG] [Fast Refresh] done in 47ms @ webpack-internal:///(app-pages-browser)/./node_modules/.pnpm/next@15.2.6_react-dom@19.0.0_react@19.0.0__react@19.0.0/node_modules/next/dist/client/components/react-dev-overlay/app/hot-reloader-client.js:73
[   19295ms] [LOG] [Fast Refresh] rebuilding @ webpack-internal:///(app-pages-browser)/./node_modules/.pnpm/next@15.2.6_react-dom@19.0.0_react@19.0.0__react@19.0.0/node_modules/next/dist/client/components/react-dev-overlay/app/hot-reloader-client.js:241
[   19341ms] [LOG] [Fast Refresh] done in 45ms @ webpack-internal:///(app-pages-browser)/./node_modules/.pnpm/next@15.2.6_react-dom@19.0.0_react@19.0.0__react@19.0.0/node_modules/next/dist/client/components/react-dev-overlay/app/hot-reloader-client.js:73
[   19344ms] [LOG] [Fast Refresh] rebuilding @ webpack-internal:///(app-pages-browser)/./node_modules/.pnpm/next@15.2.6_react-dom@19.0.0_react@19.0.0__react@19.0.0/node_modules/next/dist/client/components/react-dev-overlay/app/hot-reloader-client.js:241
[   19393ms] [LOG] [Fast Refresh] done in 49ms @ webpack-internal:///(app-pages-browser)/./node_modules/.pnpm/next@15.2.6_react-dom@19.0.0_react@19.0.0__react@19.0.0/node_modules/next/dist/client/components/react-dev-overlay/app/hot-reloader-client.js:73
[   19396ms] [LOG] [Fast Refresh] rebuilding @ webpack-internal:///(app-pages-browser)/./node_modules/.pnpm/next@15.2.6_react-dom@19.0.0_react@19.0.0__react@19.0.0/node_modules/next/dist/client/components/react-dev-overlay/app/hot-reloader-client.js:241
[   19441ms] [LOG] [Fast Refresh] done in 45ms @ webpack-internal:///(app-pages-browser)/./node_modules/.pnpm/next@15.2.6_react-dom@19.0.0_react@19.0.0__react@19.0.0/node_modules/next/dist/client/components/react-dev-overlay/app/hot-reloader-client.js:73
[   19444ms] [LOG] [Fast Refresh] rebuilding @ webpack-internal:///(app-pages-browser)/./node_modules/.pnpm/next@15.2.6_react-dom@19.0.0_react@19.0.0__react@19.0.0/node_modules/next/dist/client/components/react-dev-overlay/app/hot-reloader-client.js:241
[   19490ms] [LOG] [Fast Refresh] done in 46ms @ webpack-internal:///(app-pages-browser)/./node_modules/.pnpm/next@15.2.6_react-dom@19.0.0_react@19.0.0__react@19.0.0/node_modules/next/dist/client/components/react-dev-overlay/app/hot-reloader-client.js:73
[   19495ms] [LOG] [Fast Refresh] rebuilding @ webpack-internal:///(app-pages-browser)/./node_modules/.pnpm/next@15.2.6_react-dom@19.0.0_react@19.0.0__react@19.0.0/node_modules/next/dist/client/components/react-dev-overlay/app/hot-reloader-client.js:241
[   19540ms] [LOG] [Fast Refresh] done in 46ms @ webpack-internal:///(app-pages-browser)/./node_modules/.pnpm/next@15.2.6_react-dom@19.0.0_react@19.0.0__react@19.0.0/node_modules/next/dist/client/components/react-dev-overlay/app/hot-reloader-client.js:73
[   19547ms] [LOG] [Fast Refresh] rebuilding @ webpack-internal:///(app-pages-browser)/./node_modules/.pnpm/next@15.2.6_react-dom@19.0.0_react@19.0.0__react@19.0.0/node_modules/next/dist/client/components/react-dev-overlay/app/hot-reloader-client.js:241
[   19595ms] [LOG] [Fast Refresh] rebuilding @ webpack-internal:///(app-pages-browser)/./node_modules/.pnpm/next@15.2.6_react-dom@19.0.0_react@19.0.0__react@19.0.0/node_modules/next/dist/client/components/react-dev-overlay/app/hot-reloader-client.js:241
[   19599ms] [LOG] [Fast Refresh] done in 4ms @ webpack-internal:///(app-pages-browser)/./node_modules/.pnpm/next@15.2.6_react-dom@19.0.0_react@19.0.0__react@19.0.0/node_modules/next/dist/client/components/react-dev-overlay/app/hot-reloader-client.js:73
[   19641ms] [LOG] [Fast Refresh] done in 45ms @ webpack-internal:///(app-pages-browser)/./node_modules/.pnpm/next@15.2.6_react-dom@19.0.0_react@19.0.0__react@19.0.0/node_modules/next/dist/client/components/react-dev-overlay/app/hot-reloader-client.js:73
[   19646ms] [LOG] [Fast Refresh] rebuilding @ webpack-internal:///(app-pages-browser)/./node_modules/.pnpm/next@15.2.6_react-dom@19.0.0_react@19.0.0__react@19.0.0/node_modules/next/dist/client/components/react-dev-overlay/app/hot-reloader-client.js:241
[   19693ms] [LOG] [Fast Refresh] done in 47ms @ webpack-internal:///(app-pages-browser)/./node_modules/.pnpm/next@15.2.6_react-dom@19.0.0_react@19.0.0__react@19.0.0/node_modules/next/dist/client/components/react-dev-overlay/app/hot-reloader-client.js:73
[   19696ms] [LOG] [Fast Refresh] rebuilding @ webpack-internal:///(app-pages-browser)/./node_modules/.pnpm/next@15.2.6_react-dom@19.0.0_react@19.0.0__react@19.0.0/node_modules/next/dist/client/components/react-dev-overlay/app/hot-reloader-client.js:241
[   19741ms] [LOG] [Fast Refresh] done in 44ms @ webpack-internal:///(app-pages-browser)/./node_modules/.pnpm/next@15.2.6_react-dom@19.0.0_react@19.0.0__react@19.0.0/node_modules/next/dist/client/components/react-dev-overlay/app/hot-reloader-client.js:73
[   19746ms] [LOG] [Fast Refresh] rebuilding @ webpack-internal:///(app-pages-browser)/./node_modules/.pnpm/next@15.2.6_react-dom@19.0.0_react@19.0.0__react@19.0.0/node_modules/next/dist/client/components/react-dev-overlay/app/hot-reloader-client.js:241
[   19791ms] [LOG] [Fast Refresh] done in 44ms @ webpack-internal:///(app-pages-browser)/./node_modules/.pnpm/next@15.2.6_react-dom@19.0.0_react@19.0.0__react@19.0.0/node_modules/next/dist/client/components/react-dev-overlay/app/hot-reloader-client.js:73
[   19803ms] [LOG] [Fast Refresh] rebuilding @ webpack-internal:///(app-pages-browser)/./node_modules/.pnpm/next@15.2.6_react-dom@19.0.0_react@19.0.0__react@19.0.0/node_modules/next/dist/client/components/react-dev-overlay/app/hot-reloader-client.js:241
[   19847ms] [LOG] [Fast Refresh] rebuilding @ webpack-internal:///(app-pages-browser)/./node_modules/.pnpm/next@15.2.6_react-dom@19.0.0_react@19.0.0__react@19.0.0/node_modules/next/dist/client/components/react-dev-overlay/app/hot-reloader-client.js:241
[   19855ms] [LOG] [Fast Refresh] done in 8ms @ webpack-internal:///(app-pages-browser)/./node_modules/.pnpm/next@15.2.6_react-dom@19.0.0_react@19.0.0__react@19.0.0/node_modules/next/dist/client/components/react-dev-overlay/app/hot-reloader-client.js:73
[   19892ms] [LOG] [Fast Refresh] done in 46ms @ webpack-internal:///(app-pages-browser)/./node_modules/.pnpm/next@15.2.6_react-dom@19.0.0_react@19.0.0__react@19.0.0/node_modules/next/dist/client/components/react-dev-overlay/app/hot-reloader-client.js:73
[   19897ms] [LOG] [Fast Refresh] rebuilding @ webpack-internal:///(app-pages-browser)/./node_modules/.pnpm/next@15.2.6_react-dom@19.0.0_react@19.0.0__react@19.0.0/node_modules/next/dist/client/components/react-dev-overlay/app/hot-reloader-client.js:241
[   19945ms] [LOG] [Fast Refresh] done in 48ms @ webpack-internal:///(app-pages-browser)/./node_modules/.pnpm/next@15.2.6_react-dom@19.0.0_react@19.0.0__react@19.0.0/node_modules/next/dist/client/components/react-dev-overlay/app/hot-reloader-client.js:73
[   19948ms] [LOG] [Fast Refresh] rebuilding @ webpack-internal:///(app-pages-browser)/./node_modules/.pnpm/next@15.2.6_react-dom@19.0.0_react@19.0.0__react@19.0.0/node_modules/next/dist/client/components/react-dev-overlay/app/hot-reloader-client.js:241
[   19994ms] [LOG] [Fast Refresh] done in 46ms @ webpack-internal:///(app-pages-browser)/./node_modules/.pnpm/next@15.2.6_react-dom@19.0.0_react@19.0.0__react@19.0.0/node_modules/next/dist/client/components/react-dev-overlay/app/hot-reloader-client.js:73
[   20002ms] [LOG] [Fast Refresh] rebuilding @ webpack-internal:///(app-pages-browser)/./node_modules/.pnpm/next@15.2.6_react-dom@19.0.0_react@19.0.0__react@19.0.0/node_modules/next/dist/client/components/react-dev-overlay/app/hot-reloader-client.js:241
[   20046ms] [LOG] [Fast Refresh] done in 45ms @ webpack-internal:///(app-pages-browser)/./node_modules/.pnpm/next@15.2.6_react-dom@19.0.0_react@19.0.0__react@19.0.0/node_modules/next/dist/client/components/react-dev-overlay/app/hot-reloader-client.js:73
[   20050ms] [LOG] [Fast Refresh] rebuilding @ webpack-internal:///(app-pages-browser)/./node_modules/.pnpm/next@15.2.6_react-dom@19.0.0_react@19.0.0__react@19.0.0/node_modules/next/dist/client/components/react-dev-overlay/app/hot-reloader-client.js:241
[   20098ms] [LOG] [Fast Refresh] done in 47ms @ webpack-internal:///(app-pages-browser)/./node_modules/.pnpm/next@15.2.6_react-dom@19.0.0_react@19.0.0__react@19.0.0/node_modules/next/dist/client/components/react-dev-overlay/app/hot-reloader-client.js:73
[   20101ms] [LOG] [Fast Refresh] rebuilding @ webpack-internal:///(app-pages-browser)/./node_modules/.pnpm/next@15.2.6_react-dom@19.0.0_react@19.0.0__react@19.0.0/node_modules/next/dist/client/components/react-dev-overlay/app/hot-reloader-client.js:241
[   20148ms] [LOG] [Fast Refresh] done in 47ms @ webpack-internal:///(app-pages-browser)/./node_modules/.pnpm/next@15.2.6_react-dom@19.0.0_react@19.0.0__react@19.0.0/node_modules/next/dist/client/components/react-dev-overlay/app/hot-reloader-client.js:73
[   20152ms] [LOG] [Fast Refresh] rebuilding @ webpack-internal:///(app-pages-browser)/./node_modules/.pnpm/next@15.2.6_react-dom@19.0.0_react@19.0.0__react@19.0.0/node_modules/next/dist/client/components/react-dev-overlay/app/hot-reloader-client.js:241
[   20199ms] [LOG] [Fast Refresh] rebuilding @ webpack-internal:///(app-pages-browser)/./node_modules/.pnpm/next@15.2.6_react-dom@19.0.0_react@19.0.0__react@19.0.0/node_modules/next/dist/client/components/react-dev-overlay/app/hot-reloader-client.js:241
[   20206ms] [LOG] [Fast Refresh] done in 7ms @ webpack-internal:///(app-pages-browser)/./node_modules/.pnpm/next@15.2.6_react-dom@19.0.0_react@19.0.0__react@19.0.0/node_modules/next/dist/client/components/react-dev-overlay/app/hot-reloader-client.js:73
[   20261ms] [LOG] [Fast Refresh] done in 63ms @ webpack-internal:///(app-pages-browser)/./node_modules/.pnpm/next@15.2.6_react-dom@19.0.0_react@19.0.0__react@19.0.0/node_modules/next/dist/client/components/react-dev-overlay/app/hot-reloader-client.js:73
[   20302ms] [LOG] [Fast Refresh] rebuilding @ webpack-internal:///(app-pages-browser)/./node_modules/.pnpm/next@15.2.6_react-dom@19.0.0_react@19.0.0__react@19.0.0/node_modules/next/dist/client/components/react-dev-overlay/app/hot-reloader-client.js:241
[   20350ms] [LOG] [Fast Refresh] done in 48ms @ webpack-internal:///(app-pages-browser)/./node_modules/.pnpm/next@15.2.6_react-dom@19.0.0_react@19.0.0__react@19.0.0/node_modules/next/dist/client/components/react-dev-overlay/app/hot-reloader-client.js:73
[   20353ms] [LOG] [Fast Refresh] rebuilding @ webpack-internal:///(app-pages-browser)/./node_modules/.pnpm/next@15.2.6_react-dom@19.0.0_react@19.0.0__react@19.0.0/node_modules/next/dist/client/components/react-dev-overlay/app/hot-reloader-client.js:241
[   20400ms] [LOG] [Fast Refresh] done in 47ms @ webpack-internal:///(app-pages-browser)/./node_modules/.pnpm/next@15.2.6_react-dom@19.0.0_react@19.0.0__react@19.0.0/node_modules/next/dist/client/components/react-dev-overlay/app/hot-reloader-client.js:73
[   20404ms] [LOG] [Fast Refresh] rebuilding @ webpack-internal:///(app-pages-browser)/./node_modules/.pnpm/next@15.2.6_react-dom@19.0.0_react@19.0.0__react@19.0.0/node_modules/next/dist/client/components/react-dev-overlay/app/hot-reloader-client.js:241
[   20450ms] [LOG] [Fast Refresh] done in 46ms @ webpack-internal:///(app-pages-browser)/./node_modules/.pnpm/next@15.2.6_react-dom@19.0.0_react@19.0.0__react@19.0.0/node_modules/next/dist/client/components/react-dev-overlay/app/hot-reloader-client.js:73
[   20453ms] [LOG] [Fast Refresh] rebuilding @ webpack-internal:///(app-pages-browser)/./node_modules/.pnpm/next@15.2.6_react-dom@19.0.0_react@19.0.0__react@19.0.0/node_modules/next/dist/client/components/react-dev-overlay/app/hot-reloader-client.js:241
[   20498ms] [LOG] [Fast Refresh] done in 46ms @ webpack-internal:///(app-pages-browser)/./node_modules/.pnpm/next@15.2.6_react-dom@19.0.0_react@19.0.0__react@19.0.0/node_modules/next/dist/client/components/react-dev-overlay/app/hot-reloader-client.js:73
[   20503ms] [LOG] [Fast Refresh] rebuilding @ webpack-internal:///(app-pages-browser)/./node_modules/.pnpm/next@15.2.6_react-dom@19.0.0_react@19.0.0__react@19.0.0/node_modules/next/dist/client/components/react-dev-overlay/app/hot-reloader-client.js:241
[   20551ms] [LOG] [Fast Refresh] done in 49ms @ webpack-internal:///(app-pages-browser)/./node_modules/.pnpm/next@15.2.6_react-dom@19.0.0_react@19.0.0__react@19.0.0/node_modules/next/dist/client/components/react-dev-overlay/app/hot-reloader-client.js:73
[   20554ms] [LOG] [Fast Refresh] rebuilding @ webpack-internal:///(app-pages-browser)/./node_modules/.pnpm/next@15.2.6_react-dom@19.0.0_react@19.0.0__react@19.0.0/node_modules/next/dist/client/components/react-dev-overlay/app/hot-reloader-client.js:241
[   20602ms] [LOG] [Fast Refresh] done in 47ms @ webpack-internal:///(app-pages-browser)/./node_modules/.pnpm/next@15.2.6_react-dom@19.0.0_react@19.0.0__react@19.0.0/node_modules/next/dist/client/components/react-dev-overlay/app/hot-reloader-client.js:73
[   20604ms] [LOG] [Fast Refresh] rebuilding @ webpack-internal:///(app-pages-browser)/./node_modules/.pnpm/next@15.2.6_react-dom@19.0.0_react@19.0.0__react@19.0.0/node_modules/next/dist/client/components/react-dev-overlay/app/hot-reloader-client.js:241
[   20649ms] [LOG] [Fast Refresh] done in 45ms @ webpack-internal:///(app-pages-browser)/./node_modules/.pnpm/next@15.2.6_react-dom@19.0.0_react@19.0.0__react@19.0.0/node_modules/next/dist/client/components/react-dev-overlay/app/hot-reloader-client.js:73
[   20653ms] [LOG] [Fast Refresh] rebuilding @ webpack-internal:///(app-pages-browser)/./node_modules/.pnpm/next@15.2.6_react-dom@19.0.0_react@19.0.0__react@19.0.0/node_modules/next/dist/client/components/react-dev-overlay/app/hot-reloader-client.js:241
[   20699ms] [LOG] [Fast Refresh] done in 47ms @ webpack-internal:///(app-pages-browser)/./node_modules/.pnpm/next@15.2.6_react-dom@19.0.0_react@19.0.0__react@19.0.0/node_modules/next/dist/client/components/react-dev-overlay/app/hot-reloader-client.js:73
[   20703ms] [LOG] [Fast Refresh] rebuilding @ webpack-internal:///(app-pages-browser)/./node_modules/.pnpm/next@15.2.6_react-dom@19.0.0_react@19.0.0__react@19.0.0/node_modules/next/dist/client/components/react-dev-overlay/app/hot-reloader-client.js:241
[   20749ms] [LOG] [Fast Refresh] done in 47ms @ webpack-internal:///(app-pages-browser)/./node_modules/.pnpm/next@15.2.6_react-dom@19.0.0_react@19.0.0__react@19.0.0/node_modules/next/dist/client/components/react-dev-overlay/app/hot-reloader-client.js:73
[   20753ms] [LOG] [Fast Refresh] rebuilding @ webpack-internal:///(app-pages-browser)/./node_modules/.pnpm/next@15.2.6_react-dom@19.0.0_react@19.0.0__react@19.0.0/node_modules/next/dist/client/components/react-dev-overlay/app/hot-reloader-client.js:241
[   20799ms] [LOG] [Fast Refresh] done in 46ms @ webpack-internal:///(app-pages-browser)/./node_modules/.pnpm/next@15.2.6_react-dom@19.0.0_react@19.0.0__react@19.0.0/node_modules/next/dist/client/components/react-dev-overlay/app/hot-reloader-client.js:73
[   20803ms] [LOG] [Fast Refresh] rebuilding @ webpack-internal:///(app-pages-browser)/./node_modules/.pnpm/next@15.2.6_react-dom@19.0.0_react@19.0.0__react@19.0.0/node_modules/next/dist/client/components/react-dev-overlay/app/hot-reloader-client.js:241
[   20849ms] [LOG] [Fast Refresh] done in 45ms @ webpack-internal:///(app-pages-browser)/./node_modules/.pnpm/next@15.2.6_react-dom@19.0.0_react@19.0.0__react@19.0.0/node_modules/next/dist/client/components/react-dev-overlay/app/hot-reloader-client.js:73
[   20855ms] [LOG] [Fast Refresh] rebuilding @ webpack-internal:///(app-pages-browser)/./node_modules/.pnpm/next@15.2.6_react-dom@19.0.0_react@19.0.0__react@19.0.0/node_modules/next/dist/client/components/react-dev-overlay/app/hot-reloader-client.js:241
[   20901ms] [LOG] [Fast Refresh] done in 46ms @ webpack-internal:///(app-pages-browser)/./node_modules/.pnpm/next@15.2.6_react-dom@19.0.0_react@19.0.0__react@19.0.0/node_modules/next/dist/client/components/react-dev-overlay/app/hot-reloader-client.js:73
[   20904ms] [LOG] [Fast Refresh] rebuilding @ webpack-internal:///(app-pages-browser)/./node_modules/.pnpm/next@15.2.6_react-dom@19.0.0_react@19.0.0__react@19.0.0/node_modules/next/dist/client/components/react-dev-overlay/app/hot-reloader-client.js:241
[   20950ms] [LOG] [Fast Refresh] done in 45ms @ webpack-internal:///(app-pages-browser)/./node_modules/.pnpm/next@15.2.6_react-dom@19.0.0_react@19.0.0__react@19.0.0/node_modules/next/dist/client/components/react-dev-overlay/app/hot-reloader-client.js:73
[   20954ms] [LOG] [Fast Refresh] rebuilding @ webpack-internal:///(app-pages-browser)/./node_modules/.pnpm/next@15.2.6_react-dom@19.0.0_react@19.0.0__react@19.0.0/node_modules/next/dist/client/components/react-dev-overlay/app/hot-reloader-client.js:241
[   21003ms] [LOG] [Fast Refresh] done in 49ms @ webpack-internal:///(app-pages-browser)/./node_modules/.pnpm/next@15.2.6_react-dom@19.0.0_react@19.0.0__react@19.0.0/node_modules/next/dist/client/components/react-dev-overlay/app/hot-reloader-client.js:73
[   21018ms] [LOG] [Fast Refresh] rebuilding @ webpack-internal:///(app-pages-browser)/./node_modules/.pnpm/next@15.2.6_react-dom@19.0.0_react@19.0.0__react@19.0.0/node_modules/next/dist/client/components/react-dev-overlay/app/hot-reloader-client.js:241
[   21066ms] [LOG] [Fast Refresh] done in 48ms @ webpack-internal:///(app-pages-browser)/./node_modules/.pnpm/next@15.2.6_react-dom@19.0.0_react@19.0.0__react@19.0.0/node_modules/next/dist/client/components/react-dev-overlay/app/hot-reloader-client.js:73
[   21110ms] [LOG] [Fast Refresh] rebuilding @ webpack-internal:///(app-pages-browser)/./node_modules/.pnpm/next@15.2.6_react-dom@19.0.0_react@19.0.0__react@19.0.0/node_modules/next/dist/client/components/react-dev-overlay/app/hot-reloader-client.js:241
[   21157ms] [LOG] [Fast Refresh] done in 47ms @ webpack-internal:///(app-pages-browser)/./node_modules/.pnpm/next@15.2.6_react-dom@19.0.0_react@19.0.0__react@19.0.0/node_modules/next/dist/client/components/react-dev-overlay/app/hot-reloader-client.js:73
[   21157ms] [LOG] [Fast Refresh] rebuilding @ webpack-internal:///(app-pages-browser)/./node_modules/.pnpm/next@15.2.6_react-dom@19.0.0_react@19.0.0__react@19.0.0/node_modules/next/dist/client/components/react-dev-overlay/app/hot-reloader-client.js:241
[   21202ms] [LOG] [Fast Refresh] done in 46ms @ webpack-internal:///(app-pages-browser)/./node_modules/.pnpm/next@15.2.6_react-dom@19.0.0_react@19.0.0__react@19.0.0/node_modules/next/dist/client/components/react-dev-overlay/app/hot-reloader-client.js:73
[   21208ms] [LOG] [Fast Refresh] rebuilding @ webpack-internal:///(app-pages-browser)/./node_modules/.pnpm/next@15.2.6_react-dom@19.0.0_react@19.0.0__react@19.0.0/node_modules/next/dist/client/components/react-dev-overlay/app/hot-reloader-client.js:241
[   21254ms] [LOG] [Fast Refresh] done in 47ms @ webpack-internal:///(app-pages-browser)/./node_modules/.pnpm/next@15.2.6_react-dom@19.0.0_react@19.0.0__react@19.0.0/node_modules/next/dist/client/components/react-dev-overlay/app/hot-reloader-client.js:73
[   21259ms] [LOG] [Fast Refresh] rebuilding @ webpack-internal:///(app-pages-browser)/./node_modules/.pnpm/next@15.2.6_react-dom@19.0.0_react@19.0.0__react@19.0.0/node_modules/next/dist/client/components/react-dev-overlay/app/hot-reloader-client.js:241
[   21310ms] [LOG] [Fast Refresh] rebuilding @ webpack-internal:///(app-pages-browser)/./node_modules/.pnpm/next@15.2.6_react-dom@19.0.0_react@19.0.0__react@19.0.0/node_modules/next/dist/client/components/react-dev-overlay/app/hot-reloader-client.js:241
[   21314ms] [LOG] [Fast Refresh] done in 4ms @ webpack-internal:///(app-pages-browser)/./node_modules/.pnpm/next@15.2.6_react-dom@19.0.0_react@19.0.0__react@19.0.0/node_modules/next/dist/client/components/react-dev-overlay/app/hot-reloader-client.js:73
[   21356ms] [LOG] [Fast Refresh] done in 46ms @ webpack-internal:///(app-pages-browser)/./node_modules/.pnpm/next@15.2.6_react-dom@19.0.0_react@19.0.0__react@19.0.0/node_modules/next/dist/client/components/react-dev-overlay/app/hot-reloader-client.js:73
[   21359ms] [LOG] [Fast Refresh] rebuilding @ webpack-internal:///(app-pages-browser)/./node_modules/.pnpm/next@15.2.6_react-dom@19.0.0_react@19.0.0__react@19.0.0/node_modules/next/dist/client/components/react-dev-overlay/app/hot-reloader-client.js:241
[   21404ms] [LOG] [Fast Refresh] done in 45ms @ webpack-internal:///(app-pages-browser)/./node_modules/.pnpm/next@15.2.6_react-dom@19.0.0_react@19.0.0__react@19.0.0/node_modules/next/dist/client/components/react-dev-overlay/app/hot-reloader-client.js:73
[   21409ms] [LOG] [Fast Refresh] rebuilding @ webpack-internal:///(app-pages-browser)/./node_modules/.pnpm/next@15.2.6_react-dom@19.0.0_react@19.0.0__react@19.0.0/node_modules/next/dist/client/components/react-dev-overlay/app/hot-reloader-client.js:241
[   21453ms] [LOG] [Fast Refresh] done in 44ms @ webpack-internal:///(app-pages-browser)/./node_modules/.pnpm/next@15.2.6_react-dom@19.0.0_react@19.0.0__react@19.0.0/node_modules/next/dist/client/components/react-dev-overlay/app/hot-reloader-client.js:73
[   21459ms] [LOG] [Fast Refresh] rebuilding @ webpack-internal:///(app-pages-browser)/./node_modules/.pnpm/next@15.2.6_react-dom@19.0.0_react@19.0.0__react@19.0.0/node_modules/next/dist/client/components/react-dev-overlay/app/hot-reloader-client.js:241
[   21505ms] [LOG] [Fast Refresh] done in 46ms @ webpack-internal:///(app-pages-browser)/./node_modules/.pnpm/next@15.2.6_react-dom@19.0.0_react@19.0.0__react@19.0.0/node_modules/next/dist/client/components/react-dev-overlay/app/hot-reloader-client.js:73
[   21509ms] [LOG] [Fast Refresh] rebuilding @ webpack-internal:///(app-pages-browser)/./node_modules/.pnpm/next@15.2.6_react-dom@19.0.0_react@19.0.0__react@19.0.0/node_modules/next/dist/client/components/react-dev-overlay/app/hot-reloader-client.js:241
[   21554ms] [LOG] [Fast Refresh] done in 45ms @ webpack-internal:///(app-pages-browser)/./node_modules/.pnpm/next@15.2.6_react-dom@19.0.0_react@19.0.0__react@19.0.0/node_modules/next/dist/client/components/react-dev-overlay/app/hot-reloader-client.js:73
[   21560ms] [LOG] [Fast Refresh] rebuilding @ webpack-internal:///(app-pages-browser)/./node_modules/.pnpm/next@15.2.6_react-dom@19.0.0_react@19.0.0__react@19.0.0/node_modules/next/dist/client/components/react-dev-overlay/app/hot-reloader-client.js:241
[   21605ms] [LOG] [Fast Refresh] done in 45ms @ webpack-internal:///(app-pages-browser)/./node_modules/.pnpm/next@15.2.6_react-dom@19.0.0_react@19.0.0__react@19.0.0/node_modules/next/dist/client/components/react-dev-overlay/app/hot-reloader-client.js:73
[   21610ms] [LOG] [Fast Refresh] rebuilding @ webpack-internal:///(app-pages-browser)/./node_modules/.pnpm/next@15.2.6_react-dom@19.0.0_react@19.0.0__react@19.0.0/node_modules/next/dist/client/components/react-dev-overlay/app/hot-reloader-client.js:241
[   21656ms] [LOG] [Fast Refresh] done in 46ms @ webpack-internal:///(app-pages-browser)/./node_modules/.pnpm/next@15.2.6_react-dom@19.0.0_react@19.0.0__react@19.0.0/node_modules/next/dist/client/components/react-dev-overlay/app/hot-reloader-client.js:73
[   21660ms] [LOG] [Fast Refresh] rebuilding @ webpack-internal:///(app-pages-browser)/./node_modules/.pnpm/next@15.2.6_react-dom@19.0.0_react@19.0.0__react@19.0.0/node_modules/next/dist/client/components/react-dev-overlay/app/hot-reloader-client.js:241
[   21706ms] [LOG] [Fast Refresh] done in 46ms @ webpack-internal:///(app-pages-browser)/./node_modules/.pnpm/next@15.2.6_react-dom@19.0.0_react@19.0.0__react@19.0.0/node_modules/next/dist/client/components/react-dev-overlay/app/hot-reloader-client.js:73
[   21710ms] [LOG] [Fast Refresh] rebuilding @ webpack-internal:///(app-pages-browser)/./node_modules/.pnpm/next@15.2.6_react-dom@19.0.0_react@19.0.0__react@19.0.0/node_modules/next/dist/client/components/react-dev-overlay/app/hot-reloader-client.js:241
[   21754ms] [LOG] [Fast Refresh] done in 45ms @ webpack-internal:///(app-pages-browser)/./node_modules/.pnpm/next@15.2.6_react-dom@19.0.0_react@19.0.0__react@19.0.0/node_modules/next/dist/client/components/react-dev-overlay/app/hot-reloader-client.js:73
[   21760ms] [LOG] [Fast Refresh] rebuilding @ webpack-internal:///(app-pages-browser)/./node_modules/.pnpm/next@15.2.6_react-dom@19.0.0_react@19.0.0__react@19.0.0/node_modules/next/dist/client/components/react-dev-overlay/app/hot-reloader-client.js:241
[   21805ms] [LOG] [Fast Refresh] done in 45ms @ webpack-internal:///(app-pages-browser)/./node_modules/.pnpm/next@15.2.6_react-dom@19.0.0_react@19.0.0__react@19.0.0/node_modules/next/dist/client/components/react-dev-overlay/app/hot-reloader-client.js:73
[   21810ms] [LOG] [Fast Refresh] rebuilding @ webpack-internal:///(app-pages-browser)/./node_modules/.pnpm/next@15.2.6_react-dom@19.0.0_react@19.0.0__react@19.0.0/node_modules/next/dist/client/components/react-dev-overlay/app/hot-reloader-client.js:241
[   21855ms] [LOG] [Fast Refresh] done in 44ms @ webpack-internal:///(app-pages-browser)/./node_modules/.pnpm/next@15.2.6_react-dom@19.0.0_react@19.0.0__react@19.0.0/node_modules/next/dist/client/components/react-dev-overlay/app/hot-reloader-client.js:73
[   21863ms] [LOG] [Fast Refresh] rebuilding @ webpack-internal:///(app-pages-browser)/./node_modules/.pnpm/next@15.2.6_react-dom@19.0.0_react@19.0.0__react@19.0.0/node_modules/next/dist/client/components/react-dev-overlay/app/hot-reloader-client.js:241
[   21907ms] [LOG] [Fast Refresh] done in 45ms @ webpack-internal:///(app-pages-browser)/./node_modules/.pnpm/next@15.2.6_react-dom@19.0.0_react@19.0.0__react@19.0.0/node_modules/next/dist/client/components/react-dev-overlay/app/hot-reloader-client.js:73
[   21912ms] [LOG] [Fast Refresh] rebuilding @ webpack-internal:///(app-pages-browser)/./node_modules/.pnpm/next@15.2.6_react-dom@19.0.0_react@19.0.0__react@19.0.0/node_modules/next/dist/client/components/react-dev-overlay/app/hot-reloader-client.js:241
[   21962ms] [LOG] [Fast Refresh] done in 49ms @ webpack-internal:///(app-pages-browser)/./node_modules/.pnpm/next@15.2.6_react-dom@19.0.0_react@19.0.0__react@19.0.0/node_modules/next/dist/client/components/react-dev-overlay/app/hot-reloader-client.js:73
[   21962ms] [LOG] [Fast Refresh] rebuilding @ webpack-internal:///(app-pages-browser)/./node_modules/.pnpm/next@15.2.6_react-dom@19.0.0_react@19.0.0__react@19.0.0/node_modules/next/dist/client/components/react-dev-overlay/app/hot-reloader-client.js:241
[   22006ms] [LOG] [Fast Refresh] done in 44ms @ webpack-internal:///(app-pages-browser)/./node_modules/.pnpm/next@15.2.6_react-dom@19.0.0_react@19.0.0__react@19.0.0/node_modules/next/dist/client/components/react-dev-overlay/app/hot-reloader-client.js:73
[   22012ms] [LOG] [Fast Refresh] rebuilding @ webpack-internal:///(app-pages-browser)/./node_modules/.pnpm/next@15.2.6_react-dom@19.0.0_react@19.0.0__react@19.0.0/node_modules/next/dist/client/components/react-dev-overlay/app/hot-reloader-client.js:241
[   22059ms] [LOG] [Fast Refresh] done in 48ms @ webpack-internal:///(app-pages-browser)/./node_modules/.pnpm/next@15.2.6_react-dom@19.0.0_react@19.0.0__react@19.0.0/node_modules/next/dist/client/components/react-dev-overlay/app/hot-reloader-client.js:73
[   22062ms] [LOG] [Fast Refresh] rebuilding @ webpack-internal:///(app-pages-browser)/./node_modules/.pnpm/next@15.2.6_react-dom@19.0.0_react@19.0.0__react@19.0.0/node_modules/next/dist/client/components/react-dev-overlay/app/hot-reloader-client.js:241
[   22107ms] [LOG] [Fast Refresh] done in 45ms @ webpack-internal:///(app-pages-browser)/./node_modules/.pnpm/next@15.2.6_react-dom@19.0.0_react@19.0.0__react@19.0.0/node_modules/next/dist/client/components/react-dev-overlay/app/hot-reloader-client.js:73
[   22112ms] [LOG] [Fast Refresh] rebuilding @ webpack-internal:///(app-pages-browser)/./node_modules/.pnpm/next@15.2.6_react-dom@19.0.0_react@19.0.0__react@19.0.0/node_modules/next/dist/client/components/react-dev-overlay/app/hot-reloader-client.js:241
[   22159ms] [LOG] [Fast Refresh] done in 47ms @ webpack-internal:///(app-pages-browser)/./node_modules/.pnpm/next@15.2.6_react-dom@19.0.0_react@19.0.0__react@19.0.0/node_modules/next/dist/client/components/react-dev-overlay/app/hot-reloader-client.js:73
[   22162ms] [LOG] [Fast Refresh] rebuilding @ webpack-internal:///(app-pages-browser)/./node_modules/.pnpm/next@15.2.6_react-dom@19.0.0_react@19.0.0__react@19.0.0/node_modules/next/dist/client/components/react-dev-overlay/app/hot-reloader-client.js:241
[   22206ms] [LOG] [Fast Refresh] done in 44ms @ webpack-internal:///(app-pages-browser)/./node_modules/.pnpm/next@15.2.6_react-dom@19.0.0_react@19.0.0__react@19.0.0/node_modules/next/dist/client/components/react-dev-overlay/app/hot-reloader-client.js:73
[   22213ms] [LOG] [Fast Refresh] rebuilding @ webpack-internal:///(app-pages-browser)/./node_modules/.pnpm/next@15.2.6_react-dom@19.0.0_react@19.0.0__react@19.0.0/node_modules/next/dist/client/components/react-dev-overlay/app/hot-reloader-client.js:241
[   22256ms] [LOG] [Fast Refresh] done in 44ms @ webpack-internal:///(app-pages-browser)/./node_modules/.pnpm/next@15.2.6_react-dom@19.0.0_react@19.0.0__react@19.0.0/node_modules/next/dist/client/components/react-dev-overlay/app/hot-reloader-client.js:73
[   22263ms] [LOG] [Fast Refresh] rebuilding @ webpack-internal:///(app-pages-browser)/./node_modules/.pnpm/next@15.2.6_react-dom@19.0.0_react@19.0.0__react@19.0.0/node_modules/next/dist/client/components/react-dev-overlay/app/hot-reloader-client.js:241
[   22307ms] [LOG] [Fast Refresh] done in 44ms @ webpack-internal:///(app-pages-browser)/./node_modules/.pnpm/next@15.2.6_react-dom@19.0.0_react@19.0.0__react@19.0.0/node_modules/next/dist/client/components/react-dev-overlay/app/hot-reloader-client.js:73
[   22314ms] [LOG] [Fast Refresh] rebuilding @ webpack-internal:///(app-pages-browser)/./node_modules/.pnpm/next@15.2.6_react-dom@19.0.0_react@19.0.0__react@19.0.0/node_modules/next/dist/client/components/react-dev-overlay/app/hot-reloader-client.js:241
[   22360ms] [LOG] [Fast Refresh] done in 46ms @ webpack-internal:///(app-pages-browser)/./node_modules/.pnpm/next@15.2.6_react-dom@19.0.0_react@19.0.0__react@19.0.0/node_modules/next/dist/client/components/react-dev-overlay/app/hot-reloader-client.js:73
[   22363ms] [LOG] [Fast Refresh] rebuilding @ webpack-internal:///(app-pages-browser)/./node_modules/.pnpm/next@15.2.6_react-dom@19.0.0_react@19.0.0__react@19.0.0/node_modules/next/dist/client/components/react-dev-overlay/app/hot-reloader-client.js:241
[   22408ms] [LOG] [Fast Refresh] done in 44ms @ webpack-internal:///(app-pages-browser)/./node_modules/.pnpm/next@15.2.6_react-dom@19.0.0_react@19.0.0__react@19.0.0/node_modules/next/dist/client/components/react-dev-overlay/app/hot-reloader-client.js:73
[   22413ms] [LOG] [Fast Refresh] rebuilding @ webpack-internal:///(app-pages-browser)/./node_modules/.pnpm/next@15.2.6_react-dom@19.0.0_react@19.0.0__react@19.0.0/node_modules/next/dist/client/components/react-dev-overlay/app/hot-reloader-client.js:241
[   22458ms] [LOG] [Fast Refresh] done in 44ms @ webpack-internal:///(app-pages-browser)/./node_modules/.pnpm/next@15.2.6_react-dom@19.0.0_react@19.0.0__react@19.0.0/node_modules/next/dist/client/components/react-dev-overlay/app/hot-reloader-client.js:73
[   22464ms] [LOG] [Fast Refresh] rebuilding @ webpack-internal:///(app-pages-browser)/./node_modules/.pnpm/next@15.2.6_react-dom@19.0.0_react@19.0.0__react@19.0.0/node_modules/next/dist/client/components/react-dev-overlay/app/hot-reloader-client.js:241
[   22509ms] [LOG] [Fast Refresh] done in 44ms @ webpack-internal:///(app-pages-browser)/./node_modules/.pnpm/next@15.2.6_react-dom@19.0.0_react@19.0.0__react@19.0.0/node_modules/next/dist/client/components/react-dev-overlay/app/hot-reloader-client.js:73
[   22514ms] [LOG] [Fast Refresh] rebuilding @ webpack-internal:///(app-pages-browser)/./node_modules/.pnpm/next@15.2.6_react-dom@19.0.0_react@19.0.0__react@19.0.0/node_modules/next/dist/client/components/react-dev-overlay/app/hot-reloader-client.js:241
[   22558ms] [LOG] [Fast Refresh] done in 45ms @ webpack-internal:///(app-pages-browser)/./node_modules/.pnpm/next@15.2.6_react-dom@19.0.0_react@19.0.0__react@19.0.0/node_modules/next/dist/client/components/react-dev-overlay/app/hot-reloader-client.js:73
[   22565ms] [LOG] [Fast Refresh] rebuilding @ webpack-internal:///(app-pages-browser)/./node_modules/.pnpm/next@15.2.6_react-dom@19.0.0_react@19.0.0__react@19.0.0/node_modules/next/dist/client/components/react-dev-overlay/app/hot-reloader-client.js:241
[   22609ms] [LOG] [Fast Refresh] done in 44ms @ webpack-internal:///(app-pages-browser)/./node_modules/.pnpm/next@15.2.6_react-dom@19.0.0_react@19.0.0__react@19.0.0/node_modules/next/dist/client/components/react-dev-overlay/app/hot-reloader-client.js:73
[   22615ms] [LOG] [Fast Refresh] rebuilding @ webpack-internal:///(app-pages-browser)/./node_modules/.pnpm/next@15.2.6_react-dom@19.0.0_react@19.0.0__react@19.0.0/node_modules/next/dist/client/components/react-dev-overlay/app/hot-reloader-client.js:241
[   22660ms] [LOG] [Fast Refresh] done in 46ms @ webpack-internal:///(app-pages-browser)/./node_modules/.pnpm/next@15.2.6_react-dom@19.0.0_react@19.0.0__react@19.0.0/node_modules/next/dist/client/components/react-dev-overlay/app/hot-reloader-client.js:73
[   22666ms] [LOG] [Fast Refresh] rebuilding @ webpack-internal:///(app-pages-browser)/./node_modules/.pnpm/next@15.2.6_react-dom@19.0.0_react@19.0.0__react@19.0.0/node_modules/next/dist/client/components/react-dev-overlay/app/hot-reloader-client.js:241
[   22712ms] [LOG] [Fast Refresh] done in 46ms @ webpack-internal:///(app-pages-browser)/./node_modules/.pnpm/next@15.2.6_react-dom@19.0.0_react@19.0.0__react@19.0.0/node_modules/next/dist/client/components/react-dev-overlay/app/hot-reloader-client.js:73
[   22716ms] [LOG] [Fast Refresh] rebuilding @ webpack-internal:///(app-pages-browser)/./node_modules/.pnpm/next@15.2.6_react-dom@19.0.0_react@19.0.0__react@19.0.0/node_modules/next/dist/client/components/react-dev-overlay/app/hot-reloader-client.js:241
[   22760ms] [LOG] [Fast Refresh] done in 44ms @ webpack-internal:///(app-pages-browser)/./node_modules/.pnpm/next@15.2.6_react-dom@19.0.0_react@19.0.0__react@19.0.0/node_modules/next/dist/client/components/react-dev-overlay/app/hot-reloader-client.js:73
[   22766ms] [LOG] [Fast Refresh] rebuilding @ webpack-internal:///(app-pages-browser)/./node_modules/.pnpm/next@15.2.6_react-dom@19.0.0_react@19.0.0__react@19.0.0/node_modules/next/dist/client/components/react-dev-overlay/app/hot-reloader-client.js:241
[   22813ms] [LOG] [Fast Refresh] done in 47ms @ webpack-internal:///(app-pages-browser)/./node_modules/.pnpm/next@15.2.6_react-dom@19.0.0_react@19.0.0__react@19.0.0/node_modules/next/dist/client/components/react-dev-overlay/app/hot-reloader-client.js:73
[   22816ms] [LOG] [Fast Refresh] rebuilding @ webpack-internal:///(app-pages-browser)/./node_modules/.pnpm/next@15.2.6_react-dom@19.0.0_react@19.0.0__react@19.0.0/node_modules/next/dist/client/components/react-dev-overlay/app/hot-reloader-client.js:241
[   22863ms] [LOG] [Fast Refresh] done in 46ms @ webpack-internal:///(app-pages-browser)/./node_modules/.pnpm/next@15.2.6_react-dom@19.0.0_react@19.0.0__react@19.0.0/node_modules/next/dist/client/components/react-dev-overlay/app/hot-reloader-client.js:73
[   22869ms] [LOG] [Fast Refresh] rebuilding @ webpack-internal:///(app-pages-browser)/./node_modules/.pnpm/next@15.2.6_react-dom@19.0.0_react@19.0.0__react@19.0.0/node_modules/next/dist/client/components/react-dev-overlay/app/hot-reloader-client.js:241
[   22913ms] [LOG] [Fast Refresh] done in 45ms @ webpack-internal:///(app-pages-browser)/./node_modules/.pnpm/next@15.2.6_react-dom@19.0.0_react@19.0.0__react@19.0.0/node_modules/next/dist/client/components/react-dev-overlay/app/hot-reloader-client.js:73
[   22918ms] [LOG] [Fast Refresh] rebuilding @ webpack-internal:///(app-pages-browser)/./node_modules/.pnpm/next@15.2.6_react-dom@19.0.0_react@19.0.0__react@19.0.0/node_modules/next/dist/client/components/react-dev-overlay/app/hot-reloader-client.js:241
[   22964ms] [LOG] [Fast Refresh] done in 45ms @ webpack-internal:///(app-pages-browser)/./node_modules/.pnpm/next@15.2.6_react-dom@19.0.0_react@19.0.0__react@19.0.0/node_modules/next/dist/client/components/react-dev-overlay/app/hot-reloader-client.js:73
[   22967ms] [LOG] [Fast Refresh] rebuilding @ webpack-internal:///(app-pages-browser)/./node_modules/.pnpm/next@15.2.6_react-dom@19.0.0_react@19.0.0__react@19.0.0/node_modules/next/dist/client/components/react-dev-overlay/app/hot-reloader-client.js:241
[   23011ms] [LOG] [Fast Refresh] done in 44ms @ webpack-internal:///(app-pages-browser)/./node_modules/.pnpm/next@15.2.6_react-dom@19.0.0_react@19.0.0__react@19.0.0/node_modules/next/dist/client/components/react-dev-overlay/app/hot-reloader-client.js:73
[   23016ms] [LOG] [Fast Refresh] rebuilding @ webpack-internal:///(app-pages-browser)/./node_modules/.pnpm/next@15.2.6_react-dom@19.0.0_react@19.0.0__react@19.0.0/node_modules/next/dist/client/components/react-dev-overlay/app/hot-reloader-client.js:241
[   23059ms] [LOG] [Fast Refresh] done in 42ms @ webpack-internal:///(app-pages-browser)/./node_modules/.pnpm/next@15.2.6_react-dom@19.0.0_react@19.0.0__react@19.0.0/node_modules/next/dist/client/components/react-dev-overlay/app/hot-reloader-client.js:73
[   23067ms] [LOG] [Fast Refresh] rebuilding @ webpack-internal:///(app-pages-browser)/./node_modules/.pnpm/next@15.2.6_react-dom@19.0.0_react@19.0.0__react@19.0.0/node_modules/next/dist/client/components/react-dev-overlay/app/hot-reloader-client.js:241
[   23111ms] [LOG] [Fast Refresh] done in 44ms @ webpack-internal:///(app-pages-browser)/./node_modules/.pnpm/next@15.2.6_react-dom@19.0.0_react@19.0.0__react@19.0.0/node_modules/next/dist/client/components/react-dev-overlay/app/hot-reloader-client.js:73
[   23118ms] [LOG] [Fast Refresh] rebuilding @ webpack-internal:///(app-pages-browser)/./node_modules/.pnpm/next@15.2.6_react-dom@19.0.0_react@19.0.0__react@19.0.0/node_modules/next/dist/client/components/react-dev-overlay/app/hot-reloader-client.js:241
[   23164ms] [LOG] [Fast Refresh] done in 47ms @ webpack-internal:///(app-pages-browser)/./node_modules/.pnpm/next@15.2.6_react-dom@19.0.0_react@19.0.0__react@19.0.0/node_modules/next/dist/client/components/react-dev-overlay/app/hot-reloader-client.js:73
[   23167ms] [LOG] [Fast Refresh] rebuilding @ webpack-internal:///(app-pages-browser)/./node_modules/.pnpm/next@15.2.6_react-dom@19.0.0_react@19.0.0__react@19.0.0/node_modules/next/dist/client/components/react-dev-overlay/app/hot-reloader-client.js:241
[   23212ms] [LOG] [Fast Refresh] done in 45ms @ webpack-internal:///(app-pages-browser)/./node_modules/.pnpm/next@15.2.6_react-dom@19.0.0_react@19.0.0__react@19.0.0/node_modules/next/dist/client/components/react-dev-overlay/app/hot-reloader-client.js:73
[   23218ms] [LOG] [Fast Refresh] rebuilding @ webpack-internal:///(app-pages-browser)/./node_modules/.pnpm/next@15.2.6_react-dom@19.0.0_react@19.0.0__react@19.0.0/node_modules/next/dist/client/components/react-dev-overlay/app/hot-reloader-client.js:241
[   23264ms] [LOG] [Fast Refresh] done in 46ms @ webpack-internal:///(app-pages-browser)/./node_modules/.pnpm/next@15.2.6_react-dom@19.0.0_react@19.0.0__react@19.0.0/node_modules/next/dist/client/components/react-dev-overlay/app/hot-reloader-client.js:73
[   23268ms] [LOG] [Fast Refresh] rebuilding @ webpack-internal:///(app-pages-browser)/./node_modules/.pnpm/next@15.2.6_react-dom@19.0.0_react@19.0.0__react@19.0.0/node_modules/next/dist/client/components/react-dev-overlay/app/hot-reloader-client.js:241
[   23314ms] [LOG] [Fast Refresh] done in 47ms @ webpack-internal:///(app-pages-browser)/./node_modules/.pnpm/next@15.2.6_react-dom@19.0.0_react@19.0.0__react@19.0.0/node_modules/next/dist/client/components/react-dev-overlay/app/hot-reloader-client.js:73
[   23320ms] [LOG] [Fast Refresh] rebuilding @ webpack-internal:///(app-pages-browser)/./node_modules/.pnpm/next@15.2.6_react-dom@19.0.0_react@19.0.0__react@19.0.0/node_modules/next/dist/client/components/react-dev-overlay/app/hot-reloader-client.js:241
[   23367ms] [LOG] [Fast Refresh] done in 46ms @ webpack-internal:///(app-pages-browser)/./node_modules/.pnpm/next@15.2.6_react-dom@19.0.0_react@19.0.0__react@19.0.0/node_modules/next/dist/client/components/react-dev-overlay/app/hot-reloader-client.js:73
[   23370ms] [LOG] [Fast Refresh] rebuilding @ webpack-internal:///(app-pages-browser)/./node_modules/.pnpm/next@15.2.6_react-dom@19.0.0_react@19.0.0__react@19.0.0/node_modules/next/dist/client/components/react-dev-overlay/app/hot-reloader-client.js:241
[   23416ms] [LOG] [Fast Refresh] done in 46ms @ webpack-internal:///(app-pages-browser)/./node_modules/.pnpm/next@15.2.6_react-dom@19.0.0_react@19.0.0__react@19.0.0/node_modules/next/dist/client/components/react-dev-overlay/app/hot-reloader-client.js:73
[   23421ms] [LOG] [Fast Refresh] rebuilding @ webpack-internal:///(app-pages-browser)/./node_modules/.pnpm/next@15.2.6_react-dom@19.0.0_react@19.0.0__react@19.0.0/node_modules/next/dist/client/components/react-dev-overlay/app/hot-reloader-client.js:241
[   23469ms] [LOG] [Fast Refresh] done in 48ms @ webpack-internal:///(app-pages-browser)/./node_modules/.pnpm/next@15.2.6_react-dom@19.0.0_react@19.0.0__react@19.0.0/node_modules/next/dist/client/components/react-dev-overlay/app/hot-reloader-client.js:73
[   23472ms] [LOG] [Fast Refresh] rebuilding @ webpack-internal:///(app-pages-browser)/./node_modules/.pnpm/next@15.2.6_react-dom@19.0.0_react@19.0.0__react@19.0.0/node_modules/next/dist/client/components/react-dev-overlay/app/hot-reloader-client.js:241
[   23517ms] [LOG] [Fast Refresh] done in 46ms @ webpack-internal:///(app-pages-browser)/./node_modules/.pnpm/next@15.2.6_react-dom@19.0.0_react@19.0.0__react@19.0.0/node_modules/next/dist/client/components/react-dev-overlay/app/hot-reloader-client.js:73
[   23524ms] [LOG] [Fast Refresh] rebuilding @ webpack-internal:///(app-pages-browser)/./node_modules/.pnpm/next@15.2.6_react-dom@19.0.0_react@19.0.0__react@19.0.0/node_modules/next/dist/client/components/react-dev-overlay/app/hot-reloader-client.js:241
[   23569ms] [LOG] [Fast Refresh] rebuilding @ webpack-internal:///(app-pages-browser)/./node_modules/.pnpm/next@15.2.6_react-dom@19.0.0_react@19.0.0__react@19.0.0/node_modules/next/dist/client/components/react-dev-overlay/app/hot-reloader-client.js:241
[   23573ms] [LOG] [Fast Refresh] done in 4ms @ webpack-internal:///(app-pages-browser)/./node_modules/.pnpm/next@15.2.6_react-dom@19.0.0_react@19.0.0__react@19.0.0/node_modules/next/dist/client/components/react-dev-overlay/app/hot-reloader-client.js:73
[   23615ms] [LOG] [Fast Refresh] done in 47ms @ webpack-internal:///(app-pages-browser)/./node_modules/.pnpm/next@15.2.6_react-dom@19.0.0_react@19.0.0__react@19.0.0/node_modules/next/dist/client/components/react-dev-overlay/app/hot-reloader-client.js:73
[   23619ms] [LOG] [Fast Refresh] rebuilding @ webpack-internal:///(app-pages-browser)/./node_modules/.pnpm/next@15.2.6_react-dom@19.0.0_react@19.0.0__react@19.0.0/node_modules/next/dist/client/components/react-dev-overlay/app/hot-reloader-client.js:241
[   23669ms] [LOG] [Fast Refresh] rebuilding @ webpack-internal:///(app-pages-browser)/./node_modules/.pnpm/next@15.2.6_react-dom@19.0.0_react@19.0.0__react@19.0.0/node_modules/next/dist/client/components/react-dev-overlay/app/hot-reloader-client.js:241
[   23671ms] [LOG] [Fast Refresh] done in 3ms @ webpack-internal:///(app-pages-browser)/./node_modules/.pnpm/next@15.2.6_react-dom@19.0.0_react@19.0.0__react@19.0.0/node_modules/next/dist/client/components/react-dev-overlay/app/hot-reloader-client.js:73
[   23721ms] [LOG] [Fast Refresh] rebuilding @ webpack-internal:///(app-pages-browser)/./node_modules/.pnpm/next@15.2.6_react-dom@19.0.0_react@19.0.0__react@19.0.0/node_modules/next/dist/client/components/react-dev-overlay/app/hot-reloader-client.js:241
[   23724ms] [LOG] [Fast Refresh] done in 2ms @ webpack-internal:///(app-pages-browser)/./node_modules/.pnpm/next@15.2.6_react-dom@19.0.0_react@19.0.0__react@19.0.0/node_modules/next/dist/client/components/react-dev-overlay/app/hot-reloader-client.js:73
[   23767ms] [LOG] [Fast Refresh] done in 45ms @ webpack-internal:///(app-pages-browser)/./node_modules/.pnpm/next@15.2.6_react-dom@19.0.0_react@19.0.0__react@19.0.0/node_modules/next/dist/client/components/react-dev-overlay/app/hot-reloader-client.js:73
[   23770ms] [LOG] [Fast Refresh] rebuilding @ webpack-internal:///(app-pages-browser)/./node_modules/.pnpm/next@15.2.6_react-dom@19.0.0_react@19.0.0__react@19.0.0/node_modules/next/dist/client/components/react-dev-overlay/app/hot-reloader-client.js:241
[   23814ms] [LOG] [Fast Refresh] done in 45ms @ webpack-internal:///(app-pages-browser)/./node_modules/.pnpm/next@15.2.6_react-dom@19.0.0_react@19.0.0__react@19.0.0/node_modules/next/dist/client/components/react-dev-overlay/app/hot-reloader-client.js:73
[   23819ms] [LOG] [Fast Refresh] rebuilding @ webpack-internal:///(app-pages-browser)/./node_modules/.pnpm/next@15.2.6_react-dom@19.0.0_react@19.0.0__react@19.0.0/node_modules/next/dist/client/components/react-dev-overlay/app/hot-reloader-client.js:241
[   23864ms] [LOG] [Fast Refresh] done in 44ms @ webpack-internal:///(app-pages-browser)/./node_modules/.pnpm/next@15.2.6_react-dom@19.0.0_react@19.0.0__react@19.0.0/node_modules/next/dist/client/components/react-dev-overlay/app/hot-reloader-client.js:73
[   23870ms] [LOG] [Fast Refresh] rebuilding @ webpack-internal:///(app-pages-browser)/./node_modules/.pnpm/next@15.2.6_react-dom@19.0.0_react@19.0.0__react@19.0.0/node_modules/next/dist/client/components/react-dev-overlay/app/hot-reloader-client.js:241
[   23915ms] [LOG] [Fast Refresh] done in 46ms @ webpack-internal:///(app-pages-browser)/./node_modules/.pnpm/next@15.2.6_react-dom@19.0.0_react@19.0.0__react@19.0.0/node_modules/next/dist/client/components/react-dev-overlay/app/hot-reloader-client.js:73
[   23921ms] [LOG] [Fast Refresh] rebuilding @ webpack-internal:///(app-pages-browser)/./node_modules/.pnpm/next@15.2.6_react-dom@19.0.0_react@19.0.0__react@19.0.0/node_modules/next/dist/client/components/react-dev-overlay/app/hot-reloader-client.js:241
[   23967ms] [LOG] [Fast Refresh] done in 46ms @ webpack-internal:///(app-pages-browser)/./node_modules/.pnpm/next@15.2.6_react-dom@19.0.0_react@19.0.0__react@19.0.0/node_modules/next/dist/client/components/react-dev-overlay/app/hot-reloader-client.js:73
[   23970ms] [LOG] [Fast Refresh] rebuilding @ webpack-internal:///(app-pages-browser)/./node_modules/.pnpm/next@15.2.6_react-dom@19.0.0_react@19.0.0__react@19.0.0/node_modules/next/dist/client/components/react-dev-overlay/app/hot-reloader-client.js:241
[   24014ms] [LOG] [Fast Refresh] done in 44ms @ webpack-internal:///(app-pages-browser)/./node_modules/.pnpm/next@15.2.6_react-dom@19.0.0_react@19.0.0__react@19.0.0/node_modules/next/dist/client/components/react-dev-overlay/app/hot-reloader-client.js:73
[   24020ms] [LOG] [Fast Refresh] rebuilding @ webpack-internal:///(app-pages-browser)/./node_modules/.pnpm/next@15.2.6_react-dom@19.0.0_react@19.0.0__react@19.0.0/node_modules/next/dist/client/components/react-dev-overlay/app/hot-reloader-client.js:241
[   24066ms] [LOG] [Fast Refresh] done in 46ms @ webpack-internal:///(app-pages-browser)/./node_modules/.pnpm/next@15.2.6_react-dom@19.0.0_react@19.0.0__react@19.0.0/node_modules/next/dist/client/components/react-dev-overlay/app/hot-reloader-client.js:73
[   24071ms] [LOG] [Fast Refresh] rebuilding @ webpack-internal:///(app-pages-browser)/./node_modules/.pnpm/next@15.2.6_react-dom@19.0.0_react@19.0.0__react@19.0.0/node_modules/next/dist/client/components/react-dev-overlay/app/hot-reloader-client.js:241
[   24119ms] [LOG] [Fast Refresh] done in 48ms @ webpack-internal:///(app-pages-browser)/./node_modules/.pnpm/next@15.2.6_react-dom@19.0.0_react@19.0.0__react@19.0.0/node_modules/next/dist/client/components/react-dev-overlay/app/hot-reloader-client.js:73
[   24122ms] [LOG] [Fast Refresh] rebuilding @ webpack-internal:///(app-pages-browser)/./node_modules/.pnpm/next@15.2.6_react-dom@19.0.0_react@19.0.0__react@19.0.0/node_modules/next/dist/client/components/react-dev-overlay/app/hot-reloader-client.js:241
[   24168ms] [LOG] [Fast Refresh] done in 45ms @ webpack-internal:///(app-pages-browser)/./node_modules/.pnpm/next@15.2.6_react-dom@19.0.0_react@19.0.0__react@19.0.0/node_modules/next/dist/client/components/react-dev-overlay/app/hot-reloader-client.js:73
[   24171ms] [LOG] [Fast Refresh] rebuilding @ webpack-internal:///(app-pages-browser)/./node_modules/.pnpm/next@15.2.6_react-dom@19.0.0_react@19.0.0__react@19.0.0/node_modules/next/dist/client/components/react-dev-overlay/app/hot-reloader-client.js:241
[   24221ms] [LOG] [Fast Refresh] rebuilding @ webpack-internal:///(app-pages-browser)/./node_modules/.pnpm/next@15.2.6_react-dom@19.0.0_react@19.0.0__react@19.0.0/node_modules/next/dist/client/components/react-dev-overlay/app/hot-reloader-client.js:241
[   24224ms] [LOG] [Fast Refresh] done in 2ms @ webpack-internal:///(app-pages-browser)/./node_modules/.pnpm/next@15.2.6_react-dom@19.0.0_react@19.0.0__react@19.0.0/node_modules/next/dist/client/components/react-dev-overlay/app/hot-reloader-client.js:73
[   24285ms] [LOG] [Fast Refresh] done in 63ms @ webpack-internal:///(app-pages-browser)/./node_modules/.pnpm/next@15.2.6_react-dom@19.0.0_react@19.0.0__react@19.0.0/node_modules/next/dist/client/components/react-dev-overlay/app/hot-reloader-client.js:73
[   24323ms] [LOG] [Fast Refresh] rebuilding @ webpack-internal:///(app-pages-browser)/./node_modules/.pnpm/next@15.2.6_react-dom@19.0.0_react@19.0.0__react@19.0.0/node_modules/next/dist/client/components/react-dev-overlay/app/hot-reloader-client.js:241
[   24372ms] [LOG] [Fast Refresh] done in 48ms @ webpack-internal:///(app-pages-browser)/./node_modules/.pnpm/next@15.2.6_react-dom@19.0.0_react@19.0.0__react@19.0.0/node_modules/next/dist/client/components/react-dev-overlay/app/hot-reloader-client.js:73
[   24377ms] [LOG] [Fast Refresh] rebuilding @ webpack-internal:///(app-pages-browser)/./node_modules/.pnpm/next@15.2.6_react-dom@19.0.0_react@19.0.0__react@19.0.0/node_modules/next/dist/client/components/react-dev-overlay/app/hot-reloader-client.js:241
[   24424ms] [LOG] [Fast Refresh] done in 48ms @ webpack-internal:///(app-pages-browser)/./node_modules/.pnpm/next@15.2.6_react-dom@19.0.0_react@19.0.0__react@19.0.0/node_modules/next/dist/client/components/react-dev-overlay/app/hot-reloader-client.js:73
[   24427ms] [LOG] [Fast Refresh] rebuilding @ webpack-internal:///(app-pages-browser)/./node_modules/.pnpm/next@15.2.6_react-dom@19.0.0_react@19.0.0__react@19.0.0/node_modules/next/dist/client/components/react-dev-overlay/app/hot-reloader-client.js:241
[   24472ms] [LOG] [Fast Refresh] done in 44ms @ webpack-internal:///(app-pages-browser)/./node_modules/.pnpm/next@15.2.6_react-dom@19.0.0_react@19.0.0__react@19.0.0/node_modules/next/dist/client/components/react-dev-overlay/app/hot-reloader-client.js:73
[   24475ms] [LOG] [Fast Refresh] rebuilding @ webpack-internal:///(app-pages-browser)/./node_modules/.pnpm/next@15.2.6_react-dom@19.0.0_react@19.0.0__react@19.0.0/node_modules/next/dist/client/components/react-dev-overlay/app/hot-reloader-client.js:241
[   24521ms] [LOG] [Fast Refresh] done in 46ms @ webpack-internal:///(app-pages-browser)/./node_modules/.pnpm/next@15.2.6_react-dom@19.0.0_react@19.0.0__react@19.0.0/node_modules/next/dist/client/components/react-dev-overlay/app/hot-reloader-client.js:73
[   24525ms] [LOG] [Fast Refresh] rebuilding @ webpack-internal:///(app-pages-browser)/./node_modules/.pnpm/next@15.2.6_react-dom@19.0.0_react@19.0.0__react@19.0.0/node_modules/next/dist/client/components/react-dev-overlay/app/hot-reloader-client.js:241
[   24571ms] [LOG] [Fast Refresh] done in 47ms @ webpack-internal:///(app-pages-browser)/./node_modules/.pnpm/next@15.2.6_react-dom@19.0.0_react@19.0.0__react@19.0.0/node_modules/next/dist/client/components/react-dev-overlay/app/hot-reloader-client.js:73
[   24575ms] [LOG] [Fast Refresh] rebuilding @ webpack-internal:///(app-pages-browser)/./node_modules/.pnpm/next@15.2.6_react-dom@19.0.0_react@19.0.0__react@19.0.0/node_modules/next/dist/client/components/react-dev-overlay/app/hot-reloader-client.js:241
[   24622ms] [LOG] [Fast Refresh] done in 47ms @ webpack-internal:///(app-pages-browser)/./node_modules/.pnpm/next@15.2.6_react-dom@19.0.0_react@19.0.0__react@19.0.0/node_modules/next/dist/client/components/react-dev-overlay/app/hot-reloader-client.js:73
[   24628ms] [LOG] [Fast Refresh] rebuilding @ webpack-internal:///(app-pages-browser)/./node_modules/.pnpm/next@15.2.6_react-dom@19.0.0_react@19.0.0__react@19.0.0/node_modules/next/dist/client/components/react-dev-overlay/app/hot-reloader-client.js:241
[   24674ms] [LOG] [Fast Refresh] done in 46ms @ webpack-internal:///(app-pages-browser)/./node_modules/.pnpm/next@15.2.6_react-dom@19.0.0_react@19.0.0__react@19.0.0/node_modules/next/dist/client/components/react-dev-overlay/app/hot-reloader-client.js:73
[   24679ms] [LOG] [Fast Refresh] rebuilding @ webpack-internal:///(app-pages-browser)/./node_modules/.pnpm/next@15.2.6_react-dom@19.0.0_react@19.0.0__react@19.0.0/node_modules/next/dist/client/components/react-dev-overlay/app/hot-reloader-client.js:241
[   24725ms] [LOG] [Fast Refresh] done in 47ms @ webpack-internal:///(app-pages-browser)/./node_modules/.pnpm/next@15.2.6_react-dom@19.0.0_react@19.0.0__react@19.0.0/node_modules/next/dist/client/components/react-dev-overlay/app/hot-reloader-client.js:73
[   24728ms] [LOG] [Fast Refresh] rebuilding @ webpack-internal:///(app-pages-browser)/./node_modules/.pnpm/next@15.2.6_react-dom@19.0.0_react@19.0.0__react@19.0.0/node_modules/next/dist/client/components/react-dev-overlay/app/hot-reloader-client.js:241
[   24773ms] [LOG] [Fast Refresh] done in 45ms @ webpack-internal:///(app-pages-browser)/./node_modules/.pnpm/next@15.2.6_react-dom@19.0.0_react@19.0.0__react@19.0.0/node_modules/next/dist/client/components/react-dev-overlay/app/hot-reloader-client.js:73
[   24777ms] [LOG] [Fast Refresh] rebuilding @ webpack-internal:///(app-pages-browser)/./node_modules/.pnpm/next@15.2.6_react-dom@19.0.0_react@19.0.0__react@19.0.0/node_modules/next/dist/client/components/react-dev-overlay/app/hot-reloader-client.js:241
[   24821ms] [LOG] [Fast Refresh] done in 45ms @ webpack-internal:///(app-pages-browser)/./node_modules/.pnpm/next@15.2.6_react-dom@19.0.0_react@19.0.0__react@19.0.0/node_modules/next/dist/client/components/react-dev-overlay/app/hot-reloader-client.js:73
[   24828ms] [LOG] [Fast Refresh] rebuilding @ webpack-internal:///(app-pages-browser)/./node_modules/.pnpm/next@15.2.6_react-dom@19.0.0_react@19.0.0__react@19.0.0/node_modules/next/dist/client/components/react-dev-overlay/app/hot-reloader-client.js:241
[   24874ms] [LOG] [Fast Refresh] done in 46ms @ webpack-internal:///(app-pages-browser)/./node_modules/.pnpm/next@15.2.6_react-dom@19.0.0_react@19.0.0__react@19.0.0/node_modules/next/dist/client/components/react-dev-overlay/app/hot-reloader-client.js:73
[   24878ms] [LOG] [Fast Refresh] rebuilding @ webpack-internal:///(app-pages-browser)/./node_modules/.pnpm/next@15.2.6_react-dom@19.0.0_react@19.0.0__react@19.0.0/node_modules/next/dist/client/components/react-dev-overlay/app/hot-reloader-client.js:241
[   24924ms] [LOG] [Fast Refresh] done in 47ms @ webpack-internal:///(app-pages-browser)/./node_modules/.pnpm/next@15.2.6_react-dom@19.0.0_react@19.0.0__react@19.0.0/node_modules/next/dist/client/components/react-dev-overlay/app/hot-reloader-client.js:73
[   24928ms] [LOG] [Fast Refresh] rebuilding @ webpack-internal:///(app-pages-browser)/./node_modules/.pnpm/next@15.2.6_react-dom@19.0.0_react@19.0.0__react@19.0.0/node_modules/next/dist/client/components/react-dev-overlay/app/hot-reloader-client.js:241
[   24975ms] [LOG] [Fast Refresh] done in 47ms @ webpack-internal:///(app-pages-browser)/./node_modules/.pnpm/next@15.2.6_react-dom@19.0.0_react@19.0.0__react@19.0.0/node_modules/next/dist/client/components/react-dev-overlay/app/hot-reloader-client.js:73
[   24979ms] [LOG] [Fast Refresh] rebuilding @ webpack-internal:///(app-pages-browser)/./node_modules/.pnpm/next@15.2.6_react-dom@19.0.0_react@19.0.0__react@19.0.0/node_modules/next/dist/client/components/react-dev-overlay/app/hot-reloader-client.js:241
[   25026ms] [LOG] [Fast Refresh] done in 47ms @ webpack-internal:///(app-pages-browser)/./node_modules/.pnpm/next@15.2.6_react-dom@19.0.0_react@19.0.0__react@19.0.0/node_modules/next/dist/client/components/react-dev-overlay/app/hot-reloader-client.js:73
[   25029ms] [LOG] [Fast Refresh] rebuilding @ webpack-internal:///(app-pages-browser)/./node_modules/.pnpm/next@15.2.6_react-dom@19.0.0_react@19.0.0__react@19.0.0/node_modules/next/dist/client/components/react-dev-overlay/app/hot-reloader-client.js:241
[   25075ms] [LOG] [Fast Refresh] done in 47ms @ webpack-internal:///(app-pages-browser)/./node_modules/.pnpm/next@15.2.6_react-dom@19.0.0_react@19.0.0__react@19.0.0/node_modules/next/dist/client/components/react-dev-overlay/app/hot-reloader-client.js:73
[   25078ms] [LOG] [Fast Refresh] rebuilding @ webpack-internal:///(app-pages-browser)/./node_modules/.pnpm/next@15.2.6_react-dom@19.0.0_react@19.0.0__react@19.0.0/node_modules/next/dist/client/components/react-dev-overlay/app/hot-reloader-client.js:241
[   25125ms] [LOG] [Fast Refresh] done in 47ms @ webpack-internal:///(app-pages-browser)/./node_modules/.pnpm/next@15.2.6_react-dom@19.0.0_react@19.0.0__react@19.0.0/node_modules/next/dist/client/components/react-dev-overlay/app/hot-reloader-client.js:73
[   25129ms] [LOG] [Fast Refresh] rebuilding @ webpack-internal:///(app-pages-browser)/./node_modules/.pnpm/next@15.2.6_react-dom@19.0.0_react@19.0.0__react@19.0.0/node_modules/next/dist/client/components/react-dev-overlay/app/hot-reloader-client.js:241
[   25175ms] [LOG] [Fast Refresh] done in 46ms @ webpack-internal:///(app-pages-browser)/./node_modules/.pnpm/next@15.2.6_react-dom@19.0.0_react@19.0.0__react@19.0.0/node_modules/next/dist/client/components/react-dev-overlay/app/hot-reloader-client.js:73
[   25178ms] [LOG] [Fast Refresh] rebuilding @ webpack-internal:///(app-pages-browser)/./node_modules/.pnpm/next@15.2.6_react-dom@19.0.0_react@19.0.0__react@19.0.0/node_modules/next/dist/client/components/react-dev-overlay/app/hot-reloader-client.js:241
[   25225ms] [LOG] [Fast Refresh] done in 46ms @ webpack-internal:///(app-pages-browser)/./node_modules/.pnpm/next@15.2.6_react-dom@19.0.0_react@19.0.0__react@19.0.0/node_modules/next/dist/client/components/react-dev-overlay/app/hot-reloader-client.js:73
[   25228ms] [LOG] [Fast Refresh] rebuilding @ webpack-internal:///(app-pages-browser)/./node_modules/.pnpm/next@15.2.6_react-dom@19.0.0_react@19.0.0__react@19.0.0/node_modules/next/dist/client/components/react-dev-overlay/app/hot-reloader-client.js:241
[   25273ms] [LOG] [Fast Refresh] done in 44ms @ webpack-internal:///(app-pages-browser)/./node_modules/.pnpm/next@15.2.6_react-dom@19.0.0_react@19.0.0__react@19.0.0/node_modules/next/dist/client/components/react-dev-overlay/app/hot-reloader-client.js:73
[   25279ms] [LOG] [Fast Refresh] rebuilding @ webpack-internal:///(app-pages-browser)/./node_modules/.pnpm/next@15.2.6_react-dom@19.0.0_react@19.0.0__react@19.0.0/node_modules/next/dist/client/components/react-dev-overlay/app/hot-reloader-client.js:241
[   25325ms] [LOG] [Fast Refresh] done in 47ms @ webpack-internal:///(app-pages-browser)/./node_modules/.pnpm/next@15.2.6_react-dom@19.0.0_react@19.0.0__react@19.0.0/node_modules/next/dist/client/components/react-dev-overlay/app/hot-reloader-client.js:73
[   25330ms] [LOG] [Fast Refresh] rebuilding @ webpack-internal:///(app-pages-browser)/./node_modules/.pnpm/next@15.2.6_react-dom@19.0.0_react@19.0.0__react@19.0.0/node_modules/next/dist/client/components/react-dev-overlay/app/hot-reloader-client.js:241
[   25377ms] [LOG] [Fast Refresh] done in 46ms @ webpack-internal:///(app-pages-browser)/./node_modules/.pnpm/next@15.2.6_react-dom@19.0.0_react@19.0.0__react@19.0.0/node_modules/next/dist/client/components/react-dev-overlay/app/hot-reloader-client.js:73
[   25381ms] [LOG] [Fast Refresh] rebuilding @ webpack-internal:///(app-pages-browser)/./node_modules/.pnpm/next@15.2.6_react-dom@19.0.0_react@19.0.0__react@19.0.0/node_modules/next/dist/client/components/react-dev-overlay/app/hot-reloader-client.js:241
[   25428ms] [LOG] [Fast Refresh] done in 47ms @ webpack-internal:///(app-pages-browser)/./node_modules/.pnpm/next@15.2.6_react-dom@19.0.0_react@19.0.0__react@19.0.0/node_modules/next/dist/client/components/react-dev-overlay/app/hot-reloader-client.js:73
[   25431ms] [LOG] [Fast Refresh] rebuilding @ webpack-internal:///(app-pages-browser)/./node_modules/.pnpm/next@15.2.6_react-dom@19.0.0_react@19.0.0__react@19.0.0/node_modules/next/dist/client/components/react-dev-overlay/app/hot-reloader-client.js:241
[   25476ms] [LOG] [Fast Refresh] done in 46ms @ webpack-internal:///(app-pages-browser)/./node_modules/.pnpm/next@15.2.6_react-dom@19.0.0_react@19.0.0__react@19.0.0/node_modules/next/dist/client/components/react-dev-overlay/app/hot-reloader-client.js:73
[   25480ms] [LOG] [Fast Refresh] rebuilding @ webpack-internal:///(app-pages-browser)/./node_modules/.pnpm/next@15.2.6_react-dom@19.0.0_react@19.0.0__react@19.0.0/node_modules/next/dist/client/components/react-dev-overlay/app/hot-reloader-client.js:241
